"STATION","DATE","LATITUDE","LONGITUDE","ELEVATION","NAME","TEMP","TEMP_ATTRIBUTES","DEWP","DEWP_ATTRIBUTES","SLP","SLP_ATTRIBUTES","STP","STP_ATTRIBUTES","VISIB","VISIB_ATTRIBUTES","WDSP","WDSP_ATTRIBUTES","MXSPD","GUST","MAX","MAX_ATTRIBUTES","MIN","MIN_ATTRIBUTES","PRCP","PRCP_ATTRIBUTES","SNDP","FRSHTT"
"48831099999","2020-01-01","21.6","105.8333333","32.0","THAI NGUYEN, VM","  71.1"," 4","  62.9"," 4","1022.6"," 4","018.8"," 4"," 11.8"," 4","999.9"," 0","999.9","999.9","  75.9","*","  66.9"," "," 0.00","G","999.9","000000"
"48831099999","2020-01-03","21.6","105.8333333","32.0","THAI NGUYEN, VM","  73.0"," 4","  66.2"," 4","1019.2"," 4","015.4"," 4","  9.9"," 4","999.9"," 0","999.9","999.9","  78.1","*","  68.5"," "," 0.00","G","999.9","000000"
"48831099999","2020-01-04","21.6","105.8333333","32.0","THAI NGUYEN, VM","  69.9"," 4","  67.1"," 4","1017.9"," 4","014.1"," 4","  7.1"," 4","999.9"," 0","999.9","999.9","  72.3","*","  68.0","*"," 0.08","G","999.9","010000"
"48831099999","2020-01-05","21.6","105.8333333","32.0","THAI NGUYEN, VM","  71.6"," 4","  65.9"," 4","1016.5"," 4","012.7"," 4","  9.9"," 4","999.9"," 0","999.9","999.9","  77.5"," ","  67.5"," "," 0.01","G","999.9","010000"
"48831099999","2020-01-07","21.6","105.8333333","32.0","THAI NGUYEN, VM","  72.3"," 4","  68.9"," 4","1015.7"," 4","012.0"," 4","  9.3"," 4","999.9"," 0","999.9","999.9","  76.6"," ","  68.5"," "," 0.03","G","999.9","010000"
"48831099999","2020-01-09","21.6","105.8333333","32.0","THAI NGUYEN, VM","  74.1"," 4","  67.6"," 4","1013.4"," 4","009.7"," 4","  8.7"," 4","999.9"," 0","999.9","999.9","  81.5"," ","  67.8"," "," 0.00","G","999.9","000000"
"48831099999","2020-01-10","21.6","105.8333333","32.0","THAI NGUYEN, VM","  74.8"," 4","  68.1"," 4","1012.1"," 4","008.4"," 4","  9.3"," 4","  4.4"," 4","  5.8","999.9","  81.9"," ","  70.7","*"," 0.00","G","999.9","000000"
"48831099999","2020-01-12","21.6","105.8333333","32.0","THAI NGUYEN, VM","  62.6"," 4","  52.6"," 4","1017.2"," 4","013.5"," 4"," 21.7"," 4","999.9"," 0","999.9","999.9","  66.2"," ","  59.2"," "," 0.00","G","999.9","000000"
"48831099999","2020-01-13","21.6","105.8333333","32.0","THAI NGUYEN, VM","  62.1"," 4","  59.5"," 4","1015.1"," 4","011.3"," 4","  3.4"," 4","999.9"," 0","999.9","999.9","  64.4"," ","  59.4"," "," 0.01","G","999.9","010000"
"48831099999","2020-01-14","21.6","105.8333333","32.0","THAI NGUYEN, VM","  68.4"," 4","  65.5"," 4","1013.6"," 4","009.8"," 4","  8.7"," 4","999.9"," 0","999.9","999.9","  72.0"," ","  63.1"," "," 0.01","G","999.9","000000"
"48831099999","2020-01-15","21.6","105.8333333","32.0","THAI NGUYEN, VM","  72.8"," 4","  67.0"," 4","1012.4"," 4","008.7"," 4","  9.3"," 4","  5.3"," 4","  5.8","999.9","  77.0"," ","  70.2"," "," 0.02","G","999.9","000000"
"48831099999","2020-01-16","21.6","105.8333333","32.0","THAI NGUYEN, VM","  71.1"," 4","  64.1"," 4","1015.1"," 4","011.4"," 4"," 11.8"," 4","999.9"," 0","999.9","999.9","  79.3"," ","  63.0","*"," 0.00","G","999.9","010000"
"48831099999","2020-01-17","21.6","105.8333333","32.0","THAI NGUYEN, VM","  58.6"," 4","  53.4"," 4","1019.1"," 4","015.3"," 4","  8.4"," 4","999.9"," 0","999.9","999.9","  61.0"," ","  56.5","*"," 0.02","A","999.9","010000"
"48831099999","2020-01-18","21.6","105.8333333","32.0","THAI NGUYEN, VM","  57.9"," 4","  55.2"," 4","1017.6"," 4","013.7"," 4","  5.0"," 4","999.9"," 0","999.9","999.9","  59.4"," ","  56.3"," "," 0.03","F","999.9","010000"
"48831099999","2020-01-19","21.6","105.8333333","32.0","THAI NGUYEN, VM","  58.6"," 4","  50.7"," 4","1020.3"," 4","016.4"," 4"," 12.4"," 4","  2.9"," 4","  5.8","999.9","  61.3"," ","  56.7"," "," 0.02","G","999.9","000000"
"48831099999","2020-01-22","21.6","105.8333333","32.0","THAI NGUYEN, VM","  70.1"," 4","  68.3"," 4","1014.7"," 4","010.9"," 4","  3.0"," 4","999.9"," 0","999.9","999.9","  73.8"," ","  66.9"," "," 0.02","G","999.9","100000"
"48831099999","2020-01-23","21.6","105.8333333","32.0","THAI NGUYEN, VM","  73.6"," 4","  68.3"," 4","1014.1"," 4","010.4"," 4","  8.4"," 4","  4.9"," 4","  7.8","999.9","  79.3"," ","  70.2"," "," 0.00","G","999.9","000000"
"48831099999","2020-01-24","21.6","105.8333333","32.0","THAI NGUYEN, VM","  70.0"," 4","  68.5"," 4","1013.6"," 4","009.9"," 4","  6.8"," 4","999.9"," 0","999.9","999.9","  74.3"," ","  69.1","*"," 1.61","G","999.9","010010"
"48831099999","2020-01-25","21.6","105.8333333","32.0","THAI NGUYEN, VM","  60.1"," 4","  56.4"," 4","1015.5"," 4","011.7"," 4"," 13.4"," 4","999.9"," 0","999.9","999.9","  68.7"," ","  55.2","*"," 0.43","G","999.9","010010"
"48831099999","2020-01-26","21.6","105.8333333","32.0","THAI NGUYEN, VM","  60.6"," 4","  49.1"," 4","1017.3"," 4","013.5"," 4"," 21.7"," 4","999.9"," 0","999.9","999.9","  67.5"," ","  54.3"," "," 0.00","G","999.9","000000"
"48831099999","2020-01-27","21.6","105.8333333","32.0","THAI NGUYEN, VM","  58.1"," 4","  45.1"," 4","1017.2"," 4","013.3"," 4"," 17.1"," 4","999.9"," 0","999.9","999.9","  61.0"," ","  54.9"," "," 0.00","G","999.9","000000"
"48831099999","2020-01-28","21.6","105.8333333","32.0","THAI NGUYEN, VM","  57.7"," 4","  45.0"," 4","1019.2"," 4","015.3"," 4","  9.3"," 4","  5.3"," 4","  5.8","999.9","  60.8"," ","  55.6"," "," 0.00","G","999.9","000000"
"48831099999","2020-01-29","21.6","105.8333333","32.0","THAI NGUYEN, VM","  57.4"," 4","  47.8"," 4","1022.2"," 4","018.4"," 4"," 11.8"," 4","999.9"," 0","999.9","999.9","  59.4","*","  55.8","*"," 0.00","G","999.9","000000"
"48831099999","2020-01-30","21.6","105.8333333","32.0","THAI NGUYEN, VM","  59.3"," 4","  46.7"," 4","1021.0"," 4","017.2"," 4"," 12.4"," 4","999.9"," 0","999.9","999.9","  67.3","*","  51.4"," "," 0.00","G","999.9","000000"
"48831099999","2020-01-31","21.6","105.8333333","32.0","THAI NGUYEN, VM","  60.4"," 4","  50.5"," 4","1019.2"," 4","015.3"," 4"," 11.8"," 4","999.9"," 0","999.9","999.9","  66.2","*","  51.1"," "," 0.00","G","999.9","000000"
"48831099999","2020-02-01","21.6","105.8333333","32.0","THAI NGUYEN, VM","  59.5"," 4","  57.6"," 4","1018.8"," 4","014.9"," 4","  7.8"," 4","999.9"," 0","999.9","999.9","  60.3","*","  58.3","*"," 0.09","G","999.9","010000"
"48831099999","2020-02-02","21.6","105.8333333","32.0","THAI NGUYEN, VM","  62.8"," 4","  61.5"," 4","1018.0"," 4","014.2"," 4","  4.3"," 4","999.9"," 0","999.9","999.9","  64.8","*","  59.4"," "," 0.02","G","999.9","010000"
"48831099999","2020-02-03","21.6","105.8333333","32.0","THAI NGUYEN, VM","  62.2"," 4","  60.4"," 4","1017.5"," 4","013.6"," 4","  5.7"," 4","999.9"," 0","999.9","999.9","  66.9"," ","  57.2","*"," 0.24","G","999.9","110000"
"48831099999","2020-02-04","21.6","105.8333333","32.0","THAI NGUYEN, VM","  57.7"," 4","  55.2"," 4","1019.5"," 4","015.6"," 4","  8.7"," 4","999.9"," 0","999.9","999.9","  58.5"," ","  56.1"," "," 0.55","G","999.9","010000"
"48831099999","2020-02-05","21.6","105.8333333","32.0","THAI NGUYEN, VM","  58.1"," 4","  56.5"," 4","1017.7"," 4","013.8"," 4","  8.1"," 4","999.9"," 0","999.9","999.9","  59.0"," ","  56.3"," "," 0.08","G","999.9","010000"
"48831099999","2020-02-06","21.6","105.8333333","32.0","THAI NGUYEN, VM","  62.9"," 4","  61.7"," 4","1015.7"," 4","011.9"," 4","  4.3"," 4","999.9"," 0","999.9","999.9","  65.1"," ","  58.3"," "," 0.04","G","999.9","000000"
"48831099999","2020-02-07","21.6","105.8333333","32.0","THAI NGUYEN, VM","  65.9"," 4","  64.4"," 4","1018.2"," 4","014.3"," 4","  6.2"," 4","999.9"," 0","999.9","999.9","  69.8"," ","  63.7"," "," 0.15","G","999.9","010000"
"48831099999","2020-02-08","21.6","105.8333333","32.0","THAI NGUYEN, VM","  61.2"," 4","  57.6"," 4","1022.7"," 4","018.8"," 4","  9.6"," 4","  3.9"," 4","  3.9","999.9","  64.8"," ","  59.4","*"," 0.22","G","999.9","010000"
"48831099999","2020-02-09","21.6","105.8333333","32.0","THAI NGUYEN, VM","  59.9"," 4","  51.7"," 4","1025.2"," 4","021.3"," 4"," 12.4"," 4","  5.3"," 4","  7.8","999.9","  62.4"," ","  59.0","*"," 0.00","G","999.9","000000"
"48831099999","2020-02-10","21.6","105.8333333","32.0","THAI NGUYEN, VM","  61.6"," 4","  56.6"," 4","1020.4"," 4","016.6"," 4","  9.9"," 4","999.9"," 0","999.9","999.9","  64.0","*","  57.0"," "," 0.00","G","999.9","000000"
"48831099999","2020-02-11","21.6","105.8333333","32.0","THAI NGUYEN, VM","  64.2"," 4","  62.0"," 4","1017.4"," 4","013.5"," 4","  6.8"," 4","999.9"," 0","999.9","999.9","  65.3","*","  61.5"," "," 0.00","G","999.9","010000"
"48831099999","2020-02-12","21.6","105.8333333","32.0","THAI NGUYEN, VM","  70.4"," 4","  67.6"," 4","1013.5"," 4","009.8"," 4","  8.1"," 4","999.9"," 0","999.9","999.9","  73.4","*","  64.6"," "," 0.07","G","999.9","010010"
"48831099999","2020-02-13","21.6","105.8333333","32.0","THAI NGUYEN, VM","  71.6"," 4","  70.7"," 4","1008.8"," 4","005.1"," 4","  3.8"," 4","999.9"," 0","999.9","999.9","  72.3","*","  70.0"," "," 0.06","G","999.9","110000"
"48831099999","2020-02-14","21.6","105.8333333","32.0","THAI NGUYEN, VM","  74.5"," 4","  71.6"," 4","1007.0"," 4","003.2"," 4","  8.4"," 4","999.9"," 0","999.9","999.9","  77.2","*","  71.2"," "," 0.04","G","999.9","000000"
"48831099999","2020-02-15","21.6","105.8333333","32.0","THAI NGUYEN, VM","  76.0"," 4","  67.6"," 4","1010.8"," 4","007.0"," 4","  7.5"," 4","999.9"," 0","999.9","999.9","  82.0","*","  70.0","*"," 0.00","G","999.9","000000"
"48831099999","2020-02-16","21.6","105.8333333","32.0","THAI NGUYEN, VM","  63.8"," 4","  44.4"," 4","1023.1"," 4","019.3"," 4"," 21.7"," 4","  4.4"," 4","  5.8","999.9","  66.6","*","  61.2","*"," 0.00","G","999.9","000000"
"48831099999","2020-02-17","21.6","105.8333333","32.0","THAI NGUYEN, VM","  64.0"," 4","  42.0"," 4","1026.0"," 4","022.1"," 4"," 21.7"," 4","999.9"," 0","999.9","999.9","  67.6","*","  60.4"," "," 0.00","G","999.9","000000"
"48831099999","2020-02-18","21.6","105.8333333","32.0","THAI NGUYEN, VM","  63.5"," 4","  44.9"," 4","1023.6"," 4","019.7"," 4"," 26.4"," 4","999.9"," 0","999.9","999.9","  68.4","*","  59.4"," "," 0.00","G","999.9","000000"
"48831099999","2020-02-19","21.6","105.8333333","32.0","THAI NGUYEN, VM","  63.2"," 4","  54.5"," 4","1021.1"," 4","017.2"," 4"," 12.4"," 4","999.9"," 0","999.9","999.9","  66.2","*","  57.7"," "," 0.00","G","999.9","000000"
"48831099999","2020-02-20","21.6","105.8333333","32.0","THAI NGUYEN, VM","  64.2"," 4","  60.5"," 4","1021.9"," 4","018.1"," 4","  6.8"," 4","999.9"," 0","999.9","999.9","  66.6","*","  60.4"," "," 0.02","G","999.9","010000"
"48831099999","2020-02-21","21.6","105.8333333","32.0","THAI NGUYEN, VM","  67.9"," 4","  64.1"," 4","1024.8"," 4","020.9"," 4","  5.9"," 4","999.9"," 0","999.9","999.9","  72.3","*","  64.0"," "," 0.00","G","999.9","000000"
"48831099999","2020-02-22","21.6","105.8333333","32.0","THAI NGUYEN, VM","  67.6"," 4","  62.4"," 4","1024.5"," 4","020.7"," 4","  7.0"," 4","999.9"," 0","999.9","999.9","  72.7","*","  61.9"," "," 0.00","G","999.9","000000"
"48831099999","2020-02-23","21.6","105.8333333","32.0","THAI NGUYEN, VM","  68.9"," 4","  60.3"," 4","1021.5"," 4","017.7"," 4","  9.9"," 4","999.9"," 0","999.9","999.9","  77.0","*","  60.1"," "," 0.00","G","999.9","000000"
"48831099999","2020-02-24","21.6","105.8333333","32.0","THAI NGUYEN, VM","  70.7"," 4","  63.4"," 4","1017.3"," 4","013.6"," 4","  9.9"," 4","999.9"," 0","999.9","999.9","  76.1","*","  63.1"," "," 0.00","G","999.9","000000"
"48831099999","2020-02-25","21.6","105.8333333","32.0","THAI NGUYEN, VM","  70.8"," 4","  65.7"," 4","1016.2"," 4","012.4"," 4","  7.5"," 4","999.9"," 0","999.9","999.9","  73.0","*","  68.2"," "," 0.00","G","999.9","000000"
"48831099999","2020-02-26","21.6","105.8333333","32.0","THAI NGUYEN, VM","  72.3"," 4","  65.6"," 4","1017.0"," 4","013.2"," 4","  9.9"," 4","999.9"," 0","999.9","999.9","  76.3","*","  66.9"," "," 0.00","G","999.9","000000"
"48831099999","2020-02-27","21.6","105.8333333","32.0","THAI NGUYEN, VM","  75.3"," 4","  65.8"," 4","1016.2"," 4","012.4"," 4"," 12.4"," 4","999.9"," 0","999.9","999.9","  81.5","*","  68.7"," "," 0.00","G","999.9","000000"
"48831099999","2020-02-28","21.6","105.8333333","32.0","THAI NGUYEN, VM","  74.6"," 4","  67.4"," 4","1014.2"," 4","010.5"," 4","  9.9"," 4","  3.4"," 4","  5.8","999.9","  79.5","*","  70.5"," "," 0.00","G","999.9","000000"
"48831099999","2020-02-29","21.6","105.8333333","32.0","THAI NGUYEN, VM","  74.7"," 4","  67.8"," 4","1012.2"," 4","008.5"," 4"," 11.8"," 4","  4.4"," 4","  5.8","999.9","  78.3","*","  70.5"," "," 0.00","G","999.9","000000"
"48831099999","2020-03-01","21.6","105.8333333","32.0","THAI NGUYEN, VM","  75.4"," 4","  69.8"," 4","1012.1"," 4","008.4"," 4"," 12.4"," 4","999.9"," 0","999.9","999.9","  78.1","*","  72.1"," "," 0.00","G","999.9","000000"
"48831099999","2020-03-02","21.6","105.8333333","32.0","THAI NGUYEN, VM","  74.5"," 4","  69.5"," 4","1012.9"," 4","009.2"," 4"," 10.9"," 4","  3.4"," 4","  3.9","999.9","  76.8","*","  72.3","*"," 0.01","G","999.9","010000"
"48831099999","2020-03-03","21.6","105.8333333","32.0","THAI NGUYEN, VM","  73.2"," 4","  69.1"," 4","1013.2"," 4","009.5"," 4","  8.7"," 4","999.9"," 0","999.9","999.9","  76.3","*","  71.1"," "," 0.46","G","999.9","000000"
"48831099999","2020-03-04","21.6","105.8333333","32.0","THAI NGUYEN, VM","  64.2"," 4","  59.1"," 4","1017.7"," 4","013.9"," 4"," 12.4"," 4","999.9"," 0","999.9","999.9","  65.1","*","  63.1","*"," 1.81","G","999.9","010000"
"48831099999","2020-03-05","21.6","105.8333333","32.0","THAI NGUYEN, VM","  62.2"," 4","  57.8"," 4","1017.7"," 4","013.9"," 4"," 10.9"," 4","999.9"," 0","999.9","999.9","  64.0","*","  59.2"," "," 0.02","G","999.9","010000"
"48831099999","2020-03-06","21.6","105.8333333","32.0","THAI NGUYEN, VM","  68.0"," 4","  63.8"," 4","1012.6"," 4","008.9"," 4"," 11.8"," 4","999.9"," 0","999.9","999.9","  70.5","*","  60.4"," "," 0.04","G","999.9","000000"
"48831099999","2020-03-07","21.6","105.8333333","32.0","THAI NGUYEN, VM","  71.0"," 4","  67.3"," 4","1009.5"," 4","005.7"," 4"," 10.3"," 4","999.9"," 0","999.9","999.9","  73.6","*","  66.7"," "," 0.02","G","999.9","010000"
"48831099999","2020-03-08","21.6","105.8333333","32.0","THAI NGUYEN, VM","  75.7"," 4","  71.0"," 4","1004.0"," 4","000.3"," 4","  9.9"," 4","999.9"," 0","999.9","999.9","  79.5","*","  69.8"," "," 0.01","G","999.9","010000"
"48831099999","2020-03-09","21.6","105.8333333","32.0","THAI NGUYEN, VM","  79.1"," 4","  70.7"," 4","1004.2"," 4","000.6"," 4","  9.9"," 4","999.9"," 0","999.9","999.9","  85.5","*","  72.1"," "," 0.00","G","999.9","000000"
"48831099999","2020-03-10","21.6","105.8333333","32.0","THAI NGUYEN, VM","  75.3"," 4","  61.8"," 4","1013.7"," 4","010.0"," 4"," 12.4"," 4","999.9"," 0","999.9","999.9","  78.4","*","  71.6"," "," 0.00","G","999.9","000000"
"48831099999","2020-03-11","21.6","105.8333333","32.0","THAI NGUYEN, VM","  71.5"," 4","  61.7"," 4","1013.6"," 4","009.8"," 4","  9.9"," 4","999.9"," 0","999.9","999.9","  74.8","*","  68.0","*"," 0.00","A","999.9","000000"
"48831099999","2020-03-12","21.6","105.8333333","32.0","THAI NGUYEN, VM","  72.0"," 4","  69.3"," 4","1011.2"," 4","007.4"," 4","  7.5"," 4","999.9"," 0","999.9","999.9","  73.6","*","  67.6"," "," 0.02","G","999.9","010000"
"48831099999","2020-03-13","21.6","105.8333333","32.0","THAI NGUYEN, VM","  77.2"," 4","  73.9"," 4","1012.2"," 4","008.5"," 4"," 10.3"," 4","999.9"," 0","999.9","999.9","  80.1","*","  72.3"," "," 0.05","G","999.9","010000"
"48831099999","2020-03-14","21.6","105.8333333","32.0","THAI NGUYEN, VM","  72.3"," 4","  63.2"," 4","1016.8"," 4","013.0"," 4"," 12.4"," 4","999.9"," 0","999.9","999.9","  74.3"," ","  70.2","*"," 0.10","G","999.9","000000"
"48831099999","2020-03-15","21.6","105.8333333","32.0","THAI NGUYEN, VM","  68.0"," 4","  62.6"," 4","1016.7"," 4","012.9"," 4","  9.9"," 4","999.9"," 0","999.9","999.9","  70.2"," ","  66.2","*"," 0.00","G","999.9","010000"
"48831099999","2020-03-16","21.6","105.8333333","32.0","THAI NGUYEN, VM","  68.6"," 4","  67.7"," 4","1015.1"," 4","011.3"," 4","  2.5"," 4","999.9"," 0","999.9","999.9","  69.8","*","  66.0"," "," 0.04","G","999.9","010000"
"48831099999","2020-03-17","21.6","105.8333333","32.0","THAI NGUYEN, VM","  69.9"," 4","  68.7"," 4","1014.6"," 4","010.9"," 4","  2.5"," 4","999.9"," 0","999.9","999.9","  73.9"," ","  65.8","*"," 0.31","G","999.9","010010"
"48831099999","2020-03-18","21.6","105.8333333","32.0","THAI NGUYEN, VM","  64.7"," 4","  62.6"," 4","1013.5"," 4","009.7"," 4","  7.8"," 4","999.9"," 0","999.9","999.9","  66.2"," ","  63.9","*"," 0.71","G","999.9","010000"
"48831099999","2020-03-19","21.6","105.8333333","32.0","THAI NGUYEN, VM","  67.0"," 4","  64.0"," 4","1014.7"," 4","010.9"," 4"," 11.8"," 4","999.9"," 0","999.9","999.9","  68.9"," ","  63.9"," "," 0.14","G","999.9","010000"
"48831099999","2020-03-20","21.6","105.8333333","32.0","THAI NGUYEN, VM","  71.1"," 4","  66.4"," 4","1012.1"," 4","008.4"," 4"," 12.4"," 4","999.9"," 0","999.9","999.9","  77.5"," ","  66.2"," "," 0.00","G","999.9","000000"
"48831099999","2020-03-21","21.6","105.8333333","32.0","THAI NGUYEN, VM","  74.9"," 4","  71.6"," 4","1010.2"," 4","006.5"," 4"," 10.3"," 4","999.9"," 0","999.9","999.9","  78.8"," ","  69.4"," "," 0.11","G","999.9","010000"
"48831099999","2020-03-22","21.6","105.8333333","32.0","THAI NGUYEN, VM","  77.0"," 4","  73.8"," 4","1011.5"," 4","007.8"," 4","  8.7"," 4","  3.9"," 4","  5.8","999.9","  83.5"," ","  74.3"," "," 0.10","G","999.9","010000"
"48831099999","2020-03-23","21.6","105.8333333","32.0","THAI NGUYEN, VM","  75.1"," 4","  71.8"," 4","1011.9"," 4","008.2"," 4","  7.8"," 4","999.9"," 0","999.9","999.9","  82.0"," ","  70.9"," "," 1.00","G","999.9","010010"
"48831099999","2020-03-24","21.6","105.8333333","32.0","THAI NGUYEN, VM","  78.0"," 4","  70.6"," 4","1010.1"," 4","006.4"," 4"," 11.8"," 4","  5.3"," 4","  7.8","999.9","  84.7"," ","  72.7"," "," 0.00","G","999.9","000000"
"48831099999","2020-03-25","21.6","105.8333333","32.0","THAI NGUYEN, VM","  77.4"," 4","  72.9"," 4","1009.3"," 4","005.6"," 4","  8.7"," 4","  4.9"," 4","  5.8","999.9","  81.5"," ","  74.1"," "," 0.28","G","999.9","010000"
"48831099999","2020-03-26","21.6","105.8333333","32.0","THAI NGUYEN, VM","  78.9"," 4","  74.7"," 4","1008.5"," 4","004.8"," 4"," 12.4"," 4","  5.3"," 4","  7.8","999.9","  83.3"," ","  75.7"," "," 0.01","G","999.9","000000"
"48831099999","2020-03-27","21.6","105.8333333","32.0","THAI NGUYEN, VM","  79.9"," 4","  74.8"," 4","1008.0"," 4","004.3"," 4"," 12.4"," 4","999.9"," 0","999.9","999.9","  84.6"," ","  76.8"," "," 0.00","G","999.9","000000"
"48831099999","2020-03-28","21.6","105.8333333","32.0","THAI NGUYEN, VM","  76.7"," 4","  72.5"," 4","1009.6"," 4","005.9"," 4"," 10.3"," 4","999.9"," 0","999.9","999.9","  81.5"," ","  72.1","*"," 0.00","G","999.9","010000"
"48831099999","2020-03-29","21.6","105.8333333","32.0","THAI NGUYEN, VM","  76.4"," 4","  73.4"," 4","1007.2"," 4","003.5"," 4","  7.8"," 4","999.9"," 0","999.9","999.9","  79.0"," ","  71.1"," "," 0.02","G","999.9","010000"
"48831099999","2020-03-30","21.6","105.8333333","32.0","THAI NGUYEN, VM","  64.3"," 4","  60.8"," 4","1009.5"," 4","005.7"," 4","  7.8"," 4","999.9"," 0","999.9","999.9","  67.8"," ","  62.2","*"," 0.05","G","999.9","010000"
"48831099999","2020-03-31","21.6","105.8333333","32.0","THAI NGUYEN, VM","  65.4"," 4","  58.7"," 4","1013.1"," 4","009.3"," 4","  9.9"," 4","999.9"," 0","999.9","999.9","  68.0"," ","  62.2"," "," 0.03","G","999.9","010000"
"48831099999","2020-04-01","21.6","105.8333333","32.0","THAI NGUYEN, VM","  65.9"," 4","  61.2"," 4","1012.5"," 4","008.7"," 4","  9.9"," 4","999.9"," 0","999.9","999.9","  68.5"," ","  63.5"," "," 0.00","G","999.9","010000"
"48831099999","2020-04-02","21.6","105.8333333","32.0","THAI NGUYEN, VM","  66.5"," 4","  65.3"," 4","1011.4"," 4","007.6"," 4","  3.4"," 4","999.9"," 0","999.9","999.9","  68.0","*","  63.9"," "," 0.06","G","999.9","010000"
"48831099999","2020-04-03","21.6","105.8333333","32.0","THAI NGUYEN, VM","  67.1"," 4","  66.3"," 4","1013.0"," 4","009.2"," 4","  4.3"," 4","999.9"," 0","999.9","999.9","  69.3"," ","  64.8","*"," 0.29","G","999.9","010000"
"48831099999","2020-04-04","21.6","105.8333333","32.0","THAI NGUYEN, VM","  65.3"," 4","  61.2"," 4","1017.2"," 4","013.5"," 4"," 10.3"," 4","  2.9"," 4","  3.9","999.9","  67.5"," ","  63.7"," "," 0.35","G","999.9","010010"
"48831099999","2020-04-05","21.6","105.8333333","32.0","THAI NGUYEN, VM","  63.0"," 4","  57.7"," 4","1018.2"," 4","014.4"," 4"," 15.5"," 4","999.9"," 0","999.9","999.9","  65.1"," ","  60.4","*"," 0.17","G","999.9","010010"
"48831099999","2020-04-06","21.6","105.8333333","32.0","THAI NGUYEN, VM","  64.7"," 4","  59.9"," 4","1015.5"," 4","011.7"," 4"," 16.5"," 4","999.9"," 0","999.9","999.9","  66.4","*","  59.9"," "," 0.27","G","999.9","010000"
"48831099999","2020-04-07","21.6","105.8333333","32.0","THAI NGUYEN, VM","  69.2"," 4","  61.5"," 4","1014.5"," 4","010.8"," 4"," 11.8"," 4","999.9"," 0","999.9","999.9","  73.8","*","  63.1"," "," 0.26","G","999.9","010000"
"48831099999","2020-04-08","21.6","105.8333333","32.0","THAI NGUYEN, VM","  71.4"," 4","  65.8"," 4","1015.1"," 4","011.4"," 4","  9.9"," 4","999.9"," 0","999.9","999.9","  76.6"," ","  67.1"," "," 0.00","G","999.9","000000"
"48831099999","2020-04-09","21.6","105.8333333","32.0","THAI NGUYEN, VM","  73.9"," 4","  66.7"," 4","1015.0"," 4","011.3"," 4","  9.9"," 4","999.9"," 0","999.9","999.9","  79.9"," ","  69.1"," "," 0.00","G","999.9","000000"
"48831099999","2020-04-10","21.6","105.8333333","32.0","THAI NGUYEN, VM","  75.1"," 4","  69.8"," 4","1013.7"," 4","010.0"," 4"," 10.9"," 4","999.9"," 0","999.9","999.9","  79.9"," ","  70.7"," "," 0.00","G","999.9","000000"
"48831099999","2020-04-11","21.6","105.8333333","32.0","THAI NGUYEN, VM","  76.7"," 4","  72.7"," 4","1012.9"," 4","009.2"," 4","  7.5"," 4","999.9"," 0","999.9","999.9","  81.5"," ","  72.7"," "," 0.01","G","999.9","000000"
"48831099999","2020-04-12","21.6","105.8333333","32.0","THAI NGUYEN, VM","  66.8"," 4","  59.9"," 4","1019.1"," 4","015.3"," 4","  9.3"," 4","999.9"," 0","999.9","999.9","  71.6","*","  63.0","*"," 0.33","G","999.9","010000"
"48831099999","2020-04-13","21.6","105.8333333","32.0","THAI NGUYEN, VM","  61.4"," 4","  57.5"," 4","1020.5"," 4","016.7"," 4","  6.2"," 4","999.9"," 0","999.9","999.9","  63.5"," ","  59.2","*"," 0.13","G","999.9","010000"
"48831099999","2020-04-14","21.6","105.8333333","32.0","THAI NGUYEN, VM","  67.7"," 4","  57.0"," 4","1015.9"," 4","012.2"," 4"," 17.1"," 4","999.9"," 0","999.9","999.9","  75.7"," ","  58.6"," "," 0.00","G","999.9","000000"
"48831099999","2020-04-15","21.6","105.8333333","32.0","THAI NGUYEN, VM","  71.7"," 4","  64.0"," 4","1012.3"," 4","008.6"," 4"," 12.4"," 4","999.9"," 0","999.9","999.9","  77.5"," ","  64.8"," "," 0.00","G","999.9","000000"
"48831099999","2020-04-16","21.6","105.8333333","32.0","THAI NGUYEN, VM","  73.0"," 4","  70.8"," 4","1010.6"," 4","006.9"," 4","  5.0"," 4","999.9"," 0","999.9","999.9","  73.9","*","  71.1"," "," 0.00","G","999.9","010000"
"48831099999","2020-04-17","21.6","105.8333333","32.0","THAI NGUYEN, VM","  75.1"," 4","  73.6"," 4","1011.0"," 4","007.2"," 4","  4.3"," 4","999.9"," 0","999.9","999.9","  75.7","*","  72.9"," "," 0.15","G","999.9","010000"
"48831099999","2020-04-18","21.6","105.8333333","32.0","THAI NGUYEN, VM","  78.2"," 4","  74.4"," 4","1009.2"," 4","005.5"," 4"," 10.3"," 4","999.9"," 0","999.9","999.9","  81.0","*","  73.6"," "," 0.01","G","999.9","000000"
"48831099999","2020-04-19","21.6","105.8333333","32.0","THAI NGUYEN, VM","  78.2"," 4","  75.2"," 4","1009.4"," 4","005.7"," 4","  7.8"," 4","999.9"," 0","999.9","999.9","  79.5","*","  77.0"," "," 0.00","G","999.9","000000"
"48831099999","2020-04-20","21.6","105.8333333","32.0","THAI NGUYEN, VM","  80.4"," 4","  75.6"," 4","1009.3"," 4","005.7"," 4","  8.4"," 4","999.9"," 0","999.9","999.9","  84.2","*","  76.1"," "," 0.00","G","999.9","000000"
"48831099999","2020-04-21","21.6","105.8333333","32.0","THAI NGUYEN, VM","  80.2"," 4","  76.7"," 4","1008.4"," 4","004.7"," 4","  7.5"," 4","999.9"," 0","999.9","999.9","  84.2","*","  77.4","*"," 0.00","G","999.9","010000"
"48831099999","2020-04-22","21.6","105.8333333","32.0","THAI NGUYEN, VM","  74.2"," 4","  71.7"," 4","1011.1"," 4","007.4"," 4","  8.4"," 4","999.9"," 0","999.9","999.9","  76.8","*","  69.1","*"," 1.18","G","999.9","010000"
"48831099999","2020-04-23","21.6","105.8333333","32.0","THAI NGUYEN, VM","  67.5"," 4","  62.2"," 4","1017.2"," 4","013.5"," 4","  5.1"," 4","  5.3"," 4","  7.8","999.9","  72.1","*","  62.6","*"," 3.13","G","999.9","010010"
"48831099999","2020-04-24","21.6","105.8333333","32.0","THAI NGUYEN, VM","  63.9"," 4","  59.9"," 4","1020.6"," 4","016.8"," 4"," 10.3"," 4","999.9"," 0","999.9","999.9","  65.5","*","  61.5"," "," 0.74","G","999.9","010000"
"48831099999","2020-04-25","21.6","105.8333333","32.0","THAI NGUYEN, VM","  66.6"," 4","  60.8"," 4","1019.6"," 4","015.8"," 4"," 14.9"," 4","999.9"," 0","999.9","999.9","  69.8","*","  62.1"," "," 0.11","G","999.9","010000"
"48831099999","2020-04-26","21.6","105.8333333","32.0","THAI NGUYEN, VM","  68.4"," 4","  62.9"," 4","1019.1"," 4","015.3"," 4","  9.3"," 4","999.9"," 0","999.9","999.9","  73.6","*","  64.9"," "," 0.01","G","999.9","010000"
"48831099999","2020-04-27","21.6","105.8333333","32.0","THAI NGUYEN, VM","  74.8"," 4","  63.1"," 4","1016.3"," 4","012.6"," 4"," 21.7"," 4","999.9"," 0","999.9","999.9","  82.8","*","  63.3"," "," 0.00","G","999.9","000000"
"48831099999","2020-04-28","21.6","105.8333333","32.0","THAI NGUYEN, VM","  77.9"," 4","  64.4"," 4","1014.8"," 4","011.1"," 4"," 17.1"," 4","999.9"," 0","999.9","999.9","  87.1","*","  67.6"," "," 0.00","G","999.9","000000"
"48831099999","2020-04-29","21.6","105.8333333","32.0","THAI NGUYEN, VM","  77.9"," 4","  67.8"," 4","1014.2"," 4","010.5"," 4"," 12.4"," 4","999.9"," 0","999.9","999.9","  84.6","*","  70.2"," "," 0.00","G","999.9","000000"
"48831099999","2020-04-30","21.6","105.8333333","32.0","THAI NGUYEN, VM","  77.8"," 4","  70.4"," 4","1012.3"," 4","008.6"," 4"," 12.4"," 4","999.9"," 0","999.9","999.9","  81.7","*","  72.5"," "," 0.00","G","999.9","000000"
"48831099999","2020-05-01","21.6","105.8333333","32.0","THAI NGUYEN, VM","  75.0"," 4","  72.9"," 4","1010.2"," 4","006.5"," 4","  9.3"," 4","999.9"," 0","999.9","999.9","  75.9","*","  73.8","*"," 0.37","G","999.9","010000"
"48831099999","2020-05-02","21.6","105.8333333","32.0","THAI NGUYEN, VM","  80.9"," 4","  73.4"," 4","1007.8"," 4","004.1"," 4"," 12.4"," 4","999.9"," 0","999.9","999.9","  86.7","*","  73.2"," "," 0.00","G","999.9","000000"
"48831099999","2020-05-03","21.6","105.8333333","32.0","THAI NGUYEN, VM","  81.4"," 4","  76.8"," 4","1007.3"," 4","003.6"," 4"," 11.8"," 4","999.9"," 0","999.9","999.9","  84.6","*","  77.2"," "," 0.00","G","999.9","010000"
"48831099999","2020-05-04","21.6","105.8333333","32.0","THAI NGUYEN, VM","  84.7"," 4","  77.8"," 4","1006.5"," 4","002.8"," 4"," 12.4"," 4","999.9"," 0","999.9","999.9","  89.8","*","  79.9"," "," 0.00","G","999.9","000000"
"48831099999","2020-05-05","21.6","105.8333333","32.0","THAI NGUYEN, VM","  83.2"," 4","  78.0"," 4","1005.4"," 4","001.8"," 4"," 11.8"," 4","999.9"," 0","999.9","999.9","  90.9"," ","  79.0"," "," 0.00","G","999.9","010000"
"48831099999","2020-05-06","21.6","105.8333333","32.0","THAI NGUYEN, VM","  83.4"," 4","  77.8"," 4","1004.9"," 4","001.3"," 4"," 12.4"," 4","999.9"," 0","999.9","999.9","  86.4","*","  78.6"," "," 0.00","G","999.9","000000"
"48831099999","2020-05-07","21.6","105.8333333","32.0","THAI NGUYEN, VM","  83.7"," 4","  78.4"," 4","1003.9"," 4","000.4"," 4"," 12.4"," 4","  4.9"," 4","  5.8","999.9","  86.4","*","  80.8"," "," 0.00","G","999.9","000000"
"48831099999","2020-05-08","21.6","105.8333333","32.0","THAI NGUYEN, VM","  82.8"," 4","  77.6"," 4","1004.5"," 4","000.9"," 4"," 10.9"," 4","999.9"," 0","999.9","999.9","  89.2","*","  74.8","*"," 0.00","G","999.9","000000"
"48831099999","2020-05-09","21.6","105.8333333","32.0","THAI NGUYEN, VM","  83.1"," 4","  76.6"," 4","1005.6"," 4","002.0"," 4"," 11.8"," 4","999.9"," 0","999.9","999.9","  88.2","*","  74.5"," "," 0.74","G","999.9","000000"
"48831099999","2020-05-10","21.6","105.8333333","32.0","THAI NGUYEN, VM","  86.7"," 4","  77.9"," 4","1006.4"," 4","002.7"," 4"," 12.4"," 4","999.9"," 0","999.9","999.9","  92.7","*","  81.0"," "," 0.00","G","999.9","000000"
"48831099999","2020-05-11","21.6","105.8333333","32.0","THAI NGUYEN, VM","  85.2"," 4","  78.1"," 4","1007.8"," 4","004.2"," 4"," 12.4"," 4","999.9"," 0","999.9","999.9","  88.7","*","  81.1"," "," 0.00","G","999.9","000000"
"48831099999","2020-05-12","21.6","105.8333333","32.0","THAI NGUYEN, VM","  80.4"," 4","  75.4"," 4","1010.2"," 4","006.5"," 4","  8.7"," 4","  3.4"," 4","  3.9","999.9","  82.6","*","  77.2"," "," 0.03","G","999.9","010010"
"48831099999","2020-05-13","21.6","105.8333333","32.0","THAI NGUYEN, VM","  79.5"," 4","  74.8"," 4","1008.8"," 4","005.2"," 4","  8.7"," 4","  4.4"," 4","  5.8","999.9","  88.9"," ","  75.2","*"," 0.06","G","999.9","010000"
"48831099999","2020-05-14","21.6","105.8333333","32.0","THAI NGUYEN, VM","  82.6"," 4","  73.4"," 4","1005.9"," 4","002.3"," 4"," 12.4"," 4","  5.3"," 4","  7.8","999.9","  87.8","*","  74.3"," "," 0.04","G","999.9","000000"
"48831099999","2020-05-15","21.6","105.8333333","32.0","THAI NGUYEN, VM","  82.4"," 4","  75.5"," 4","1003.6"," 4","000.0"," 4"," 10.9"," 4","999.9"," 0","999.9","999.9","  90.5","*","  72.1","*"," 0.00","G","999.9","000000"
"48831099999","2020-05-16","21.6","105.8333333","32.0","THAI NGUYEN, VM","  83.1"," 4","  76.7"," 4","1003.6"," 4","999.9"," 4"," 12.4"," 4","999.9"," 0","999.9","999.9","  89.2","*","  71.6"," "," 2.15","G","999.9","000000"
"48831099999","2020-05-17","21.6","105.8333333","32.0","THAI NGUYEN, VM","  81.1"," 4","  73.6"," 4","1002.9"," 4","999.2"," 4"," 10.9"," 4","999.9"," 0","999.9","999.9","  84.7","*","  73.8","*"," 0.00","G","999.9","010010"
"48831099999","2020-05-18","21.6","105.8333333","32.0","THAI NGUYEN, VM","  83.9"," 4","  74.3"," 4","1002.4"," 4","998.8"," 4"," 12.4"," 4","999.9"," 0","999.9","999.9","  88.9","*","  73.4"," "," 1.04","G","999.9","000000"
"48831099999","2020-05-19","21.6","105.8333333","32.0","THAI NGUYEN, VM","  83.7"," 4","  77.2"," 4","1002.5"," 4","998.9"," 4"," 12.4"," 4","999.9"," 0","999.9","999.9","  87.1","*","  79.2"," "," 0.02","G","999.9","000000"
"48831099999","2020-05-20","21.6","105.8333333","32.0","THAI NGUYEN, VM","  88.2"," 4","  80.2"," 4","1000.5"," 4","997.0"," 4"," 12.4"," 4","  3.9"," 4","  5.8","999.9","  93.6","*","  81.3"," "," 0.00","G","999.9","000000"
"48831099999","2020-05-21","21.6","105.8333333","32.0","THAI NGUYEN, VM","  91.9"," 4","  80.2"," 4"," 998.4"," 4","994.8"," 4"," 12.4"," 4","999.9"," 0","999.9","999.9","  96.8","*","  82.4"," "," 0.00","G","999.9","000000"
"48831099999","2020-05-22","21.6","105.8333333","32.0","THAI NGUYEN, VM","  87.6"," 4","  77.6"," 4","1002.9"," 4","999.3"," 4"," 15.5"," 4","999.9"," 0","999.9","999.9","  92.1","*","  81.3","*"," 0.00","G","999.9","010000"
"48831099999","2020-05-23","21.6","105.8333333","32.0","THAI NGUYEN, VM","  82.2"," 4","  76.0"," 4","1006.2"," 4","002.5"," 4"," 11.8"," 4","999.9"," 0","999.9","999.9","  87.4","*","  76.6"," "," 2.41","G","999.9","000010"
"48831099999","2020-05-24","21.6","105.8333333","32.0","THAI NGUYEN, VM","  84.3"," 4","  77.8"," 4","1006.4"," 4","002.8"," 4"," 11.8"," 4","999.9"," 0","999.9","999.9","  88.2","*","  77.4"," "," 0.04","G","999.9","000000"
"48831099999","2020-05-25","21.6","105.8333333","32.0","THAI NGUYEN, VM","  86.9"," 4","  79.2"," 4","1005.8"," 4","002.1"," 4"," 12.4"," 4","999.9"," 0","999.9","999.9","  91.9","*","  81.0","*"," 0.00","G","999.9","000000"
"48831099999","2020-05-26","21.6","105.8333333","32.0","THAI NGUYEN, VM","  80.3"," 4","  71.7"," 4","1009.5"," 4","005.8"," 4","  9.3"," 4","  3.4"," 4","  3.9","999.9","  86.5","*","  75.4"," "," 0.73","G","999.9","010010"
"48831099999","2020-05-27","21.6","105.8333333","32.0","THAI NGUYEN, VM","  78.9"," 4","  72.9"," 4","1009.9"," 4","006.2"," 4"," 12.4"," 4","999.9"," 0","999.9","999.9","  83.5","*","  73.6"," "," 0.54","G","999.9","000000"
"48831099999","2020-05-28","21.6","105.8333333","32.0","THAI NGUYEN, VM","  82.0"," 4","  74.4"," 4","1008.8"," 4","005.2"," 4"," 10.9"," 4","999.9"," 0","999.9","999.9","  84.9","*","  75.4"," "," 0.00","G","999.9","010000"
"48831099999","2020-05-29","21.6","105.8333333","32.0","THAI NGUYEN, VM","  84.4"," 4","  77.1"," 4","1006.0"," 4","002.4"," 4"," 12.4"," 4","999.9"," 0","999.9","999.9","  88.9","*","  78.8"," "," 0.00","G","999.9","000000"
"48831099999","2020-05-30","21.6","105.8333333","32.0","THAI NGUYEN, VM","  86.6"," 4","  77.9"," 4","1005.9"," 4","002.3"," 4"," 14.0"," 4","  3.4"," 4","  5.8","999.9","  92.3","*","  80.1"," "," 0.00","G","999.9","000000"
"48831099999","2020-05-31","21.6","105.8333333","32.0","THAI NGUYEN, VM","  87.2"," 4","  77.7"," 4","1005.7"," 4","002.1"," 4"," 12.4"," 4","999.9"," 0","999.9","999.9","  91.8","*","  81.3"," "," 0.00","G","999.9","000000"
"48831099999","2020-06-01","21.6","105.8333333","32.0","THAI NGUYEN, VM","  83.8"," 4","  75.6"," 4","1005.1"," 4","001.4"," 4"," 10.9"," 4","999.9"," 0","999.9","999.9","  96.8"," ","  77.9","*"," 0.45","G","999.9","010010"
"48831099999","2020-06-02","21.6","105.8333333","32.0","THAI NGUYEN, VM","  86.4"," 4","  76.7"," 4","1003.0"," 4","999.4"," 4"," 12.4"," 4","999.9"," 0","999.9","999.9","  93.2","*","  77.7"," "," 0.01","G","999.9","000000"
"48831099999","2020-06-03","21.6","105.8333333","32.0","THAI NGUYEN, VM","  87.9"," 4","  77.8"," 4","1003.3"," 4","999.7"," 4"," 12.4"," 4","999.9"," 0","999.9","999.9","  93.0","*","  82.8"," "," 0.00","G","999.9","000000"
"48831099999","2020-06-04","21.6","105.8333333","32.0","THAI NGUYEN, VM","  88.4"," 4","  78.1"," 4","1002.7"," 4","999.1"," 4"," 12.4"," 4","999.9"," 0","999.9","999.9","  97.2"," ","  83.3"," "," 0.00","G","999.9","000000"
