"STATION","DATE","LATITUDE","LONGITUDE","ELEVATION","NAME","TEMP","TEMP_ATTRIBUTES","DEWP","DEWP_ATTRIBUTES","SLP","SLP_ATTRIBUTES","STP","STP_ATTRIBUTES","VISIB","VISIB_ATTRIBUTES","WDSP","WDSP_ATTRIBUTES","MXSPD","GUST","MAX","MAX_ATTRIBUTES","MIN","MIN_ATTRIBUTES","PRCP","PRCP_ATTRIBUTES","SNDP","FRSHTT"
"03023099999","2019-01-01","57.3333333","-7.3666666","4.0","SOUTH UIST RANGE, UK","  43.1","24","  34.7","24","1037.6","24","037.1","24"," 14.3","24","  9.3","24"," 15.0","999.9","  46.6","*","  36.9","*"," 0.05","G","999.9","000000"
"03023099999","2019-01-02","57.3333333","-7.3666666","4.0","SOUTH UIST RANGE, UK","  39.5","24","  34.2","24","1042.4","24","041.9","24"," 17.7","24","  5.9","24"," 11.1","999.9","  43.2","*","  33.3"," "," 0.00","I","999.9","000000"
"03023099999","2019-01-03","57.3333333","-7.3666666","4.0","SOUTH UIST RANGE, UK","  44.6","24","  41.5","24","1038.4","24","037.9","24"," 19.7","24"," 10.4","24"," 14.0","999.9","  46.8","*","  37.0"," "," 0.00","I","999.9","000000"
"03023099999","2019-01-04","57.3333333","-7.3666666","4.0","SOUTH UIST RANGE, UK","  46.9","24","  42.6","24","1037.6","24","037.1","24"," 11.0","24"," 12.2","24"," 18.1"," 26.0","  48.2","*","  44.6"," "," 0.00","I","999.9","000000"
"03023099999","2019-01-05","57.3333333","-7.3666666","4.0","SOUTH UIST RANGE, UK","  46.5","24","  42.8","24","1032.7","24","032.2","24"," 10.6","24"," 14.6","24"," 20.0"," 27.0","  49.5","*","  44.8"," "," 0.02","E","999.9","010000"
"03023099999","2019-01-06","57.3333333","-7.3666666","4.0","SOUTH UIST RANGE, UK","  44.1","24","  42.5","24","1031.7","24","031.2","24"," 10.6","24","  7.3","24"," 19.0","999.9","  49.5","*","  38.7","*"," 0.12","G","999.9","010000"
"03023099999","2019-01-07","57.3333333","-7.3666666","4.0","SOUTH UIST RANGE, UK","  48.9","24","  42.8","24","1021.1","24","020.6","24","  5.0","24"," 28.3","24"," 35.9"," 49.0","  50.9","*","  39.7"," "," 0.08","G","999.9","010000"
"03023099999","2019-01-08","57.3333333","-7.3666666","4.0","SOUTH UIST RANGE, UK","  44.7","24","  36.2","24","1031.9","24","031.4","24","  9.4","24","  9.9","24"," 19.0"," 28.0","  46.4","*","  41.0","*"," 0.00","G","999.9","000000"
"03023099999","2019-01-09","57.3333333","-7.3666666","4.0","SOUTH UIST RANGE, UK","  44.3","24","  42.2","24","1031.9","24","031.4","24","  5.3","24","  7.4","24"," 15.9","999.9","  48.6","*","  37.8"," "," 0.08","E","999.9","110000"
"03023099999","2019-01-10","57.3333333","-7.3666666","4.0","SOUTH UIST RANGE, UK","  48.6","24","  44.8","24","1030.6","24","030.1","24","  9.1","24"," 12.9","24"," 20.0"," 30.9","  49.3","*","  46.8","*"," 0.02","E","999.9","110000"
"03023099999","2019-01-11","57.3333333","-7.3666666","4.0","SOUTH UIST RANGE, UK","  48.1","24","  45.6","24","1026.5","24","026.0","24","  9.0","24"," 13.4","24"," 25.1"," 41.0","  49.1","*","  46.8"," "," 0.04","E","999.9","010000"
"03023099999","2019-01-12","57.3333333","-7.3666666","4.0","SOUTH UIST RANGE, UK","  48.8","24","  46.1","24","1014.5","24","014.0","24","  3.9","24"," 23.1","24"," 28.9"," 36.9","  50.4","*","  46.4"," "," 0.09","G","999.9","010000"
"03023099999","2019-01-13","57.3333333","-7.3666666","4.0","SOUTH UIST RANGE, UK","  47.7","18","  43.1","18","1009.0","18","008.5","18","  5.6","18"," 25.6","18"," 30.9"," 46.0","  50.0","*","  45.0","*"," 0.15","G","999.9","010000"
"03023099999","2019-01-14","57.3333333","-7.3666666","4.0","SOUTH UIST RANGE, UK","  45.1","24","  41.5","24","1015.0","24","014.5","24","  8.6","24"," 14.1","24"," 23.9"," 28.9","  49.5","*","  37.4"," "," 0.07","G","999.9","010000"
"03023099999","2019-01-15","57.3333333","-7.3666666","4.0","SOUTH UIST RANGE, UK","  48.0","24","  46.4","24","1003.0","24","002.5","24","  4.6","24"," 18.7","24"," 28.0"," 41.0","  50.0","*","  45.7","*"," 0.11","G","999.9","010000"
"03023099999","2019-01-16","57.3333333","-7.3666666","4.0","SOUTH UIST RANGE, UK","  40.9","24","  36.0","24"," 997.1","24","996.7","24"," 12.1","24"," 14.6","24"," 25.1"," 42.0","  45.9","*","  35.6","*"," 0.45","G","999.9","010000"
"03023099999","2019-01-17","57.3333333","-7.3666666","4.0","SOUTH UIST RANGE, UK","  37.0","24","  30.5","24","1014.1","24","013.6","24"," 16.4","24","  9.7","24"," 23.9"," 36.9","  40.5","*","  34.7","*"," 0.31","G","999.9","010000"
"03023099999","2019-01-18","57.3333333","-7.3666666","4.0","SOUTH UIST RANGE, UK","  39.8","24","  34.6","24","1006.7","24","006.2","24"," 15.3","24"," 17.0","24"," 22.0"," 32.1","  41.2","*","  34.3"," "," 0.00","G","999.9","010000"
"03023099999","2019-01-19","57.3333333","-7.3666666","4.0","SOUTH UIST RANGE, UK","  41.2","24","  38.2","24","1007.4","24","006.9","24"," 20.6","24","  5.8","24"," 14.0","999.9","  44.6","*","  37.4","*"," 0.01","G","999.9","010000"
"03023099999","2019-01-20","57.3333333","-7.3666666","4.0","SOUTH UIST RANGE, UK","  42.7","24","  36.0","24","1017.7","24","017.2","24"," 12.7","24"," 14.0","24"," 20.0"," 35.0","  43.7","*","  36.9"," "," 0.21","G","999.9","010000"
"03023099999","2019-01-21","57.3333333","-7.3666666","4.0","SOUTH UIST RANGE, UK","  42.6","24","  37.8","24","1006.7","24","006.2","24","  8.9","24"," 22.0","24"," 30.9"," 41.0","  44.6","*","  38.3","*"," 0.03","G","999.9","010000"
"03023099999","2019-01-22","57.3333333","-7.3666666","4.0","SOUTH UIST RANGE, UK","  36.3","24","  31.5","24"," 995.8","24","995.3","24"," 13.8","24","  8.6","24"," 16.9"," 35.0","  41.0","*","  32.4","*"," 0.35","G","999.9","011000"
"03023099999","2019-01-23","57.3333333","-7.3666666","4.0","SOUTH UIST RANGE, UK","  38.2","24","  33.4","24","1000.7","24","000.2","24"," 15.6","24","  6.3","24","  9.9","999.9","  41.9","*","  32.9"," "," 0.27","G","999.9","010000"
"03023099999","2019-01-24","57.3333333","-7.3666666","4.0","SOUTH UIST RANGE, UK","  41.3","24","  38.4","24","1006.4","24","005.9","24"," 15.4","24","  8.9","24"," 16.9","999.9","  47.7","*","  34.5"," "," 0.04","G","999.9","010000"
"03023099999","2019-01-25","57.3333333","-7.3666666","4.0","SOUTH UIST RANGE, UK","  45.4","24","  43.0","24","1005.2","24","004.7","24","  4.3","24"," 12.3","24"," 19.0"," 27.0","  48.2","*","  41.2","*"," 0.04","G","999.9","010000"
"03023099999","2019-01-26","57.3333333","-7.3666666","4.0","SOUTH UIST RANGE, UK","  42.9","24","  40.3","24"," 991.8","24","991.4","24","  7.7","24"," 19.6","24"," 32.1"," 50.9","  48.6","*","  37.4","*"," 0.66","G","999.9","010000"
"03023099999","2019-01-27","57.3333333","-7.3666666","4.0","SOUTH UIST RANGE, UK","  37.7","24","  30.6","24","1001.7","24","001.2","24"," 16.4","24"," 18.5","24"," 30.9"," 43.9","  40.5","*","  32.0","*"," 0.24","G","999.9","110000"
"03023099999","2019-01-28","57.3333333","-7.3666666","4.0","SOUTH UIST RANGE, UK","  39.1","24","  31.7","24","1003.7","24","003.2","24"," 17.4","24"," 12.0","24"," 21.0"," 33.0","  43.0","*","  31.3"," "," 0.01","G","999.9","010000"
"03023099999","2019-01-29","57.3333333","-7.3666666","4.0","SOUTH UIST RANGE, UK","  36.2","24","  31.0","24"," 991.5","24","991.0","24"," 15.1","24"," 12.8","24"," 21.0"," 34.0","  38.7","*","  33.3","*"," 0.17","G","999.9","011000"
"03023099999","2019-01-30","57.3333333","-7.3666666","4.0","SOUTH UIST RANGE, UK","  36.9","24","  30.0","24"," 990.8","24","990.4","24"," 18.8","24","  9.5","24"," 15.9"," 25.1","  40.5","*","  29.3","*"," 0.26","G","999.9","010000"
"03023099999","2019-01-31","57.3333333","-7.3666666","4.0","SOUTH UIST RANGE, UK","  33.7","24","  31.1","24"," 992.3","24","991.8","24"," 21.2","24","  7.3","24"," 15.9","999.9","  37.8","*","  27.9"," "," 0.00","G","999.9","011000"
"03023099999","2019-02-01","57.3333333","-7.3666666","4.0","SOUTH UIST RANGE, UK","  34.1","24","  28.6","24","1001.7","24","001.2","24"," 22.7","24","  9.7","24"," 15.9","999.9","  38.3","*","  30.2","*"," 0.09","G","999.9","010000"
"03023099999","2019-02-02","57.3333333","-7.3666666","4.0","SOUTH UIST RANGE, UK","  33.8","24","  29.3","24","1011.6","24","011.1","24"," 21.0","24","  5.7","24"," 20.0"," 29.9","  39.6","*","  29.5"," "," 0.01","G","999.9","010000"
"03023099999","2019-02-03","57.3333333","-7.3666666","4.0","SOUTH UIST RANGE, UK","  39.8","24","  34.1","24","1008.8","24","008.4","24"," 12.4","24"," 12.5","24"," 22.9"," 34.0","  43.9","*","  33.3"," "," 0.10","G","999.9","010000"
"03023099999","2019-02-04","57.3333333","-7.3666666","4.0","SOUTH UIST RANGE, UK","  40.5","24","  35.4","24","1009.7","24","009.2","24"," 12.1","24"," 10.4","24"," 15.0","999.9","  45.0","*","  35.2"," "," 0.28","G","999.9","010000"
"03023099999","2019-02-05","57.3333333","-7.3666666","4.0","SOUTH UIST RANGE, UK","  42.0","24","  38.5","24","1009.1","24","008.6","24","  8.2","24"," 18.9","24"," 33.0"," 44.9","  45.9","*","  35.2"," "," 0.01","G","999.9","010000"
"03023099999","2019-02-06","57.3333333","-7.3666666","4.0","SOUTH UIST RANGE, UK","  41.7","24","  37.9","24","1002.6","24","002.1","24"," 10.6","24"," 13.4","24"," 21.0"," 32.1","  44.6","*","  38.5","*"," 0.26","G","999.9","010000"
"03023099999","2019-02-07","57.3333333","-7.3666666","4.0","SOUTH UIST RANGE, UK","  39.7","24","  36.8","24"," 994.0","24","993.5","24"," 15.9","24","  9.6","24"," 16.9"," 34.0","  45.5","*","  32.0","*"," 0.31","G","999.9","011000"
"03023099999","2019-02-08","57.3333333","-7.3666666","4.0","SOUTH UIST RANGE, UK","  45.1","24","  42.9","24"," 967.1","24","966.6","24","  5.0","24"," 22.0","24"," 30.9"," 43.9","  48.2","*","  39.2"," "," 0.37","G","999.9","010000"
"03023099999","2019-02-09","57.3333333","-7.3666666","4.0","SOUTH UIST RANGE, UK","  44.7","24","  38.0","24"," 979.7","24","979.2","24","  8.5","24"," 24.8","24"," 32.1"," 43.9","  46.4","*","  41.9","*"," 0.48","G","999.9","010000"
"03023099999","2019-02-10","57.3333333","-7.3666666","4.0","SOUTH UIST RANGE, UK","  41.9","24","  35.4","24"," 994.0","24","993.6","24"," 17.3","24"," 12.1","24"," 21.0"," 27.0","  45.7","*","  38.7","*"," 0.01","G","999.9","010000"
"03023099999","2019-02-11","57.3333333","-7.3666666","4.0","SOUTH UIST RANGE, UK","  40.3","24","  36.7","24","1019.6","24","019.1","24"," 11.6","24"," 12.3","24"," 23.9"," 32.1","  47.3","*","  30.6"," "," 0.00","G","999.9","010000"
"03023099999","2019-02-12","57.3333333","-7.3666666","4.0","SOUTH UIST RANGE, UK","  48.2","24","  45.8","24","1016.2","24","015.8","24","  4.2","24"," 23.7","24"," 30.9"," 41.0","  50.2","*","  44.4"," "," 0.07","G","999.9","010000"
"03023099999","2019-02-13","57.3333333","-7.3666666","4.0","SOUTH UIST RANGE, UK","  49.6","24","  46.9","24","1014.5","24","014.0","24","  4.9","24"," 27.6","24"," 34.0"," 47.0","  50.9","*","  45.3"," "," 0.06","G","999.9","010000"
"03023099999","2019-02-14","57.3333333","-7.3666666","4.0","SOUTH UIST RANGE, UK","  48.4","24","  46.2","24","1017.8","24","017.4","24","  5.1","23"," 23.0","24"," 33.0"," 44.9","  50.0","*","  46.4"," "," 0.09","G","999.9","010000"
"03023099999","2019-02-15","57.3333333","-7.3666666","4.0","SOUTH UIST RANGE, UK","  47.6","24","  44.0","24","1010.3","24","009.8","24","  6.8","24"," 25.2","24"," 29.9"," 41.0","  49.1","*","  45.9"," "," 0.02","G","999.9","010000"
"03023099999","2019-02-16","57.3333333","-7.3666666","4.0","SOUTH UIST RANGE, UK","  47.8","24","  45.6","24","1005.9","24","005.4","24","  6.5","24"," 18.4","24"," 27.0"," 37.9","  49.1","*","  46.8"," "," 0.22","G","999.9","010000"
"03023099999","2019-02-17","57.3333333","-7.3666666","4.0","SOUTH UIST RANGE, UK","  48.0","24","  44.8","24"," 995.8","24","995.3","24","  7.0","24"," 25.5","24"," 29.9"," 46.0","  50.0","*","  45.5","*"," 0.24","G","999.9","010000"
"03023099999","2019-02-18","57.3333333","-7.3666666","4.0","SOUTH UIST RANGE, UK","  46.1","19","  41.8","19"," 997.2","19","996.7","19","  7.2","19"," 21.1","19"," 34.0"," 47.0","  47.7","*","  44.8","*"," 0.00","G","999.9","010000"
"03023099999","2019-02-19","57.3333333","-7.3666666","4.0","SOUTH UIST RANGE, UK","  45.4","21","  42.1","21","1004.3","21","003.8","21","  7.9","21"," 15.1","20"," 28.9"," 40.0","  48.4","*","  43.2","*"," 0.15","G","999.9","110000"
"03023099999","2019-02-20","57.3333333","-7.3666666","4.0","SOUTH UIST RANGE, UK","  49.3","24","  47.7","24","1000.9","24","000.4","24","  5.0","24"," 20.7","23"," 29.9"," 41.0","  50.9","*","  44.6"," "," 0.00","G","999.9","010000"
"03023099999","2019-02-21","57.3333333","-7.3666666","4.0","SOUTH UIST RANGE, UK","  52.2","24","  48.8","24","1012.1","24","011.6","24"," 14.5","24"," 23.2","24"," 30.9"," 42.0","  53.8","*","  46.4"," "," 0.07","G","999.9","010000"
"03023099999","2019-02-22","57.3333333","-7.3666666","4.0","SOUTH UIST RANGE, UK","  52.1","24","  47.0","24","1019.2","24","018.7","24"," 10.5","24"," 29.1","24"," 35.0"," 47.0","  53.8","*","  49.1"," "," 0.01","G","999.9","010000"
"03023099999","2019-02-23","57.3333333","-7.3666666","4.0","SOUTH UIST RANGE, UK","  51.3","24","  44.7","24","1019.5","24","019.0","24"," 10.1","24"," 26.4","24"," 35.9"," 52.1","  54.9","*","  43.7","*"," 0.05","G","999.9","010000"
"03023099999","2019-02-24","57.3333333","-7.3666666","4.0","SOUTH UIST RANGE, UK","  46.8","24","  43.8","24","1028.9","24","028.4","24"," 14.0","24"," 18.9","24"," 28.0"," 42.9","  50.4","*","  39.9"," "," 0.05","G","999.9","010000"
"03023099999","2019-02-25","57.3333333","-7.3666666","4.0","SOUTH UIST RANGE, UK","  50.9","24","  45.5","24","1027.8","24","027.3","24","  6.7","24"," 20.5","24"," 27.0"," 37.9","  53.1","*","  48.9"," "," 0.18","G","999.9","010000"
"03023099999","2019-02-26","57.3333333","-7.3666666","4.0","SOUTH UIST RANGE, UK","  49.4","24","  46.2","24","1027.4","24","026.9","24","  5.0","24"," 11.3","24"," 28.0"," 36.9","  51.1","*","  46.6","*"," 0.17","G","999.9","100000"
"03023099999","2019-02-27","57.3333333","-7.3666666","4.0","SOUTH UIST RANGE, UK","  47.7","24","  44.2","24","1020.7","24","020.2","24","  5.2","24","  8.9","24"," 18.1","999.9","  50.9","*","  45.0"," "," 0.00","G","999.9","000000"
"03023099999","2019-02-28","57.3333333","-7.3666666","4.0","SOUTH UIST RANGE, UK","  44.8","24","  42.6","24","1014.8","24","014.3","24","  3.1","24","  5.6","24","  9.9","999.9","  47.5","*","  40.5"," "," 0.00","I","999.9","100000"
"03023099999","2019-03-01","57.3333333","-7.3666666","4.0","SOUTH UIST RANGE, UK","  47.3","24","  44.8","24","1011.1","24","010.6","24","  7.9","24"," 13.0","24"," 21.0"," 28.9","  50.2","*","  44.6"," "," 0.02","E","999.9","010000"
"03023099999","2019-03-02","57.3333333","-7.3666666","4.0","SOUTH UIST RANGE, UK","  45.1","24","  42.1","24"," 990.0","24","989.5","24","  8.7","24"," 23.0","24"," 42.0"," 55.0","  48.2","*","  38.5"," "," 0.16","G","999.9","010000"
"03023099999","2019-03-03","57.3333333","-7.3666666","4.0","SOUTH UIST RANGE, UK","  46.4","24","  41.6","24"," 979.6","24","979.2","24"," 11.3","24"," 25.2","24"," 39.0"," 54.0","  48.6","*","  37.8"," "," 0.67","G","999.9","010000"
"03023099999","2019-03-04","57.3333333","-7.3666666","4.0","SOUTH UIST RANGE, UK","  44.5","24","  37.6","24"," 983.3","24","982.8","24"," 19.7","24"," 19.8","24"," 25.1"," 36.9","  47.3","*","  40.5","*"," 0.15","G","999.9","010000"
"03023099999","2019-03-05","57.3333333","-7.3666666","4.0","SOUTH UIST RANGE, UK","  41.5","24","  36.7","24"," 990.5","24","990.0","24"," 38.9","24","  8.4","24"," 18.1"," 26.0","  46.8","*","  35.1","*"," 0.22","G","999.9","010000"
"03023099999","2019-03-06","57.3333333","-7.3666666","4.0","SOUTH UIST RANGE, UK","  41.6","24","  37.8","24"," 985.0","24","984.5","24"," 26.3","24"," 22.2","24"," 28.9"," 39.0","  43.7","*","  34.3"," "," 0.00","G","999.9","010000"
"03023099999","2019-03-07","57.3333333","-7.3666666","4.0","SOUTH UIST RANGE, UK","  42.3","24","  37.4","24"," 992.4","24","991.9","24"," 20.0","24"," 17.1","24"," 25.1"," 35.9","  46.4","*","  33.8","*"," 0.38","G","999.9","010000"
"03023099999","2019-03-08","57.3333333","-7.3666666","4.0","SOUTH UIST RANGE, UK","  41.9","24","  37.6","24"," 996.3","24","995.8","24"," 18.4","24"," 17.7","24"," 35.0"," 47.0","  46.4","*","  32.7"," "," 0.03","G","999.9","010000"
"03023099999","2019-03-09","57.3333333","-7.3666666","4.0","SOUTH UIST RANGE, UK","  41.9","24","  32.3","24"," 999.8","24","999.3","24"," 18.4","24"," 23.2","24"," 30.9"," 49.0","  44.8","*","  37.4"," "," 0.50","G","999.9","010000"
"03023099999","2019-03-10","57.3333333","-7.3666666","4.0","SOUTH UIST RANGE, UK","  38.7","24","  34.4","24"," 998.2","24","997.7","24"," 15.0","24"," 17.1","24"," 33.0"," 43.9","  41.9","*","  34.0","*"," 0.28","G","999.9","011000"
"03023099999","2019-03-11","57.3333333","-7.3666666","4.0","SOUTH UIST RANGE, UK","  43.6","24","  36.4","24","1006.4","24","005.9","24"," 14.7","23"," 24.5","24"," 37.9"," 53.0","  45.9","*","  35.6"," "," 0.52","G","999.9","010000"
"03023099999","2019-03-12","57.3333333","-7.3666666","4.0","SOUTH UIST RANGE, UK","  43.7","24","  38.1","24"," 978.3","24","977.9","24","  7.3","24"," 33.3","24"," 48.0"," 62.0","  46.4","*","  39.7"," "," 0.33","G","999.9","010000"
"03023099999","2019-03-13","57.3333333","-7.3666666","4.0","SOUTH UIST RANGE, UK","  45.7","16","  41.5","16"," 992.7","16","992.3","16","  5.2","16"," 26.4","16"," 32.1"," 46.0","  47.3","*","  42.1"," "," 0.28","G","999.9","010000"
"03023099999","2019-03-14","57.3333333","-7.3666666","4.0","SOUTH UIST RANGE, UK","  45.6","24","  40.3","24"," 992.7","24","992.2","24"," 11.1","24"," 20.2","24"," 25.1"," 41.0","  47.7","*","  42.8"," "," 0.43","G","999.9","010000"
"03023099999","2019-03-15","57.3333333","-7.3666666","4.0","SOUTH UIST RANGE, UK","  43.2","24","  36.4","24"," 993.8","24","993.3","24"," 13.0","24"," 25.3","24"," 32.1"," 49.9","  44.8","*","  41.2"," "," 0.18","G","999.9","010000"
"03023099999","2019-03-16","57.3333333","-7.3666666","4.0","SOUTH UIST RANGE, UK","  39.1","23","  34.6","23"," 990.8","23","990.3","23"," 23.0","23","  9.0","23"," 19.0"," 28.0","  42.1","*","  36.9"," "," 0.09","G","999.9","010000"
"03023099999","2019-03-17","57.3333333","-7.3666666","4.0","SOUTH UIST RANGE, UK","  43.2","24","  36.3","24","1001.5","24","001.0","24"," 23.2","24"," 13.9","24"," 22.0"," 35.9","  47.7","*","  37.9"," "," 0.18","G","999.9","010000"
"03023099999","2019-03-18","57.3333333","-7.3666666","4.0","SOUTH UIST RANGE, UK","  44.5","24","  42.4","24","1014.0","24","013.5","24"," 15.0","24","  8.8","24"," 12.0","999.9","  50.0","*","  36.9"," "," 0.16","G","999.9","010000"
"03023099999","2019-03-19","57.3333333","-7.3666666","4.0","SOUTH UIST RANGE, UK","  47.4","24","  46.2","24","1017.0","24","016.5","24","  5.3","24"," 16.8","24"," 22.0"," 29.9","  49.1","*","  43.5"," "," 0.10","G","999.9","010000"
"03023099999","2019-03-20","57.3333333","-7.3666666","4.0","SOUTH UIST RANGE, UK","  48.1","24","  45.9","24","1019.6","24","019.1","24","  4.8","24"," 19.8","24"," 29.9"," 39.0","  50.0","*","  44.1","*"," 0.01","G","999.9","010000"
"03023099999","2019-03-21","57.3333333","-7.3666666","4.0","SOUTH UIST RANGE, UK","  48.2","24","  46.8","24","1022.7","24","022.2","24"," 17.5","24"," 13.2","24"," 22.9"," 32.1","  50.4","*","  45.7"," "," 0.17","G","999.9","010000"
"03023099999","2019-03-22","57.3333333","-7.3666666","4.0","SOUTH UIST RANGE, UK","  46.8","24","  40.6","24","1012.4","24","011.9","24","  8.5","24"," 31.5","24"," 40.0"," 60.0","  50.9","*","  40.3","*"," 0.02","G","999.9","010000"
"03023099999","2019-03-23","57.3333333","-7.3666666","4.0","SOUTH UIST RANGE, UK","  43.7","24","  36.6","24","1025.7","24","025.2","24"," 13.1","23"," 23.7","24"," 30.9"," 43.9","  47.3","*","  37.9"," "," 0.20","G","999.9","010000"
"03023099999","2019-03-24","57.3333333","-7.3666666","4.0","SOUTH UIST RANGE, UK","  44.6","24","  37.4","24","1022.9","24","022.4","24","  9.1","24"," 25.1","24"," 32.1"," 43.9","  46.4","*","  40.8"," "," 0.11","G","999.9","010000"
"03023099999","2019-03-25","57.3333333","-7.3666666","4.0","SOUTH UIST RANGE, UK","  46.1","24","  40.3","24","1032.1","24","031.6","24"," 15.7","24"," 10.7","24"," 15.9"," 28.0","  48.6","*","  42.3"," "," 0.05","G","999.9","010000"
"03023099999","2019-03-26","57.3333333","-7.3666666","4.0","SOUTH UIST RANGE, UK","  47.8","24","  45.1","24","1028.8","24","028.3","24","  9.9","24"," 17.3","24"," 19.0"," 27.0","  49.3","*","  44.8"," "," 0.01","G","999.9","010000"
"03023099999","2019-03-27","57.3333333","-7.3666666","4.0","SOUTH UIST RANGE, UK","  49.0","24","  47.0","24","1029.0","24","028.5","24","  5.2","24"," 17.7","24"," 19.0","999.9","  50.9","*","  48.0"," "," 0.00","G","999.9","000000"
"03023099999","2019-03-28","57.3333333","-7.3666666","4.0","SOUTH UIST RANGE, UK","  48.8","24","  45.6","24","1026.1","24","025.6","24","  6.1","24"," 22.8","24"," 26.0"," 35.0","  50.0","*","  48.0"," "," 0.01","G","999.9","000000"
"03023099999","2019-03-29","57.3333333","-7.3666666","4.0","SOUTH UIST RANGE, UK","  46.9","24","  45.0","24","1020.0","24","019.5","24","  7.0","24"," 16.3","24"," 25.1"," 32.1","  49.5","*","  41.9","*"," 0.03","G","999.9","010000"
"03023099999","2019-03-30","57.3333333","-7.3666666","4.0","SOUTH UIST RANGE, UK","  43.4","24","  34.8","24","1023.4","24","022.9","24"," 21.8","24"," 10.4","24"," 15.9"," 27.0","  47.3","*","  39.2","*"," 0.07","G","999.9","010000"
"03023099999","2019-03-31","57.3333333","-7.3666666","4.0","SOUTH UIST RANGE, UK","  40.9","24","  34.5","24","1027.8","24","027.3","24"," 37.8","24","  8.2","24"," 13.0","999.9","  47.3","*","  32.7"," "," 0.01","G","999.9","010000"
"03023099999","2019-04-01","57.3333333","-7.3666666","4.0","SOUTH UIST RANGE, UK","  42.8","24","  37.9","24","1013.0","24","012.6","24"," 25.9","24"," 15.0","24"," 23.9"," 34.0","  48.2","*","  33.6"," "," 0.01","G","999.9","010000"
"03023099999","2019-04-02","57.3333333","-7.3666666","4.0","SOUTH UIST RANGE, UK","  40.3","24","  34.6","24","1003.3","24","002.8","24"," 33.4","24"," 13.7","24"," 25.1"," 35.9","  43.7","*","  35.4"," "," 0.26","G","999.9","010000"
"03023099999","2019-04-03","57.3333333","-7.3666666","4.0","SOUTH UIST RANGE, UK","  41.7","24","  37.0","24","1005.5","24","005.0","24"," 19.4","24"," 24.3","24"," 33.0"," 47.0","  45.0","*","  36.0"," "," 0.07","G","999.9","010000"
"03023099999","2019-04-04","57.3333333","-7.3666666","4.0","SOUTH UIST RANGE, UK","  43.0","18","  38.0","18"," 999.1","18","998.6","18"," 35.4","18"," 15.5","18"," 20.0"," 26.0","  47.3","*","  40.3"," "," 0.06","G","999.9","010000"
"03023099999","2019-04-09","57.3333333","-7.3666666","4.0","SOUTH UIST RANGE, UK","  45.2"," 6","  41.9"," 6","1021.5"," 6","021.0"," 6"," 12.8"," 6","  3.7"," 6","  6.0","999.9","  50.2","*","  42.8","*"," 0.00","G","999.9","000000"
"03023099999","2019-04-10","57.3333333","-7.3666666","4.0","SOUTH UIST RANGE, UK","  44.8","24","  40.2","24","1023.4","24","022.9","24"," 20.2","24","  7.7","24"," 11.1","999.9","  49.5","*","  39.2","*"," 0.00","I","999.9","000000"
"03023099999","2019-04-11","57.3333333","-7.3666666","4.0","SOUTH UIST RANGE, UK","  44.3","24","  37.4","24","1024.8","24","024.3","24"," 25.9","24","  6.7","24"," 12.0","999.9","  50.9","*","  36.0"," "," 0.00","I","999.9","000000"
"03023099999","2019-04-12","57.3333333","-7.3666666","4.0","SOUTH UIST RANGE, UK","  45.8","24","  38.4","24","1024.5","24","024.0","24"," 17.4","24"," 14.3","24"," 22.9"," 32.1","  51.3","*","  38.1"," "," 0.00","I","999.9","000000"
"03023099999","2019-04-13","57.3333333","-7.3666666","4.0","SOUTH UIST RANGE, UK","  46.0","24","  32.9","24","1024.0","24","023.5","24"," 29.2","24"," 25.3","24"," 29.9"," 41.0","  49.5","*","  41.9"," "," 0.00","I","999.9","000000"
"03023099999","2019-04-14","57.3333333","-7.3666666","4.0","SOUTH UIST RANGE, UK","  44.2","24","  31.5","24","1023.7","24","023.2","24"," 31.5","24"," 24.0","24"," 28.9"," 42.9","  46.8","*","  40.6"," "," 0.00","I","999.9","000000"
"03023099999","2019-04-15","57.3333333","-7.3666666","4.0","SOUTH UIST RANGE, UK","  46.3","24","  33.3","24","1017.2","24","016.7","24"," 22.7","24"," 23.8","24"," 28.9"," 42.0","  50.4","*","  41.2"," ","99.99"," ","999.9","010000"
"03023099999","2019-04-16","57.3333333","-7.3666666","4.0","SOUTH UIST RANGE, UK","  47.8","24","  41.4","24","1017.0","24","016.5","24","  8.9","24"," 15.7","24"," 26.0"," 39.0","  51.1","*","  45.7"," "," 0.01","G","999.9","010000"
"03023099999","2019-04-17","57.3333333","-7.3666666","4.0","SOUTH UIST RANGE, UK","  49.9","24","  42.4","24","1020.6","24","020.1","24"," 14.4","24"," 15.2","24"," 20.0"," 26.0","  54.9","*","  45.7"," "," 0.02","G","999.9","000000"
"03023099999","2019-04-18","57.3333333","-7.3666666","4.0","SOUTH UIST RANGE, UK","  55.8","24","  44.3","24","1025.0","24","024.5","24"," 15.9","24"," 13.8","24"," 19.0"," 25.1","  62.1","*","  47.3"," "," 0.00","G","999.9","000000"
"03023099999","2019-04-19","57.3333333","-7.3666666","4.0","SOUTH UIST RANGE, UK","  55.2","24","  46.8","24","1026.8","24","026.3","24"," 10.0","24"," 16.6","24"," 28.0"," 35.0","  61.2","*","  49.5","*"," 0.00","I","999.9","000000"
"03023099999","2019-04-20","57.3333333","-7.3666666","4.0","SOUTH UIST RANGE, UK","  50.5","24","  49.3","24","1028.5","24","028.0","24"," 16.5","24"," 11.1","24"," 16.9","999.9","  53.6","*","  48.6","*"," 0.01","G","999.9","010000"
"03023099999","2019-04-21","57.3333333","-7.3666666","4.0","SOUTH UIST RANGE, UK","  52.1","24","  50.9","24","1012.7","24","012.2","24"," 13.6","24"," 16.9","24"," 25.1"," 35.0","  55.8","*","  48.7"," "," 0.13","G","999.9","010000"
"03023099999","2019-04-22","57.3333333","-7.3666666","4.0","SOUTH UIST RANGE, UK","  59.6","24","  44.5","24","1001.8","24","001.3","24"," 17.9","24"," 21.1","24"," 28.9"," 41.0","  66.6","*","  52.2"," "," 0.03","G","999.9","000000"
"03023099999","2019-04-23","57.3333333","-7.3666666","4.0","SOUTH UIST RANGE, UK","  60.2","24","  43.2","24"," 998.0","24","997.6","24"," 20.2","24"," 14.4","24"," 21.0"," 28.0","  66.4","*","  54.9","*"," 0.00","G","999.9","010000"
"03023099999","2019-04-24","57.3333333","-7.3666666","4.0","SOUTH UIST RANGE, UK","  57.6","24","  43.9","24"," 993.3","24","992.8","24"," 18.2","24"," 17.5","24"," 22.9"," 33.0","  64.6","*","  50.4","*"," 0.00","I","999.9","000000"
"03023099999","2019-04-25","57.3333333","-7.3666666","4.0","SOUTH UIST RANGE, UK","  53.4","24","  45.5","24"," 994.5","24","994.0","24"," 32.4","24"," 14.3","24"," 22.0"," 33.0","  59.9","*","  49.5"," "," 0.02","G","999.9","010000"
"03023099999","2019-04-26","57.3333333","-7.3666666","4.0","SOUTH UIST RANGE, UK","  49.6","24","  44.9","24"," 996.1","24","995.7","24"," 32.8","24"," 15.5","24"," 22.9"," 32.1","  54.7","*","  45.9","*"," 0.01","G","999.9","010000"
"03023099999","2019-04-27","57.3333333","-7.3666666","4.0","SOUTH UIST RANGE, UK","  49.2","24","  44.3","24","1004.6","24","004.1","24"," 36.3","24","  8.0","24"," 15.9","999.9","  53.8","*","  45.7"," "," 0.06","G","999.9","000000"
"03023099999","2019-04-28","57.3333333","-7.3666666","4.0","SOUTH UIST RANGE, UK","  48.9","24","  39.5","24","1019.2","24","018.7","24"," 30.3","24"," 11.5","24"," 18.1"," 26.0","  53.6","*","  40.1"," "," 0.00","G","999.9","010000"
"03023099999","2019-04-29","57.3333333","-7.3666666","4.0","SOUTH UIST RANGE, UK","  52.7","24","  46.0","24","1023.0","24","022.5","24"," 37.6","24"," 14.1","24"," 20.0"," 26.0","  58.5","*","  48.2"," "," 0.00","I","999.9","000000"
"03023099999","2019-04-30","57.3333333","-7.3666666","4.0","SOUTH UIST RANGE, UK","  51.5","24","  46.4","24","1019.9","24","019.4","24"," 23.1","24"," 15.4","24"," 23.9"," 32.1","  54.0","*","  48.2","*","99.99"," ","999.9","010000"
"03023099999","2019-05-01","57.3333333","-7.3666666","4.0","SOUTH UIST RANGE, UK","  49.7","24","  45.4","24","1016.4","24","016.0","24"," 35.0","24","  6.1","24"," 14.0","999.9","  56.3","*","  41.9","*"," 0.15","G","999.9","010000"
"03023099999","2019-05-02","57.3333333","-7.3666666","4.0","SOUTH UIST RANGE, UK","  47.2","24","  41.4","24","1016.0","24","015.5","24"," 37.3","24"," 12.1","24"," 22.0"," 26.0","  51.8","*","  40.8"," "," 0.00","G","999.9","000000"
"03023099999","2019-05-03","57.3333333","-7.3666666","4.0","SOUTH UIST RANGE, UK","  42.7","24","  34.4","24","1021.1","24","020.6","24"," 38.1","24"," 15.7","24"," 20.0"," 30.9","  45.7","*","  37.6","*"," 0.02","E","999.9","010000"
"03023099999","2019-05-04","57.3333333","-7.3666666","4.0","SOUTH UIST RANGE, UK","  43.0","24","  33.8","24","1028.3","24","027.8","24"," 31.4","24"," 11.7","24"," 21.0"," 28.9","  47.7","*","  35.8"," "," 0.06","F","999.9","010000"
"03023099999","2019-05-05","57.3333333","-7.3666666","4.0","SOUTH UIST RANGE, UK","  45.2","24","  35.7","24","1026.9","24","026.5","24"," 37.1","24"," 12.6","24"," 16.9"," 27.0","  49.1","*","  42.1"," "," 0.01","E","999.9","010000"
"03023099999","2019-05-06","57.3333333","-7.3666666","4.0","SOUTH UIST RANGE, UK","  43.8","24","  35.4","24","1022.1","24","021.6","24"," 38.2","24","  9.1","24"," 12.0","999.9","  46.8","*","  40.5","*"," 0.04","G","999.9","010000"
"03023099999","2019-05-07","57.3333333","-7.3666666","4.0","SOUTH UIST RANGE, UK","  44.2","24","  35.4","24","1013.8","24","013.3","24"," 41.9","24"," 15.0","24"," 21.0"," 27.0","  48.4","*","  36.3"," "," 0.04","G","999.9","010000"
"03023099999","2019-05-08","57.3333333","-7.3666666","4.0","SOUTH UIST RANGE, UK","  45.1","24","  37.8","24","1001.8","24","001.4","24"," 45.3","24"," 21.2","24"," 27.0"," 35.0","  48.2","*","  42.1"," "," 0.00","G","999.9","010000"
"03023099999","2019-05-09","57.3333333","-7.3666666","4.0","SOUTH UIST RANGE, UK","  45.2","24","  37.0","24","1004.3","24","003.8","24"," 42.9","24"," 15.9","24"," 21.0"," 27.0","  48.4","*","  42.1"," "," 0.02","G","999.9","010000"
"03023099999","2019-05-10","57.3333333","-7.3666666","4.0","SOUTH UIST RANGE, UK","  44.4","24","  37.1","24","1010.2","24","009.7","24"," 41.0","24","  9.0","24"," 13.0","999.9","  49.1","*","  38.3"," "," 0.00","G","999.9","010000"
"03023099999","2019-05-11","57.3333333","-7.3666666","4.0","SOUTH UIST RANGE, UK","  45.9","24","  34.9","24","1023.7","24","023.2","24"," 46.5","24","  9.4","24"," 14.0","999.9","  50.9","*","  38.8"," "," 0.05","G","999.9","010000"
"03023099999","2019-05-12","57.3333333","-7.3666666","4.0","SOUTH UIST RANGE, UK","  47.0","24","  36.4","24","1034.0","24","033.5","24"," 45.4","24","  8.9","24"," 15.0","999.9","  53.1","*","  34.9"," "," 0.00","G","999.9","010000"
"03023099999","2019-05-13","57.3333333","-7.3666666","4.0","SOUTH UIST RANGE, UK","  55.0","24","  43.2","24","1033.7","24","033.2","24"," 35.9","24"," 17.4","24"," 22.9"," 33.0","  62.6","*","  49.5"," "," 0.00","I","999.9","000000"
"03023099999","2019-05-14","57.3333333","-7.3666666","4.0","SOUTH UIST RANGE, UK","  57.2","23","  42.3","23","1031.1","23","030.6","23"," 35.0","23"," 14.3","23"," 18.1","999.9","  63.7","*","  49.1"," "," 0.00","I","999.9","000000"
"03023099999","2019-05-15","57.3333333","-7.3666666","4.0","SOUTH UIST RANGE, UK","  58.8","23","  41.6","23","1024.6","23","024.1","23"," 38.8","23"," 11.9","23"," 15.9","999.9","  66.2","*","  47.1"," "," 0.00","I","999.9","000000"
"03023099999","2019-05-16","57.3333333","-7.3666666","4.0","SOUTH UIST RANGE, UK","  56.5","24","  46.7","24","1019.6","24","019.1","24"," 26.7","24","  9.3","24"," 19.0"," 25.1","  61.7","*","  51.1","*"," 0.00","I","999.9","000000"
"03023099999","2019-05-17","57.3333333","-7.3666666","4.0","SOUTH UIST RANGE, UK","  55.7","24","  43.3","24","1017.0","24","016.5","24"," 42.3","24","  8.9","24"," 14.0","999.9","  60.3","*","  49.8"," "," 0.00","I","999.9","000000"
"03023099999","2019-05-18","57.3333333","-7.3666666","4.0","SOUTH UIST RANGE, UK","  51.7","24","  47.5","24","1010.5","24","010.0","24"," 26.9","24","  8.0","24"," 13.0","999.9","  54.7","*","  47.8"," "," 0.01","E","999.9","010000"
"03023099999","2019-05-19","57.3333333","-7.3666666","4.0","SOUTH UIST RANGE, UK","  51.6","24","  49.0","24","1009.3","24","008.9","24"," 22.8","24","  7.1","24"," 13.0","999.9","  54.7","*","  49.6"," "," 0.22","G","999.9","010000"
"03023099999","2019-05-20","57.3333333","-7.3666666","4.0","SOUTH UIST RANGE, UK","  51.3","24","  46.2","24","1014.7","24","014.2","24"," 44.8","24","  8.6","24"," 11.1","999.9","  54.0","*","  48.2","*"," 0.00","G","999.9","000000"
"03023099999","2019-05-21","57.3333333","-7.3666666","4.0","SOUTH UIST RANGE, UK","  50.8","24","  43.0","24","1019.6","24","019.1","24"," 43.5","24","  8.6","24"," 13.0","999.9","  54.7","*","  46.4"," "," 0.14","G","999.9","010000"
"03023099999","2019-05-22","57.3333333","-7.3666666","4.0","SOUTH UIST RANGE, UK","  51.2","22","  44.5","22","1018.3","22","017.8","22"," 43.4","22"," 12.6","22"," 18.1","999.9","  54.0","*","  47.7"," "," 0.00","G","999.9","010000"
"03023099999","2019-05-23","57.3333333","-7.3666666","4.0","SOUTH UIST RANGE, UK","  49.8","23","  44.4","23","1014.8","23","014.3","23"," 32.9","23"," 12.6","23"," 15.9","999.9","  51.8","*","  48.4","*"," 0.02","G","999.9","010000"
"03023099999","2019-05-24","57.3333333","-7.3666666","4.0","SOUTH UIST RANGE, UK","  49.6","24","  41.0","24","1018.0","24","017.5","24"," 20.8","24","  8.8","24"," 12.0","999.9","  51.8","*","  48.2"," "," 0.01","G","999.9","000000"
"03023099999","2019-05-25","57.3333333","-7.3666666","4.0","SOUTH UIST RANGE, UK","  49.3","24","  46.4","24","1013.7","24","013.3","24","  8.2","24","  9.4","24"," 18.1"," 26.0","  53.6","*","  46.8"," "," 0.01","G","999.9","010000"
"03023099999","2019-05-26","57.3333333","-7.3666666","4.0","SOUTH UIST RANGE, UK","  50.5","24","  48.6","24","1003.3","24","002.8","24"," 13.8","24"," 17.1","24"," 28.0"," 37.9","  53.1","*","  46.8","*"," 1.16","G","999.9","110000"
"03023099999","2019-05-27","57.3333333","-7.3666666","4.0","SOUTH UIST RANGE, UK","  47.8","24","  41.2","24","1008.1","24","007.6","24"," 38.6","24","  8.6","24"," 18.1","999.9","  53.1","*","  43.9"," "," 0.11","G","999.9","010000"
"03023099999","2019-05-28","57.3333333","-7.3666666","4.0","SOUTH UIST RANGE, UK","  46.2","24","  38.0","24","1015.4","24","014.9","24"," 43.5","24","  8.9","24"," 12.0","999.9","  50.2","*","  40.3","*"," 0.13","G","999.9","010000"
"03023099999","2019-05-29","57.3333333","-7.3666666","4.0","SOUTH UIST RANGE, UK","  47.7","24","  40.3","24","1011.5","24","011.0","24"," 44.4","24","  8.4","24"," 12.0","999.9","  52.7","*","  36.5"," "," 0.01","G","999.9","010000"
"03023099999","2019-05-30","57.3333333","-7.3666666","4.0","SOUTH UIST RANGE, UK","  48.9","24","  45.3","24","1011.3","24","010.8","24"," 21.0","24"," 17.2","24"," 21.0"," 27.0","  50.4","*","  47.3"," "," 0.07","G","999.9","010000"
"03023099999","2019-05-31","57.3333333","-7.3666666","4.0","SOUTH UIST RANGE, UK","  53.3","24","  52.7","24","1011.2","24","010.7","24","  6.1","24"," 13.2","24"," 19.0"," 26.0","  55.8","*","  48.6"," "," 0.27","G","999.9","010000"
"03023099999","2019-06-01","57.3333333","-7.3666666","4.0","SOUTH UIST RANGE, UK","  53.2","24","  51.6","24","1011.4","24","011.0","24","  6.9","24"," 15.3","24"," 22.0"," 28.0","  55.4","*","  49.5","*"," 0.28","G","999.9","010000"
"03023099999","2019-06-02","57.3333333","-7.3666666","4.0","SOUTH UIST RANGE, UK","  54.2","24","  51.0","24"," 995.3","24","994.8","24"," 11.4","24"," 17.2","24"," 25.1"," 34.0","  57.6","*","  49.1"," "," 0.32","G","999.9","010000"
"03023099999","2019-06-03","57.3333333","-7.3666666","4.0","SOUTH UIST RANGE, UK","  51.7","24","  48.7","24"," 996.5","24","996.0","24"," 16.1","24"," 17.5","24"," 26.0"," 36.9","  54.9","*","  49.1"," "," 0.22","G","999.9","110000"
"03023099999","2019-06-04","57.3333333","-7.3666666","4.0","SOUTH UIST RANGE, UK","  50.6","24","  44.1","24","1005.5","24","005.0","24"," 36.8","24"," 10.5","24"," 18.1","999.9","  54.0","*","  47.7"," "," 0.02","G","999.9","010000"
"03023099999","2019-06-05","57.3333333","-7.3666666","4.0","SOUTH UIST RANGE, UK","  49.7","24","  43.3","24","1005.5","24","005.0","24"," 34.1","24"," 17.0","24"," 21.0"," 25.1","  53.1","*","  46.6"," "," 0.02","G","999.9","010000"
"03023099999","2019-06-06","57.3333333","-7.3666666","4.0","SOUTH UIST RANGE, UK","  49.6","24","  46.2","24","1006.4","24","005.9","24"," 23.9","24"," 17.8","24"," 25.1"," 29.9","  50.2","*","  48.6","*"," 0.00","G","999.9","010000"
"03023099999","2019-06-07","57.3333333","-7.3666666","4.0","SOUTH UIST RANGE, UK","  54.0","24","  47.6","24","1006.9","24","006.4","24"," 36.1","24"," 11.2","24"," 16.9"," 25.1","  59.2","*","  46.8"," "," 0.22","G","999.9","010000"
"03023099999","2019-06-08","57.3333333","-7.3666666","4.0","SOUTH UIST RANGE, UK","  53.0","24","  50.1","24","1009.4","24","008.9","24"," 23.8","24","  6.9","24"," 11.1","999.9","  56.7","*","  50.2"," "," 0.04","G","999.9","010000"
"03023099999","2019-06-09","57.3333333","-7.3666666","4.0","SOUTH UIST RANGE, UK","  51.4","24","  47.9","24","1014.9","24","014.4","24"," 23.0","24","  7.9","24"," 16.9","999.9","  55.8","*","  48.6","*"," 0.09","G","999.9","010000"
"03023099999","2019-06-10","57.3333333","-7.3666666","4.0","SOUTH UIST RANGE, UK","  51.4","24","  45.5","24","1021.9","24","021.4","24"," 46.1","24","  9.4","24"," 13.0","999.9","  54.5","*","  46.2"," "," 0.23","G","999.9","010000"
"03023099999","2019-06-11","57.3333333","-7.3666666","4.0","SOUTH UIST RANGE, UK","  50.6","24","  45.2","24","1026.5","24","026.0","24"," 35.8","24"," 16.9","24"," 21.0"," 28.9","  52.7","*","  48.0"," "," 0.00","G","999.9","010000"
"03023099999","2019-06-12","57.3333333","-7.3666666","4.0","SOUTH UIST RANGE, UK","  50.5","24","  44.4","24","1023.2","24","022.7","24"," 26.6","24"," 24.6","24"," 28.9"," 37.9","  53.1","*","  48.4","*"," 0.04","G","999.9","000000"
"03023099999","2019-06-13","57.3333333","-7.3666666","4.0","SOUTH UIST RANGE, UK","  48.2","24","  42.2","24","1009.5","24","009.0","24"," 36.5","24"," 17.0","24"," 22.0"," 35.9","  51.8","*","  46.4"," "," 0.00","G","999.9","010000"
"03023099999","2019-06-14","57.3333333","-7.3666666","4.0","SOUTH UIST RANGE, UK","  49.3","24","  46.1","24","1002.0","24","001.5","24"," 26.6","24"," 10.6","24"," 18.1","999.9","  53.1","*","  45.0","*"," 0.24","G","999.9","010000"
"03023099999","2019-06-15","57.3333333","-7.3666666","4.0","SOUTH UIST RANGE, UK","  52.6","24","  48.2","24","1006.7","24","006.2","24"," 32.2","24","  8.8","24"," 15.9","999.9","  57.2","*","  43.9"," "," 0.17","G","999.9","010000"
"03023099999","2019-06-16","57.3333333","-7.3666666","4.0","SOUTH UIST RANGE, UK","  53.1","24","  49.1","24","1006.4","24","005.9","24"," 31.4","24","  8.7","24"," 13.0","999.9","  56.7","*","  45.5"," "," 0.06","G","999.9","010000"
"03023099999","2019-06-17","57.3333333","-7.3666666","4.0","SOUTH UIST RANGE, UK","  53.3","24","  50.1","24","1004.0","24","003.6","24"," 25.9","24"," 11.6","24"," 22.9"," 29.9","  57.2","*","  50.0"," "," 0.39","G","999.9","010000"
"03023099999","2019-06-18","57.3333333","-7.3666666","4.0","SOUTH UIST RANGE, UK","  53.6","24","  50.7","24","1005.3","24","004.8","24"," 15.6","24"," 19.6","24"," 25.1"," 35.0","  56.3","*","  51.8"," "," 0.09","G","999.9","010000"
"03023099999","2019-06-19","57.3333333","-7.3666666","4.0","SOUTH UIST RANGE, UK","  53.6","24","  49.2","24","1003.3","24","002.9","24"," 26.7","24"," 16.8","24"," 22.0"," 28.0","  57.2","*","  50.4","*"," 0.06","G","999.9","010000"
"03023099999","2019-06-20","57.3333333","-7.3666666","4.0","SOUTH UIST RANGE, UK","  52.3","24","  46.7","24","1004.8","24","004.3","24"," 24.8","24"," 16.7","24"," 19.0"," 25.1","  55.6","*","  49.1"," "," 0.04","G","999.9","010000"
"03023099999","2019-06-21","57.3333333","-7.3666666","4.0","SOUTH UIST RANGE, UK","  53.0","24","  46.4","24","1015.1","24","014.6","24"," 30.9","24"," 14.5","24"," 16.9"," 30.9","  56.5","*","  48.2"," "," 0.07","G","999.9","010000"
"03023099999","2019-06-22","57.3333333","-7.3666666","4.0","SOUTH UIST RANGE, UK","  54.7","20","  49.0","20","1018.7","20","018.2","20"," 38.1","20","  9.1","20"," 12.0","999.9","  58.5","*","  48.0"," "," 0.01","G","999.9","000000"
"03023099999","2019-06-23","57.3333333","-7.3666666","4.0","SOUTH UIST RANGE, UK","  61.6","13","  53.2","13","1019.9","13","019.4","13"," 37.6","13"," 12.6","13"," 15.9","999.9","  66.2","*","  56.3","*"," 0.00","G","999.9","010000"
"03023099999","2019-06-24","57.3333333","-7.3666666","4.0","SOUTH UIST RANGE, UK","  56.7","24","  52.8","24","1020.7","24","020.2","24"," 27.5","24"," 15.0","24"," 23.9"," 29.9","  61.2","*","  53.1","*"," 0.06","G","999.9","010000"
"03023099999","2019-06-25","57.3333333","-7.3666666","4.0","SOUTH UIST RANGE, UK","  54.9","24","  49.9","24","1027.1","24","026.6","24"," 28.5","24"," 20.3","24"," 23.9"," 32.1","  58.3","*","  51.1","*"," 0.14","G","999.9","000000"
"03023099999","2019-06-26","57.3333333","-7.3666666","4.0","SOUTH UIST RANGE, UK","  53.5","24","  49.0","24","1033.6","24","033.1","24"," 32.9","24","  9.5","24"," 12.0","999.9","  57.2","*","  46.6"," "," 0.00","G","999.9","000000"
"03023099999","2019-06-27","57.3333333","-7.3666666","4.0","SOUTH UIST RANGE, UK","  56.2","24","  52.3","24","1032.3","24","031.8","24"," 23.9","24"," 10.1","24"," 15.0","999.9","  62.6","*","  52.2"," "," 0.00","I","999.9","100000"
"03023099999","2019-06-28","57.3333333","-7.3666666","4.0","SOUTH UIST RANGE, UK","  65.7","24","  54.2","24","1021.4","24","021.0","24"," 35.5","24"," 12.8","24"," 18.1"," 26.0","  76.5","*","  51.3"," ","99.99"," ","999.9","110000"
"03023099999","2019-06-29","57.3333333","-7.3666666","4.0","SOUTH UIST RANGE, UK","  60.7","24","  56.0","24","1012.0","24","011.5","24"," 22.3","24","  9.9","24"," 15.0","999.9","  64.4","*","  57.2"," ","99.99"," ","999.9","010000"
"03023099999","2019-06-30","57.3333333","-7.3666666","4.0","SOUTH UIST RANGE, UK","  56.1","24","  54.3","24","1003.4","24","002.9","24","  8.6","24"," 20.4","24"," 26.0"," 35.0","  58.3","*","  54.7","*"," 0.08","G","999.9","010000"
"03023099999","2019-07-01","57.3333333","-7.3666666","4.0","SOUTH UIST RANGE, UK","  54.9","24","  50.2","24","1016.0","24","015.6","24"," 17.6","24"," 16.5","24"," 19.0"," 29.9","  57.6","*","  51.3"," "," 0.06","G","999.9","010000"
"03023099999","2019-07-02","57.3333333","-7.3666666","4.0","SOUTH UIST RANGE, UK","  55.0","24","  48.1","24","1025.8","24","025.3","24"," 23.0","24"," 13.7","24"," 20.0"," 30.9","  57.4","*","  52.0"," "," 0.00","G","999.9","010000"
"03023099999","2019-07-03","57.3333333","-7.3666666","4.0","SOUTH UIST RANGE, UK","  56.2","24","  52.3","24","1028.3","24","027.8","24"," 23.7","24"," 13.3","24"," 15.9","999.9","  59.2","*","  53.2"," "," 0.00","I","999.9","000000"
"03023099999","2019-07-04","57.3333333","-7.3666666","4.0","SOUTH UIST RANGE, UK","  55.6","24","  53.5","24","1021.4","24","020.9","24"," 13.1","24"," 17.5","24"," 21.0"," 27.0","  57.2","*","  54.0","*"," 0.12","E","999.9","010000"
"03023099999","2019-07-05","57.3333333","-7.3666666","4.0","SOUTH UIST RANGE, UK","  55.0","24","  52.8","24","1015.4","24","014.9","24"," 17.2","24"," 12.6","24"," 16.9","999.9","  57.4","*","  52.9"," "," 0.09","F","999.9","010000"
"03023099999","2019-07-06","57.3333333","-7.3666666","4.0","SOUTH UIST RANGE, UK","  53.7","24","  46.0","24","1016.3","24","015.8","24"," 35.2","24"," 11.3","24"," 14.0","999.9","  55.8","*","  50.2","*"," 0.00","I","999.9","000000"
"03023099999","2019-07-07","57.3333333","-7.3666666","4.0","SOUTH UIST RANGE, UK","  54.6","24","  45.9","24","1020.4","24","019.9","24"," 41.3","24","  9.8","24"," 15.0","999.9","  59.9","*","  48.6"," ","99.99"," ","999.9","010000"
"03023099999","2019-07-08","57.3333333","-7.3666666","4.0","SOUTH UIST RANGE, UK","  56.3","24","  50.8","24","1018.8","24","018.3","24"," 31.6","24"," 11.3","24"," 14.0","999.9","  61.0","*","  52.2"," "," 0.02","E","999.9","010000"
"03023099999","2019-07-09","57.3333333","-7.3666666","4.0","SOUTH UIST RANGE, UK","  57.2","24","  56.8","24","1015.1","24","014.6","24","  2.6","24"," 11.5","24"," 14.0","999.9","  58.3","*","  54.3"," "," 0.71","G","999.9","110000"
"03023099999","2019-07-10","57.3333333","-7.3666666","4.0","SOUTH UIST RANGE, UK","  58.2","24","  58.0","24","1011.8","24","011.3","24","  7.9","24"," 10.5","24"," 15.0","999.9","  60.8","*","  56.7"," "," 0.61","G","999.9","110000"
"03023099999","2019-07-11","57.3333333","-7.3666666","4.0","SOUTH UIST RANGE, UK","  58.8","24","  57.5","24","1008.0","24","007.5","24"," 20.3","24"," 10.6","24"," 15.0","999.9","  61.2","*","  56.7","*"," 0.35","G","999.9","110000"
"03023099999","2019-07-12","57.3333333","-7.3666666","4.0","SOUTH UIST RANGE, UK","  57.8","24","  55.7","24","1016.8","24","016.3","24"," 28.9","24","  7.0","24","  9.9","999.9","  60.1","*","  56.1"," "," 0.01","G","999.9","010000"
"03023099999","2019-07-13","57.3333333","-7.3666666","4.0","SOUTH UIST RANGE, UK","  57.2","24","  52.1","24","1025.0","24","024.5","24"," 37.1","24","  8.6","24"," 13.0","999.9","  59.9","*","  54.3"," "," 0.00","G","999.9","010000"
"03023099999","2019-07-14","57.3333333","-7.3666666","4.0","SOUTH UIST RANGE, UK","  58.0","24","  53.3","24","1025.7","24","025.2","24"," 40.1","24","  5.6","24","  9.9","999.9","  61.0","*","  54.5","*"," 0.00","I","999.9","000000"
"03023099999","2019-07-15","57.3333333","-7.3666666","4.0","SOUTH UIST RANGE, UK","  60.2","24","  55.2","24","1020.3","24","019.8","24"," 31.5","24","  8.5","24"," 15.0","999.9","  68.0","*","  52.2"," "," 0.01","G","999.9","010000"
"03023099999","2019-07-16","57.3333333","-7.3666666","4.0","SOUTH UIST RANGE, UK","  60.2","24","  56.8","24","1014.9","24","014.4","24"," 18.6","24"," 12.8","24"," 18.1","999.9","  64.4","*","  57.2"," "," 0.00","G","999.9","010000"
"03023099999","2019-07-17","57.3333333","-7.3666666","4.0","SOUTH UIST RANGE, UK","  58.0","24","  56.2","24","1004.4","24","003.9","24"," 11.9","24"," 16.5","24"," 25.1"," 33.0","  60.8","*","  56.7","*"," 0.17","G","999.9","010000"
"03023099999","2019-07-18","57.3333333","-7.3666666","4.0","SOUTH UIST RANGE, UK","  58.0","24","  55.2","24","1001.3","24","000.9","24"," 12.7","24"," 15.5","24"," 18.1","999.9","  60.8","*","  55.8"," "," 0.55","G","999.9","010000"
"03023099999","2019-07-19","57.3333333","-7.3666666","4.0","SOUTH UIST RANGE, UK","  58.2","24","  54.0","24","1002.6","24","002.1","24"," 24.5","24"," 10.7","24"," 15.9","999.9","  61.2","*","  54.9","*"," 0.08","G","999.9","000000"
"03023099999","2019-07-20","57.3333333","-7.3666666","4.0","SOUTH UIST RANGE, UK","  58.1","24","  54.1","24","1003.8","24","003.3","24"," 39.0","24"," 10.3","24"," 18.1","999.9","  61.7","*","  53.2"," "," 0.00","G","999.9","000000"
"03023099999","2019-07-21","57.3333333","-7.3666666","4.0","SOUTH UIST RANGE, UK","  59.2","24","  56.8","24","1006.3","24","005.8","24"," 17.7","24"," 19.2","24"," 27.0"," 40.0","  61.7","*","  55.0"," "," 0.02","G","999.9","010000"
"03023099999","2019-07-22","57.3333333","-7.3666666","4.0","SOUTH UIST RANGE, UK","  59.3","24","  58.6","24","1005.3","24","004.8","24","  4.2","24"," 16.3","24"," 22.9"," 29.9","  60.8","*","  57.2","*"," 0.20","G","999.9","010000"
"03023099999","2019-07-23","57.3333333","-7.3666666","4.0","SOUTH UIST RANGE, UK","  63.8","24","  60.6","24","1009.3","24","008.8","24"," 14.4","24"," 20.7","24"," 26.0"," 37.9","  67.3","*","  60.3"," "," 0.50","G","999.9","010000"
"03023099999","2019-07-24","57.3333333","-7.3666666","4.0","SOUTH UIST RANGE, UK","  62.3","24","  59.2","24","1006.2","24","005.7","24"," 24.8","24"," 12.7","24"," 18.1"," 27.0","  64.8","*","  59.5","*"," 0.02","G","999.9","010000"
"03023099999","2019-07-25","57.3333333","-7.3666666","4.0","SOUTH UIST RANGE, UK","  67.0","24","  58.8","24","1005.4","24","005.0","24"," 33.5","24"," 18.9","24"," 27.0"," 42.0","  74.7","*","  59.2"," "," 0.06","G","999.9","010000"
"03023099999","2019-07-26","57.3333333","-7.3666666","4.0","SOUTH UIST RANGE, UK","  63.9","24","  58.4","24","1004.8","24","004.3","24"," 22.0","24"," 21.1","24"," 25.1"," 35.9","  68.2","*","  58.1","*"," 0.00","G","999.9","000000"
"03023099999","2019-07-27","57.3333333","-7.3666666","4.0","SOUTH UIST RANGE, UK","  58.7","24","  54.2","24","1010.1","24","009.6","24"," 24.6","24","  6.1","24"," 14.0","999.9","  61.0","*","  56.7","*"," 0.01","E","999.9","010000"
"03023099999","2019-07-28","57.3333333","-7.3666666","4.0","SOUTH UIST RANGE, UK","  58.1","24","  56.7","24","1008.2","24","007.8","24"," 10.4","24","  5.8","24","  9.9","999.9","  62.1","*","  55.0"," "," 0.13","G","999.9","110000"
"03023099999","2019-07-29","57.3333333","-7.3666666","4.0","SOUTH UIST RANGE, UK","  60.3","24","  58.8","24","1005.6","24","005.2","24"," 10.1","24","  4.6","24"," 11.1","999.9","  66.4","*","  54.0","*"," 0.08","G","999.9","110000"
"03023099999","2019-07-30","57.3333333","-7.3666666","4.0","SOUTH UIST RANGE, UK","  60.3","24","  57.3","24","1008.5","24","008.1","24"," 34.6","24","  7.0","24","  9.9","999.9","  63.5","*","  55.8","*"," 0.02","G","999.9","010000"
"03023099999","2019-07-31","57.3333333","-7.3666666","4.0","SOUTH UIST RANGE, UK","  59.3","24","  56.3","24","1013.7","24","013.2","24"," 40.2","24","  6.4","24"," 11.1","999.9","  63.0","*","  52.5"," "," 0.00","G","999.9","000000"
"03023099999","2019-08-01","57.3333333","-7.3666666","4.0","SOUTH UIST RANGE, UK","  60.3","24","  55.0","24","1020.2","24","019.7","24"," 44.8","24","  6.7","24"," 13.0","999.9","  63.9","*","  57.4"," ","99.99"," ","999.9","010000"
"03023099999","2019-08-02","57.3333333","-7.3666666","4.0","SOUTH UIST RANGE, UK","  61.9","24","  58.0","24","1021.0","24","020.5","24"," 33.1","24","  7.3","24"," 12.0","999.9","  68.0","*","  56.5"," ","99.99"," ","999.9","010000"
"03023099999","2019-08-03","57.3333333","-7.3666666","4.0","SOUTH UIST RANGE, UK","  63.0","24","  58.1","24","1017.0","24","016.5","24"," 33.0","24","  9.7","24"," 14.0","999.9","  70.2","*","  57.6"," "," 0.00","I","999.9","000000"
"03023099999","2019-08-04","57.3333333","-7.3666666","4.0","SOUTH UIST RANGE, UK","  62.1","24","  59.1","24","1009.0","24","008.5","24"," 23.7","24"," 11.7","24"," 15.9","999.9","  65.5","*","  59.4","*"," 0.02","G","999.9","010000"
"03023099999","2019-08-05","57.3333333","-7.3666666","4.0","SOUTH UIST RANGE, UK","  61.2","24","  57.0","24","1000.9","24","000.5","24"," 31.7","24"," 10.0","24"," 14.0","999.9","  64.8","*","  57.9"," "," 0.23","G","999.9","010000"
"03023099999","2019-08-06","57.3333333","-7.3666666","4.0","SOUTH UIST RANGE, UK","  59.2","24","  56.0","24"," 998.7","24","998.3","24"," 30.7","24","  6.5","24"," 12.0","999.9","  63.9","*","  55.4"," "," 0.62","G","999.9","010000"
"03023099999","2019-08-07","57.3333333","-7.3666666","4.0","SOUTH UIST RANGE, UK","  58.5","21","  55.4","20","1002.0","21","001.5","21"," 26.6","21"," 12.1","21"," 16.9","999.9","  62.6","*","  55.9"," "," 0.19","G","999.9","110000"
"03023099999","2019-08-08","57.3333333","-7.3666666","4.0","SOUTH UIST RANGE, UK","  57.7","24","  52.9","24","1008.7","24","008.2","24"," 34.7","24"," 14.1","24"," 22.9"," 29.9","  60.8","*","  54.9"," "," 0.00","G","999.9","010000"
"03023099999","2019-08-09","57.3333333","-7.3666666","4.0","SOUTH UIST RANGE, UK","  58.2","24","  54.6","24"," 997.3","24","996.9","24"," 23.6","24"," 20.7","24"," 28.0"," 35.0","  60.3","*","  55.8","*"," 0.12","E","999.9","010000"
"03023099999","2019-08-10","57.3333333","-7.3666666","4.0","SOUTH UIST RANGE, UK","  56.5","24","  53.6","24"," 995.2","24","994.7","24"," 22.3","23"," 21.4","24"," 26.0"," 33.0","  58.3","*","  53.6","*","99.99"," ","999.9","010000"
"03023099999","2019-08-11","57.3333333","-7.3666666","4.0","SOUTH UIST RANGE, UK","  53.4","24","  46.0","24","1008.8","24","008.3","24"," 28.0","24"," 13.2","24"," 20.0"," 28.9","  57.2","*","  49.1","*"," 0.09","G","999.9","010000"
"03023099999","2019-08-12","57.3333333","-7.3666666","4.0","SOUTH UIST RANGE, UK","  53.3","24","  47.7","24","1011.1","24","010.7","24"," 44.0","24","  9.5","24"," 13.0","999.9","  59.4","*","  43.0"," "," 0.00","G","999.9","010000"
"03023099999","2019-08-13","57.3333333","-7.3666666","4.0","SOUTH UIST RANGE, UK","  55.5","24","  47.1","24","1011.9","24","011.4","24"," 28.0","24"," 13.5","24"," 18.1","999.9","  59.0","*","  51.8"," "," 0.02","G","999.9","010000"
"03023099999","2019-08-14","57.3333333","-7.3666666","4.0","SOUTH UIST RANGE, UK","  55.5","24","  52.4","24","1004.1","24","003.6","24"," 29.6","24"," 10.2","24"," 15.9","999.9","  59.0","*","  48.2"," "," 0.01","G","999.9","010000"
"03023099999","2019-08-15","57.3333333","-7.3666666","4.0","SOUTH UIST RANGE, UK","  56.6","24","  51.2","24","1005.1","24","004.6","24"," 29.8","24"," 14.2","24"," 22.9"," 33.0","  59.9","*","  53.2"," "," 0.23","G","999.9","010000"
"03023099999","2019-08-16","57.3333333","-7.3666666","4.0","SOUTH UIST RANGE, UK","  59.1","24","  57.0","24"," 992.5","24","992.0","24","  7.3","24"," 20.8","24"," 27.0"," 36.9","  62.8","*","  56.1"," "," 0.66","G","999.9","010000"
"03023099999","2019-08-17","57.3333333","-7.3666666","4.0","SOUTH UIST RANGE, UK","  56.6","24","  52.5","24"," 987.2","24","986.7","24","  8.7","24"," 22.5","24"," 32.1"," 43.9","  59.9","*","  53.1","*"," 0.42","G","999.9","010000"
"03023099999","2019-08-18","57.3333333","-7.3666666","4.0","SOUTH UIST RANGE, UK","  57.5","24","  53.7","24"," 990.0","24","989.5","24"," 14.6","24"," 14.3","24"," 18.1"," 28.0","  60.3","*","  53.4"," "," 0.57","G","999.9","010000"
"03023099999","2019-08-19","57.3333333","-7.3666666","4.0","SOUTH UIST RANGE, UK","  56.5","23","  51.9","23","1003.8","23","003.3","23"," 23.0","23"," 14.1","23"," 21.0"," 27.0","  59.4","*","  53.8"," "," 0.02","G","999.9","010000"
"03023099999","2019-08-20","57.3333333","-7.3666666","4.0","SOUTH UIST RANGE, UK","  57.6"," 7","  52.1"," 7","1017.4"," 7","017.0"," 7"," 17.1"," 7"," 13.0"," 7"," 14.0","999.9","  58.5","*","  56.3","*"," 0.00","G","999.9","000000"
"03023099999","2019-08-21","57.3333333","-7.3666666","4.0","SOUTH UIST RANGE, UK","  57.3","24","  54.6","24","1011.9","24","011.5","24"," 12.1","24"," 19.3","24"," 32.1"," 43.9","  59.4","*","  55.6"," "," 0.02","G","999.9","010000"
"03023099999","2019-08-22","57.3333333","-7.3666666","4.0","SOUTH UIST RANGE, UK","  57.5","24","  53.4","24","1008.2","24","007.7","24"," 10.0","24"," 22.8","24"," 29.9"," 42.9","  59.4","*","  54.7"," "," 0.40","G","999.9","010000"
"03023099999","2019-08-23","57.3333333","-7.3666666","4.0","SOUTH UIST RANGE, UK","  59.9","24","  57.4","24","1013.0","24","012.5","24"," 10.1","24"," 21.6","24"," 27.0"," 36.9","  62.6","*","  55.0"," "," 0.31","G","999.9","010000"
"03023099999","2019-08-24","57.3333333","-7.3666666","4.0","SOUTH UIST RANGE, UK","  59.4","24","  57.3","24","1014.2","24","013.7","24"," 14.1","24"," 13.4","24"," 20.0"," 29.9","  61.0","*","  57.6","*"," 0.02","G","999.9","010000"
"03023099999","2019-08-25","57.3333333","-7.3666666","4.0","SOUTH UIST RANGE, UK","  58.3","24","  55.7","24","1016.8","24","016.3","24"," 32.2","24","  8.2","24"," 16.9"," 25.1","  61.7","*","  56.3"," "," 0.06","G","999.9","010000"
"03023099999","2019-08-26","57.3333333","-7.3666666","4.0","SOUTH UIST RANGE, UK","  56.4","24","  54.1","24","1013.4","24","012.9","24"," 12.9","24"," 16.1","24"," 22.0"," 30.9","  58.1","*","  53.8","*"," 0.00","G","999.9","010000"
"03023099999","2019-08-27","57.3333333","-7.3666666","4.0","SOUTH UIST RANGE, UK","  54.2","24","  53.8","24","1011.9","24","011.4","24","  2.8","24","  5.8","24"," 13.0","999.9","  55.8","*","  52.2"," "," 0.80","G","999.9","010000"
"03023099999","2019-08-28","57.3333333","-7.3666666","4.0","SOUTH UIST RANGE, UK","  55.6","24","  52.2","24","1006.0","24","005.5","24"," 26.3","24"," 11.2","24"," 13.0","999.9","  59.9","*","  51.8","*"," 1.50","G","999.9","010000"
"03023099999","2019-08-29","57.3333333","-7.3666666","4.0","SOUTH UIST RANGE, UK","  56.8","24","  53.7","24","1002.3","24","001.9","24"," 12.0","24"," 21.5","24"," 28.0"," 39.0","  59.9","*","  49.3"," "," 0.27","G","999.9","010000"
"03023099999","2019-08-30","57.3333333","-7.3666666","4.0","SOUTH UIST RANGE, UK","  55.9","22","  52.8","22","1003.0","22","002.5","22"," 21.7","22","  9.1","22"," 25.1"," 33.0","  59.4","*","  53.6"," "," 0.54","G","999.9","010000"
"03023099999","2019-08-31","57.3333333","-7.3666666","4.0","SOUTH UIST RANGE, UK","  54.2","14","  50.8","14","1001.1","14","000.6","14"," 24.4","14","  9.8","14"," 15.0"," 25.1","  56.5","*","  52.3"," "," 0.54","G","999.9","010000"
"03023099999","2019-09-01","57.3333333","-7.3666666","4.0","SOUTH UIST RANGE, UK","  54.7","13","  47.3","13","1014.7","13","014.2","13"," 35.8","13"," 11.8","13"," 14.0"," 33.0","  58.5","*","  51.1","*"," 0.00","G","999.9","010000"
"03023099999","2019-09-02","57.3333333","-7.3666666","4.0","SOUTH UIST RANGE, UK","  56.1","24","  54.5","24","1010.1","24","009.6","24"," 11.2","24"," 17.2","24"," 22.9"," 33.0","  58.5","*","  49.3"," "," 0.34","G","999.9","010000"
"03023099999","2019-09-03","57.3333333","-7.3666666","4.0","SOUTH UIST RANGE, UK","  56.0","24","  53.6","24","1010.3","24","009.9","24"," 24.4","24"," 13.1","24"," 23.9"," 32.1","  58.3","*","  51.3"," "," 0.28","G","999.9","010000"
"03023099999","2019-09-04","57.3333333","-7.3666666","4.0","SOUTH UIST RANGE, UK","  53.0","24","  46.4","24","1010.1","24","009.6","24"," 17.6","24"," 22.6","24"," 30.9"," 42.9","  55.8","*","  50.0","*"," 0.22","G","999.9","010000"
"03023099999","2019-09-05","57.3333333","-7.3666666","4.0","SOUTH UIST RANGE, UK","  55.3","24","  50.9","24","1018.3","24","017.8","24"," 11.9","24"," 20.6","24"," 28.9"," 40.0","  58.1","*","  50.2"," "," 0.09","G","999.9","010000"
"03023099999","2019-09-06","57.3333333","-7.3666666","4.0","SOUTH UIST RANGE, UK","  54.7","23","  49.6","23","1013.9","23","013.4","23"," 19.2","23"," 16.7","23"," 25.1"," 35.0","  59.0","*","  50.0","*"," 0.12","G","999.9","010000"
"03023099999","2019-09-07","57.3333333","-7.3666666","4.0","SOUTH UIST RANGE, UK","  53.8","24","  47.4","24","1025.8","24","025.3","24"," 39.3","24","  5.3","24"," 11.1","999.9","  58.1","*","  46.0"," "," 0.13","G","999.9","010000"
"03023099999","2019-09-08","57.3333333","-7.3666666","4.0","SOUTH UIST RANGE, UK","  56.1","24","  54.2","24","1017.9","24","017.4","24"," 19.7","24"," 15.7","24"," 22.0"," 30.9","  59.0","*","  52.2"," "," 0.00","G","999.9","010000"
"03023099999","2019-09-09","57.3333333","-7.3666666","4.0","SOUTH UIST RANGE, UK","  54.6","24","  49.8","24","1011.7","24","011.2","24"," 24.7","24"," 11.2","24"," 16.9"," 26.0","  57.6","*","  51.8"," "," 0.20","G","999.9","010000"
"03023099999","2019-09-10","57.3333333","-7.3666666","4.0","SOUTH UIST RANGE, UK","  54.0","24","  51.0","24","1009.6","24","009.1","24"," 12.1","24"," 19.2","24"," 32.1"," 43.9","  58.3","*","  45.9"," "," 0.00","G","999.9","010000"
"03023099999","2019-09-11","57.3333333","-7.3666666","4.0","SOUTH UIST RANGE, UK","  56.4","24","  52.4","24","1006.5","24","006.0","24"," 11.6","24"," 22.7","24"," 27.0"," 41.0","  58.5","*","  54.5","*"," 0.74","G","999.9","010000"
"03023099999","2019-09-12","57.3333333","-7.3666666","4.0","SOUTH UIST RANGE, UK","  55.4","24","  49.1","24","1018.5","24","018.0","24"," 19.6","24"," 18.5","24"," 22.0"," 30.9","  58.3","*","  52.7"," "," 0.03","G","999.9","010000"
"03023099999","2019-09-13","57.3333333","-7.3666666","4.0","SOUTH UIST RANGE, UK","  56.0","23","  49.7","23","1030.1","23","029.6","23"," 13.5","23"," 20.3","23"," 22.9"," 29.9","  58.5","*","  53.4"," "," 0.04","G","999.9","010000"
"03023099999","2019-09-14","57.3333333","-7.3666666","4.0","SOUTH UIST RANGE, UK","  56.0","24","  52.9","24","1018.6","24","018.1","24","  6.3","24"," 28.7","24"," 35.9"," 49.0","  58.3","*","  52.0"," "," 0.07","G","999.9","010000"
"03023099999","2019-09-15","57.3333333","-7.3666666","4.0","SOUTH UIST RANGE, UK","  53.9","24","  43.9","24","1020.6","24","020.1","24"," 14.4","24"," 18.0","24"," 25.1"," 37.9","  56.5","*","  52.2","*"," 0.24","G","999.9","010000"
"03023099999","2019-09-16","57.3333333","-7.3666666","4.0","SOUTH UIST RANGE, UK","  53.6","23","  46.1","23","1021.7","23","021.2","23"," 19.6","23"," 16.8","23"," 20.0"," 28.9","  56.5","*","  49.8"," "," 0.00","G","999.9","010000"
"03023099999","2019-09-17","57.3333333","-7.3666666","4.0","SOUTH UIST RANGE, UK","  52.2","24","  43.1","24","1026.5","24","026.0","24"," 20.2","24","  8.3","24"," 15.9","999.9","  55.4","*","  49.1"," "," 0.01","G","999.9","010000"
"03023099999","2019-09-18","57.3333333","-7.3666666","4.0","SOUTH UIST RANGE, UK","  55.6","24","  55.3","20","1027.3","24","026.8","24"," 11.9","24"," 12.2","24"," 18.1","999.9","  57.4","*","  49.6"," "," 0.16","G","999.9","110000"
"03023099999","2019-09-19","57.3333333","-7.3666666","4.0","SOUTH UIST RANGE, UK","  55.0","24","  52.4","24","1028.5","24","028.0","24"," 31.8","24"," 12.3","24"," 15.0","999.9","  58.5","*","  52.2","*"," 0.04","G","999.9","000000"
"03023099999","2019-09-20","57.3333333","-7.3666666","4.0","SOUTH UIST RANGE, UK","  59.7","24","  52.4","24","1020.4","24","019.9","24"," 36.7","24"," 15.0","24"," 21.0"," 28.9","  63.9","*","  51.8"," "," 0.00","G","999.9","000000"
"03023099999","2019-09-21","57.3333333","-7.3666666","4.0","SOUTH UIST RANGE, UK","  64.5","24","  48.8","24","1007.2","24","006.7","24"," 46.1","24"," 19.7","24"," 23.9"," 34.0","  68.9","*","  59.2"," "," 0.00","I","999.9","000000"
"03023099999","2019-09-22","57.3333333","-7.3666666","4.0","SOUTH UIST RANGE, UK","  62.2","24","  55.1","24","1000.5","24","000.1","24"," 29.6","24","  9.9","24"," 20.0"," 28.0","  66.2","*","  58.8"," "," 0.02","G","999.9","010000"
"03023099999","2019-09-23","57.3333333","-7.3666666","4.0","SOUTH UIST RANGE, UK","  58.1","24","  55.4","23","1000.2","24","999.7","24"," 25.4","24"," 11.0","24"," 21.0"," 33.0","  61.2","*","  55.2"," "," 0.14","G","999.9","110000"
"03023099999","2019-09-24","57.3333333","-7.3666666","4.0","SOUTH UIST RANGE, UK","  58.9","24","  55.9","24"," 996.1","24","995.7","24"," 30.8","24"," 10.4","24"," 15.9","999.9","  63.9","*","  55.8"," "," 0.09","G","999.9","010000"
"03023099999","2019-09-25","57.3333333","-7.3666666","4.0","SOUTH UIST RANGE, UK","  58.5","24","  56.7","24"," 994.0","24","993.5","24"," 23.3","24","  9.2","24"," 22.0"," 30.9","  63.5","*","  53.1"," "," 0.07","G","999.9","110000"
"03023099999","2019-09-26","57.3333333","-7.3666666","4.0","SOUTH UIST RANGE, UK","  55.6","24","  53.2","24"," 987.9","24","987.4","24"," 17.5","24"," 15.2","24"," 22.9"," 32.1","  58.1","*","  49.5","*"," 0.18","G","999.9","010000"
"03023099999","2019-09-27","57.3333333","-7.3666666","4.0","SOUTH UIST RANGE, UK","  52.8","24","  49.5","24"," 992.6","24","992.1","24"," 35.7","24","  6.5","24","  8.9","999.9","  59.0","*","  47.3","*"," 0.03","G","999.9","010000"
"03023099999","2019-09-28","57.3333333","-7.3666666","4.0","SOUTH UIST RANGE, UK","  52.3","24","  49.4","24"," 999.7","24","999.3","24"," 34.1","24","  3.9","24","  7.0","999.9","  58.5","*","  45.5"," "," 0.03","G","999.9","100000"
"03023099999","2019-09-29","57.3333333","-7.3666666","4.0","SOUTH UIST RANGE, UK","  54.3","24","  51.8","24","1002.0","24","001.6","24"," 42.7","24","  8.8","24"," 12.0","999.9","  57.6","*","  49.1"," "," 0.00","G","999.9","010000"
"03023099999","2019-09-30","57.3333333","-7.3666666","4.0","SOUTH UIST RANGE, UK","  51.1","24","  45.2","24","1007.8","24","007.3","24"," 44.7","24"," 14.7","24"," 23.9"," 32.1","  52.7","*","  49.1","*"," 0.01","G","999.9","000000"
"03023099999","2019-10-01","57.3333333","-7.3666666","4.0","SOUTH UIST RANGE, UK","  48.1","24","  40.2","24","1010.2","24","009.7","24"," 43.2","24"," 16.1","24"," 22.9"," 28.9","  53.1","*","  42.3","*"," 0.00","G","999.9","010000"
"03023099999","2019-10-02","57.3333333","-7.3666666","4.0","SOUTH UIST RANGE, UK","  47.4","22","  40.4","22","1019.9","22","019.4","22"," 40.4","22","  6.4","22"," 12.0","999.9","  52.9","*","  41.4","*"," 0.02","G","999.9","010000"
"03023099999","2019-10-03","57.3333333","-7.3666666","4.0","SOUTH UIST RANGE, UK","  49.5","24","  42.1","24","1008.5","24","008.0","24"," 37.0","24"," 19.4","24"," 28.9"," 43.9","  53.1","*","  41.2"," "," 0.00","G","999.9","010000"
"03023099999","2019-10-04","57.3333333","-7.3666666","4.0","SOUTH UIST RANGE, UK","  52.9","21","  46.8","21","1005.5","21","005.0","21"," 40.5","21"," 12.8","21"," 22.9"," 35.0","  57.6","*","  48.0"," "," 0.21","G","999.9","010000"
"03023099999","2019-10-05","57.3333333","-7.3666666","4.0","SOUTH UIST RANGE, UK","  53.3","24","  49.0","24","1007.8","24","007.3","24"," 21.7","24"," 20.5","24"," 28.0"," 40.0","  54.0","*","  49.3"," "," 0.00","G","999.9","010000"
"03023099999","2019-10-06","57.3333333","-7.3666666","4.0","SOUTH UIST RANGE, UK","  54.2","24","  50.8","24","1008.5","24","008.0","24"," 20.0","24"," 12.0","24"," 25.1"," 35.0","  56.7","*","  49.5","*"," 0.55","G","999.9","010000"
"03023099999","2019-10-07","57.3333333","-7.3666666","4.0","SOUTH UIST RANGE, UK","  54.3","24","  50.1","24"," 996.2","24","995.7","24","  7.4","24"," 29.0","24"," 36.9"," 54.0","  56.7","*","  48.9"," "," 0.13","G","999.9","010000"
"03023099999","2019-10-08","57.3333333","-7.3666666","4.0","SOUTH UIST RANGE, UK","  53.2","24","  48.4","24"," 986.2","24","985.7","24","  7.4","24"," 28.0","24"," 33.0"," 44.9","  54.5","*","  50.4","*"," 0.38","G","999.9","110000"
"03023099999","2019-10-09","57.3333333","-7.3666666","4.0","SOUTH UIST RANGE, UK","  52.7","24","  48.9","24"," 987.6","24","987.2","24","  9.7","24"," 26.8","24"," 30.9"," 42.0","  53.8","*","  50.5"," "," 0.27","G","999.9","010000"
"03023099999","2019-10-10","57.3333333","-7.3666666","4.0","SOUTH UIST RANGE, UK","  52.1","24","  48.1","24"," 993.1","24","992.6","24"," 16.9","24"," 14.3","24"," 21.0"," 34.0","  54.5","*","  50.0","*"," 0.20","G","999.9","010000"
"03023099999","2019-10-11","57.3333333","-7.3666666","4.0","SOUTH UIST RANGE, UK","  51.8","24","  47.4","24"," 988.7","24","988.2","24"," 18.8","24"," 19.4","24"," 28.0"," 40.0","  53.6","*","  49.5","*"," 0.39","G","999.9","010000"
"03023099999","2019-10-12","57.3333333","-7.3666666","4.0","SOUTH UIST RANGE, UK","  50.2","24","  45.6","24"," 998.1","24","997.6","24"," 31.0","24"," 13.8","24"," 19.0"," 29.9","  53.8","*","  45.0","*"," 0.35","G","999.9","010000"
"03023099999","2019-10-13","57.3333333","-7.3666666","4.0","SOUTH UIST RANGE, UK","  46.9","24","  44.5","24","1000.9","24","000.4","24"," 44.3","24","  5.0","24","  8.9","999.9","  53.1","*","  41.4"," "," 0.04","G","999.9","010000"
"03023099999","2019-10-14","57.3333333","-7.3666666","4.0","SOUTH UIST RANGE, UK","  49.0","23","  45.8","23","1004.8","23","004.4","23"," 38.7","23","  7.3","23"," 12.0","999.9","  54.0","*","  43.0"," "," 0.24","G","999.9","010000"
"03023099999","2019-10-15","57.3333333","-7.3666666","4.0","SOUTH UIST RANGE, UK","  54.1","14","  48.1","14"," 995.9","14","995.4","14"," 37.1","14"," 23.2","14"," 25.1"," 36.9","  54.7","*","  53.1","*"," 0.00","G","999.9","000000"
"03023099999","2019-10-16","57.3333333","-7.3666666","4.0","SOUTH UIST RANGE, UK","  51.6","24","  46.7","24"," 994.1","24","993.6","24"," 20.3","24"," 14.7","24"," 28.0"," 36.9","  55.4","*","  45.9","*"," 0.35","G","999.9","010000"
"03023099999","2019-10-17","57.3333333","-7.3666666","4.0","SOUTH UIST RANGE, UK","  52.1","24","  46.5","24"," 994.9","24","994.4","24"," 28.7","24"," 17.0","24"," 22.0"," 30.9","  54.7","*","  45.5"," "," 0.02","G","999.9","010000"
"03023099999","2019-10-18","57.3333333","-7.3666666","4.0","SOUTH UIST RANGE, UK","  50.9","24","  47.0","24"," 995.7","24","995.2","24"," 41.5","24","  8.4","24"," 15.0","999.9","  53.8","*","  47.7"," "," 0.05","G","999.9","010000"
"03023099999","2019-10-19","57.3333333","-7.3666666","4.0","SOUTH UIST RANGE, UK","  49.7","24","  45.2","24","1006.1","24","005.6","24"," 28.4","24"," 16.7","24"," 21.0"," 30.9","  53.1","*","  47.3"," "," 0.09","G","999.9","010000"
"03023099999","2019-10-20","57.3333333","-7.3666666","4.0","SOUTH UIST RANGE, UK","  46.2","24","  39.3","24","1020.3","24","019.8","24"," 42.6","24"," 12.1","24"," 16.9"," 26.0","  50.0","*","  43.5"," "," 0.01","G","999.9","000000"
"03023099999","2019-10-21","57.3333333","-7.3666666","4.0","SOUTH UIST RANGE, UK","  48.3","24","  42.0","24","1019.9","24","019.4","24"," 31.8","24"," 17.0","24"," 26.0"," 36.9","  52.9","*","  41.5"," "," 0.00","G","999.9","000000"
"03023099999","2019-10-22","57.3333333","-7.3666666","4.0","SOUTH UIST RANGE, UK","  53.1","24","  50.9","24","1009.5","24","009.0","24","  6.6","24"," 25.4","24"," 28.0"," 37.9","  54.9","*","  50.9"," "," 0.04","G","999.9","010000"
"03023099999","2019-10-23","57.3333333","-7.3666666","4.0","SOUTH UIST RANGE, UK","  52.2","24","  51.3","24"," 998.6","24","998.1","24","  6.2","24"," 23.6","24"," 28.0"," 39.0","  52.9","*","  51.3","*"," 0.40","G","999.9","010000"
"03023099999","2019-10-24","57.3333333","-7.3666666","4.0","SOUTH UIST RANGE, UK","  46.9","24","  39.2","24"," 997.1","24","996.6","24"," 26.7","24"," 20.4","24"," 26.0"," 42.0","  52.2","*","  42.1","*"," 1.02","G","999.9","010000"
"03023099999","2019-10-25","57.3333333","-7.3666666","4.0","SOUTH UIST RANGE, UK","  44.5","24","  34.0","24","1001.4","24","001.0","24"," 24.6","24"," 24.1","24"," 29.9"," 47.0","  47.3","*","  38.3"," "," 0.03","G","999.9","010000"
"03023099999","2019-10-26","57.3333333","-7.3666666","4.0","SOUTH UIST RANGE, UK","  45.7","24","  39.3","24","1001.9","24","001.4","24"," 27.3","24"," 20.9","24"," 26.0"," 35.0","  47.5","*","  42.3"," "," 0.09","G","999.9","010000"
"03023099999","2019-10-27","57.3333333","-7.3666666","4.0","SOUTH UIST RANGE, UK","  45.6","24","  38.9","24","1020.2","24","019.7","24"," 27.2","24"," 13.7","24"," 25.1"," 35.0","  48.6","*","  40.1","*"," 0.27","G","999.9","010000"
"03023099999","2019-10-28","57.3333333","-7.3666666","4.0","SOUTH UIST RANGE, UK","  43.2","24","  39.0","24","1029.9","24","029.4","24"," 40.1","24","  7.7","24"," 12.0","999.9","  47.7","*","  38.3"," "," 0.06","G","999.9","010000"
"03023099999","2019-10-29","57.3333333","-7.3666666","4.0","SOUTH UIST RANGE, UK","  41.2","24","  37.0","24","1032.1","24","031.6","24"," 46.6","24","  4.9","24","  8.9","999.9","  48.2","*","  35.4"," "," 0.02","G","999.9","010000"
"03023099999","2019-10-30","57.3333333","-7.3666666","4.0","SOUTH UIST RANGE, UK","  42.9","24","  37.1","24","1028.0","24","027.5","24"," 46.6","24","  7.4","24"," 12.0","999.9","  49.3","*","  34.5"," "," 0.01","G","999.9","000000"
"03023099999","2019-10-31","57.3333333","-7.3666666","4.0","SOUTH UIST RANGE, UK","  45.4","24","  38.6","24","1017.4","24","016.9","24"," 39.7","24"," 11.7","24"," 15.0","999.9","  48.2","*","  40.1"," "," 0.00","G","999.9","010000"
"03023099999","2019-11-01","57.3333333","-7.3666666","4.0","SOUTH UIST RANGE, UK","  46.8","24","  44.0","24"," 992.9","24","992.5","24"," 27.7","24"," 13.2","24"," 15.9","999.9","  48.6","*","  44.8"," "," 0.06","G","999.9","010000"
"03023099999","2019-11-02","57.3333333","-7.3666666","4.0","SOUTH UIST RANGE, UK","  50.4"," 9","  48.1"," 9"," 975.8"," 9","975.3"," 9"," 34.7"," 9"," 14.4"," 9"," 20.0"," 26.0","  51.3","*","  46.8"," "," 0.01","G","999.9","010000"
"03023099999","2019-11-03","57.3333333","-7.3666666","4.0","SOUTH UIST RANGE, UK","  50.3","12","  46.0","12"," 983.5","12","983.0","12"," 39.1","12"," 20.8","12"," 26.0"," 32.1","  51.8","*","  49.3","*"," 0.00","G","999.9","000000"
"03023099999","2019-11-04","57.3333333","-7.3666666","4.0","SOUTH UIST RANGE, UK","  50.0","24","  44.8","24"," 993.5","24","993.0","24"," 29.3","24"," 25.1","24"," 29.9"," 40.0","  51.3","*","  45.9","*"," 0.00","I","999.9","000000"
"03023099999","2019-11-05","57.3333333","-7.3666666","4.0","SOUTH UIST RANGE, UK","  42.8","24","  38.6","24","1008.8","24","008.3","24"," 37.0","24"," 10.4","24"," 16.9","999.9","  46.8","*","  36.7","*","99.99"," ","999.9","010000"
"03023099999","2019-11-06","57.3333333","-7.3666666","4.0","SOUTH UIST RANGE, UK","  40.6","24","  37.9","24","1001.9","24","001.4","24"," 38.4","24","  6.1","24"," 12.0","999.9","  43.7","*","  36.1"," "," 0.20","E","999.9","010000"
"03023099999","2019-11-07","57.3333333","-7.3666666","4.0","SOUTH UIST RANGE, UK","  42.2","19","  36.8","19","1002.3","19","001.8","19"," 37.9","19"," 16.5","19"," 25.1"," 30.9","  44.6","*","  35.8"," "," 0.02","A","999.9","010000"
"03023099999","2019-11-08","57.3333333","-7.3666666","4.0","SOUTH UIST RANGE, UK","  39.1","24","  33.0","24","1012.8","24","012.3","24"," 45.7","24","  9.2","24"," 19.0"," 28.0","  44.8","*","  33.8","*"," 0.06","G","999.9","010000"
"03023099999","2019-11-09","57.3333333","-7.3666666","4.0","SOUTH UIST RANGE, UK","  43.0","24","  34.5","24","1006.6","24","006.2","24"," 43.4","24"," 15.1","24"," 22.9"," 34.0","  44.1","*","  35.6"," "," 0.00","G","999.9","010000"
"03023099999","2019-11-10","57.3333333","-7.3666666","4.0","SOUTH UIST RANGE, UK","  39.4","24","  31.8","24","1010.3","24","009.8","24"," 37.1","24"," 14.5","24"," 28.0"," 40.0","  43.2","*","  33.3"," "," 0.01","E","999.9","010000"
"03023099999","2019-11-11","57.3333333","-7.3666666","4.0","SOUTH UIST RANGE, UK","  44.0","24","  40.1","24"," 991.2","24","990.7","24"," 19.4","24"," 19.2","24"," 25.1"," 39.0","  46.4","*","  38.7"," "," 0.44","G","999.9","010000"
"03023099999","2019-11-12","57.3333333","-7.3666666","4.0","SOUTH UIST RANGE, UK","  42.2","24","  39.1","24"," 999.2","24","998.7","24"," 26.5","24"," 10.9","24"," 21.0"," 29.9","  45.5","*","  34.2","*"," 0.17","G","999.9","010000"
"03023099999","2019-11-13","57.3333333","-7.3666666","4.0","SOUTH UIST RANGE, UK","  37.8","24","  33.5","24"," 997.1","24","996.6","24"," 44.5","24","  7.9","24"," 14.0","999.9","  43.7","*","  32.9"," "," 0.04","G","999.9","000000"
"03023099999","2019-11-14","57.3333333","-7.3666666","4.0","SOUTH UIST RANGE, UK","  38.3","24","  34.3","24","1012.5","24","012.0","24"," 36.3","24"," 11.6","24"," 15.9"," 30.9","  42.1","*","  34.0"," "," 0.01","G","999.9","010000"
"03023099999","2019-11-15","57.3333333","-7.3666666","4.0","SOUTH UIST RANGE, UK","  37.3","24","  34.8","24","1019.0","24","018.5","24"," 32.5","24","  7.9","24"," 13.0","999.9","  42.8","*","  32.0"," "," 0.06","G","999.9","010000"
"03023099999","2019-11-16","57.3333333","-7.3666666","4.0","SOUTH UIST RANGE, UK","  39.6","24","  36.6","24","1010.0","24","009.6","24"," 46.3","24","  6.0","24"," 11.1","999.9","  44.1","*","  31.6"," "," 0.01","G","999.9","010000"
"03023099999","2019-11-17","57.3333333","-7.3666666","4.0","SOUTH UIST RANGE, UK","  40.7","24","  36.2","24","1016.4","24","015.9","24"," 33.9","24","  6.8","24"," 13.0","999.9","  45.7","*","  34.7","*"," 0.20","G","999.9","010000"
"03023099999","2019-11-18","57.3333333","-7.3666666","4.0","SOUTH UIST RANGE, UK","  38.4","24","  33.6","24","1017.2","24","016.7","24"," 43.4","24","  7.3","24"," 14.0"," 18.1","  43.2","*","  30.9"," "," 0.03","G","999.9","010000"
"03023099999","2019-11-19","57.3333333","-7.3666666","4.0","SOUTH UIST RANGE, UK","  45.1","24","  40.2","24","1007.5","24","007.0","24"," 32.0","24"," 19.9","24"," 25.1"," 35.0","  46.8","*","  41.0"," "," 0.00","G","999.9","010000"
"03023099999","2019-11-20","57.3333333","-7.3666666","4.0","SOUTH UIST RANGE, UK","  47.5","24","  43.3","24","1004.2","24","003.7","24"," 23.2","24"," 20.7","24"," 25.1"," 39.0","  48.6","*","  45.3"," "," 0.02","G","999.9","010000"
"03023099999","2019-11-21","57.3333333","-7.3666666","4.0","SOUTH UIST RANGE, UK","  44.2","24","  33.0","24","1003.3","24","002.8","24"," 42.7","24"," 16.9","24"," 29.9"," 41.0","  47.3","*","  38.7","*"," 0.06","G","999.9","000000"
"03023099999","2019-11-22","57.3333333","-7.3666666","4.0","SOUTH UIST RANGE, UK","  41.9","24","  37.3","24"," 998.7","24","998.3","24"," 46.5","24","  6.4","24","  9.9","999.9","  46.4","*","  36.1"," "," 0.00","G","999.9","000000"
"03023099999","2019-11-23","57.3333333","-7.3666666","4.0","SOUTH UIST RANGE, UK","  43.6","21","  40.7","21","1003.0","21","002.5","21"," 39.1","21","  7.0","21"," 11.1","999.9","  47.5","*","  38.5"," ","99.99"," ","999.9","010000"
"03023099999","2019-11-24","57.3333333","-7.3666666","4.0","SOUTH UIST RANGE, UK","  45.2","24","  43.8","24","1001.0","24","000.5","24"," 37.3","24","  3.3","24","  8.9","999.9","  48.6","*","  40.8"," "," 0.04","E","999.9","010000"
"03023099999","2019-11-25","57.3333333","-7.3666666","4.0","SOUTH UIST RANGE, UK","  47.1","24","  44.9","24"," 999.6","24","999.1","24"," 35.2","24","  7.0","24"," 11.1","999.9","  49.1","*","  44.2"," "," 0.10","G","999.9","010000"
"03023099999","2019-11-26","57.3333333","-7.3666666","4.0","SOUTH UIST RANGE, UK","  48.2","20","  45.8","20"," 991.5","20","991.0","20"," 34.1","20"," 16.0","20"," 26.0"," 33.0","  50.4","*","  45.0","*"," 0.00","G","999.9","010000"
"03023099999","2019-11-27","57.3333333","-7.3666666","4.0","SOUTH UIST RANGE, UK","  48.1","24","  44.8","24"," 990.9","24","990.5","24"," 20.2","24"," 23.9","24"," 27.0"," 37.9","  49.1","*","  45.5","*"," 0.16","G","999.9","010000"
"03023099999","2019-11-28","57.3333333","-7.3666666","4.0","SOUTH UIST RANGE, UK","  42.2","24","  37.5","24","1004.0","24","003.5","24"," 30.8","24"," 17.4","24"," 26.0"," 35.9","  45.5","*","  38.7","*"," 0.06","G","999.9","010000"
"03023099999","2019-11-29","57.3333333","-7.3666666","4.0","SOUTH UIST RANGE, UK","  38.3","24","  34.1","24","1018.3","24","017.8","24"," 41.3","24","  6.2","24"," 11.1","999.9","  43.0","*","  33.3","*"," 0.03","G","999.9","010000"
"03023099999","2019-11-30","57.3333333","-7.3666666","4.0","SOUTH UIST RANGE, UK","  34.5","24","  30.0","24","1023.8","24","023.3","24"," 46.0","24","  4.1","24","  7.0","999.9","  38.7","*","  30.7","*"," 0.01","G","999.9","000000"
"03023099999","2019-12-01","57.3333333","-7.3666666","4.0","SOUTH UIST RANGE, UK","  40.6","24","  36.1","24","1028.5","24","028.0","24"," 42.2","24","  7.1","24"," 13.0","999.9","  46.8","*","  30.6"," "," 0.01","G","999.9","010000"
"03023099999","2019-12-02","57.3333333","-7.3666666","4.0","SOUTH UIST RANGE, UK","  48.1","24","  45.0","24","1025.1","24","024.6","24"," 10.6","24"," 16.9","24"," 22.0"," 29.9","  49.5","*","  44.2"," "," 0.02","G","999.9","010000"
"03023099999","2019-12-03","57.3333333","-7.3666666","4.0","SOUTH UIST RANGE, UK","  48.7","24","  43.8","24","1015.4","24","014.9","24"," 12.1","24"," 22.6","24"," 28.9"," 40.0","  49.3","*","  47.7","*"," 0.09","G","999.9","000000"
"03023099999","2019-12-04","57.3333333","-7.3666666","4.0","SOUTH UIST RANGE, UK","  47.2","24","  42.2","24","1005.2","24","004.7","24","  8.9","24"," 26.4","24"," 30.9"," 49.9","  49.1","*","  44.8","*"," 0.18","G","999.9","010000"
"03023099999","2019-12-05","57.3333333","-7.3666666","4.0","SOUTH UIST RANGE, UK","  49.1","24","  47.3","24"," 995.3","24","994.8","24","  4.9","24"," 25.1","24"," 33.0"," 49.0","  51.3","*","  42.4"," "," 0.31","G","999.9","010000"
"03023099999","2019-12-06","57.3333333","-7.3666666","4.0","SOUTH UIST RANGE, UK","  48.0","24","  45.6","24"," 993.6","24","993.1","24"," 16.9","24"," 14.6","24"," 22.0"," 28.9","  50.2","*","  43.9","*"," 0.54","G","999.9","010000"
"03023099999","2019-12-07","57.3333333","-7.3666666","4.0","SOUTH UIST RANGE, UK","  48.4","24","  47.5","24"," 993.1","24","992.6","24","  8.9","24"," 18.7","24"," 33.0"," 42.0","  51.3","*","  43.3"," "," 0.10","G","999.9","110000"
"03023099999","2019-12-08","57.3333333","-7.3666666","4.0","SOUTH UIST RANGE, UK","  45.0","24","  40.0","24"," 976.5","24","976.0","24"," 10.6","24"," 25.9","24"," 36.9"," 48.0","  48.4","*","  40.3","*"," 0.65","G","999.9","010000"
"03023099999","2019-12-09","57.3333333","-7.3666666","4.0","SOUTH UIST RANGE, UK","  44.1","24","  37.8","24","1008.2","24","007.7","24"," 14.5","24"," 16.0","24"," 29.9"," 42.0","  47.7","*","  39.9"," "," 0.16","G","999.9","010000"
"03023099999","2019-12-10","57.3333333","-7.3666666","4.0","SOUTH UIST RANGE, UK","  46.8","24","  42.9","24"," 985.1","24","984.6","24","  7.7","24"," 33.2","24"," 40.0"," 52.1","  51.8","*","  44.2"," "," 0.24","G","999.9","010000"
"03023099999","2019-12-11","57.3333333","-7.3666666","4.0","SOUTH UIST RANGE, UK","  43.3","24","  36.0","24"," 985.5","24","985.0","24"," 11.6","24"," 30.1","24"," 35.9"," 55.0","  45.5","*","  39.2"," "," 0.35","G","999.9","010000"
"03023099999","2019-12-12","57.3333333","-7.3666666","4.0","SOUTH UIST RANGE, UK","  42.0","24","  37.9","24"," 978.5","24","978.0","24"," 23.2","24"," 13.4","24"," 25.1"," 40.0","  43.9","*","  38.5","*"," 0.11","G","999.9","010000"
"03023099999","2019-12-13","57.3333333","-7.3666666","4.0","SOUTH UIST RANGE, UK","  40.8","24","  38.9","24"," 973.6","24","973.1","24"," 30.5","24","  8.3","24"," 15.0","999.9","  43.0","*","  38.3"," "," 0.18","G","999.9","011000"
"03023099999","2019-12-14","57.3333333","-7.3666666","4.0","SOUTH UIST RANGE, UK","  39.1","24","  35.4","24"," 972.6","24","972.1","24"," 22.1","24","  9.5","24"," 15.9","999.9","  40.3","*","  37.4","*"," 0.79","G","999.9","010000"
"03023099999","2019-12-15","57.3333333","-7.3666666","4.0","SOUTH UIST RANGE, UK","  41.9","24","  32.2","24"," 978.7","24","978.2","24"," 25.8","24"," 22.7","24"," 28.0"," 39.0","  43.9","*","  36.5"," "," 0.28","G","999.9","010000"
"03023099999","2019-12-16","57.3333333","-7.3666666","4.0","SOUTH UIST RANGE, UK","  41.5","24","  38.7","24"," 984.5","24","984.0","24"," 25.9","24"," 16.6","24"," 27.0"," 41.0","  43.0","*","  39.6"," "," 0.13","G","999.9","010000"
"03023099999","2019-12-17","57.3333333","-7.3666666","4.0","SOUTH UIST RANGE, UK","  38.1","24","  34.9","24"," 994.2","24","993.8","24"," 35.6","24","  7.9","24"," 15.9","999.9","  44.6","*","  32.9","*"," 0.17","G","999.9","000000"
"03023099999","2019-12-18","57.3333333","-7.3666666","4.0","SOUTH UIST RANGE, UK","  42.0","24","  37.7","24"," 995.6","24","995.2","24"," 23.5","24"," 18.1","24"," 29.9"," 41.0","  44.1","*","  35.1"," "," 0.00","G","999.9","010000"
"03023099999","2019-12-19","57.3333333","-7.3666666","4.0","SOUTH UIST RANGE, UK","  48.0","24","  43.6","24"," 982.9","24","982.4","24"," 16.2","24"," 24.3","24"," 42.9"," 59.1","  49.3","*","  43.0"," "," 0.78","G","999.9","010000"
"03023099999","2019-12-20","57.3333333","-7.3666666","4.0","SOUTH UIST RANGE, UK","  44.4","24","  43.0","24"," 972.7","24","972.2","24"," 13.9","24","  9.2","24"," 20.0"," 26.0","  46.4","*","  42.1","*"," 0.11","G","999.9","010000"
"03023099999","2019-12-21","57.3333333","-7.3666666","4.0","SOUTH UIST RANGE, UK","  43.8","24","  39.8","24"," 971.6","24","971.1","24"," 29.6","24"," 14.7","24"," 22.9"," 29.9","  47.3","*","  37.8","*"," 0.12","G","999.9","010000"
"03023099999","2019-12-22","57.3333333","-7.3666666","4.0","SOUTH UIST RANGE, UK","  42.9","24","  40.0","24"," 978.5","24","978.1","24"," 41.6","24","  8.7","24"," 12.0","999.9","  45.9","*","  37.8"," "," 0.01","G","999.9","010000"
"03023099999","2019-12-23","57.3333333","-7.3666666","4.0","SOUTH UIST RANGE, UK","  43.6","24","  42.0","24"," 992.8","24","992.3","24"," 14.2","24","  8.1","24"," 15.0","999.9","  47.3","*","  38.7","*"," 0.15","G","999.9","010000"
"03023099999","2019-12-24","57.3333333","-7.3666666","4.0","SOUTH UIST RANGE, UK","  41.7","24","  39.8","24","1002.6","24","002.1","24"," 25.0","24","  6.3","24"," 12.0","999.9","  45.9","*","  38.3"," "," 0.06","G","999.9","010000"
"03023099999","2019-12-25","57.3333333","-7.3666666","4.0","SOUTH UIST RANGE, UK","  42.0","24","  38.7","24","1019.2","24","018.6","24"," 27.4","24","  7.2","24"," 15.9","999.9","  45.7","*","  34.9","*"," 0.11","G","999.9","010000"
"03023099999","2019-12-26","57.3333333","-7.3666666","4.0","SOUTH UIST RANGE, UK","  44.6","24","  37.1","24","1012.7","24","012.2","24"," 41.5","24"," 19.1","24"," 23.9"," 35.0","  45.9","*","  33.6"," "," 0.03","G","999.9","000000"
"03023099999","2019-12-27","57.3333333","-7.3666666","4.0","SOUTH UIST RANGE, UK","  49.0","24","  47.9","24","1015.0","24","014.5","24","  5.4","24"," 24.9","24"," 32.1"," 42.9","  51.3","*","  45.0"," "," 0.10","G","999.9","010000"
"03023099999","2019-12-28","57.3333333","-7.3666666","4.0","SOUTH UIST RANGE, UK","  50.1","24","  49.2","24","1017.2","24","016.7","24","  4.8","24"," 25.3","24"," 30.9"," 41.0","  52.0","*","  48.6","*"," 0.47","G","999.9","010000"
"03023099999","2019-12-29","57.3333333","-7.3666666","4.0","SOUTH UIST RANGE, UK","  50.0","24","  48.5","24","1013.5","24","013.0","24","  3.9","24"," 25.7","24"," 35.9"," 47.0","  52.0","*","  47.3","*"," 0.43","G","999.9","010000"
"03023099999","2019-12-30","57.3333333","-7.3666666","4.0","SOUTH UIST RANGE, UK","  46.2","24","  40.3","24","1021.7","24","021.2","24"," 12.2","24"," 14.7","24"," 21.0"," 28.0","  48.2","*","  44.1","*"," 0.35","G","999.9","010000"
"03023099999","2019-12-31","57.3333333","-7.3666666","4.0","SOUTH UIST RANGE, UK","  44.5","24","  38.6","24","1029.5","24","029.0","24"," 20.0","24"," 11.4","24"," 19.0","999.9","  46.4","*","  42.3","*"," 0.02","G","999.9","000000"
