"STATION","DATE","LATITUDE","LONGITUDE","ELEVATION","NAME","TEMP","TEMP_ATTRIBUTES","DEWP","DEWP_ATTRIBUTES","SLP","SLP_ATTRIBUTES","STP","STP_ATTRIBUTES","VISIB","VISIB_ATTRIBUTES","WDSP","WDSP_ATTRIBUTES","MXSPD","GUST","MAX","MAX_ATTRIBUTES","MIN","MIN_ATTRIBUTES","PRCP","PRCP_ATTRIBUTES","SNDP","FRSHTT"
"08233099999","2019-01-02","40.9333333","-1.3","889.0","CALAMOCHA, SP","  38.2","14","  26.5","14","9999.9"," 0","925.8","14"," 12.4","14","  1.9","14","  2.9","999.9","  50.0","*","  24.8","*"," 0.00","E","999.9","000000"
"08233099999","2019-01-03","40.9333333","-1.3","889.0","CALAMOCHA, SP","  30.5","24","  21.6","24","9999.9"," 0","926.1","24"," 12.3","24","  1.4","24","  4.1","999.9","  52.0","*","  18.3","*"," 0.00","G","999.9","000000"
"08233099999","2019-01-04","40.9333333","-1.3","889.0","CALAMOCHA, SP","  30.5","24","  19.5","24","9999.9"," 0","927.2","24"," 12.4","24","  1.6","24","  2.9","999.9","  53.2","*","  18.1"," "," 0.00","G","999.9","000000"
"08233099999","2019-01-05","40.9333333","-1.3","889.0","CALAMOCHA, SP","  31.2","24","  19.4","24","9999.9"," 0","929.1","24"," 12.4","24","  1.5","24","  2.9","999.9","  53.8","*","  17.8","*"," 0.00","G","999.9","000000"
"08233099999","2019-01-06","40.9333333","-1.3","889.0","CALAMOCHA, SP","  31.7","24","  18.4","24","9999.9"," 0","927.8","24"," 12.4","24","  1.6","24","  4.1","999.9","  52.7","*","  19.6","*"," 0.00","G","999.9","000000"
"08233099999","2019-01-07","40.9333333","-1.3","889.0","CALAMOCHA, SP","  30.2","24","  18.6","24","9999.9"," 0","927.1","24"," 12.2","24","  1.9","24","  5.1","999.9","  48.2","*","  18.5","*"," 0.00","G","999.9","000000"
"08233099999","2019-01-08","40.9333333","-1.3","889.0","CALAMOCHA, SP","  31.5","24","  22.0","24","9999.9"," 0","926.0","24"," 12.0","24","  1.7","24","  2.9","999.9","  51.8","*","  17.8","*"," 0.00","G","999.9","000000"
"08233099999","2019-01-09","40.9333333","-1.3","889.0","CALAMOCHA, SP","  38.9","24","  30.7","24","9999.9"," 0","919.4","24"," 12.4","24","  5.0","24"," 12.0","999.9","  49.6","*","  28.9"," "," 0.00","G","999.9","000000"
"08233099999","2019-01-10","40.9333333","-1.3","889.0","CALAMOCHA, SP","  32.8","24","  19.9","24","9999.9"," 0","917.6","24"," 12.4","24","  6.0","24","  8.9","999.9","  38.1","*","  26.4","*"," 0.00","G","999.9","000000"
"08233099999","2019-01-11","40.9333333","-1.3","889.0","CALAMOCHA, SP","  28.3","24","  16.5","24","9999.9"," 0","922.2","24"," 12.4","24","  3.3","24","  8.0","999.9","  39.2","*","  17.4"," "," 0.00","G","999.9","000000"
"08233099999","2019-01-12","40.9333333","-1.3","889.0","CALAMOCHA, SP","  31.2","24","  23.8","24","9999.9"," 0","925.6","24"," 12.4","24","  2.8","24","  6.0","999.9","  47.8","*","  20.3"," "," 0.00","G","999.9","000000"
"08233099999","2019-01-13","40.9333333","-1.3","889.0","CALAMOCHA, SP","  30.6","24","  24.9","24","9999.9"," 0","924.6","24"," 12.4","24","  1.8","24","  5.1","999.9","  48.9","*","  18.1","*"," 0.00","G","999.9","000000"
"08233099999","2019-01-14","40.9333333","-1.3","889.0","CALAMOCHA, SP","  33.6","24","  27.0","24","9999.9"," 0","921.2","24"," 12.4","24","  2.5","24","  6.0","999.9","  51.1","*","  21.7","*"," 0.00","G","999.9","000000"
"08233099999","2019-01-15","40.9333333","-1.3","889.0","CALAMOCHA, SP","  34.8","24","  27.5","24","9999.9"," 0","919.0","24"," 11.8","24","  1.8","24","  6.0","999.9","  57.7","*","  21.0","*"," 0.00","G","999.9","000000"
"08233099999","2019-01-16","40.9333333","-1.3","889.0","CALAMOCHA, SP","  35.5","24","  26.0","24","9999.9"," 0","915.9","24"," 11.6","24","  2.0","24","  6.0","999.9","  57.0","*","  21.7","*"," 0.00","G","999.9","000000"
"08233099999","2019-01-17","40.9333333","-1.3","889.0","CALAMOCHA, SP","  32.8","24","  28.8","24","9999.9"," 0","916.0","24","  8.7","24","  1.3","24","  4.1","999.9","  41.4","*","  26.2","*"," 0.00","G","999.9","010000"
"08233099999","2019-01-18","40.9333333","-1.3","889.0","CALAMOCHA, SP","  31.0","24","  25.3","24","9999.9"," 0","916.0","24"," 12.1","24","  2.0","24","  4.1","999.9","  43.5","*","  19.2","*"," 0.00","G","999.9","000000"
"08233099999","2019-01-19","40.9333333","-1.3","889.0","CALAMOCHA, SP","  38.7","24","  32.3","24","9999.9"," 0","911.9","24"," 11.0","23","  2.9","24","  8.9","999.9","  46.9","*","  33.8"," "," 0.00","G","999.9","010000"
"08233099999","2019-01-20","40.9333333","-1.3","889.0","CALAMOCHA, SP","  38.4","23","  34.5","23","9999.9"," 0","910.0","23"," 10.1","23","  3.7","23","  8.9","999.9","  44.4","*","  34.3","*"," 0.31","G","999.9","010000"
"08233099999","2019-01-21","40.9333333","-1.3","889.0","CALAMOCHA, SP","  35.5","24","  29.2","24","9999.9"," 0","916.3","24"," 11.8","24","  3.4","24","  8.0","999.9","  42.1","*","  29.5","*"," 0.02","G","999.9","001000"
"08233099999","2019-01-22","40.9333333","-1.3","889.0","CALAMOCHA, SP","  32.0","24","  28.6","24","9999.9"," 0","912.2","24"," 10.1","24","  3.4","24","  9.9","999.9","  39.6","*","  24.1","*"," 0.00","G","999.9","011000"
"08233099999","2019-01-23","40.9333333","-1.3","889.0","CALAMOCHA, SP","  42.9","24","  35.9","24","9999.9"," 0","903.6","24"," 11.7","24"," 11.0","24"," 17.1","999.9","  50.2","*","  34.5"," "," 0.09","G","999.9","010000"
"08233099999","2019-01-24","40.9333333","-1.3","889.0","CALAMOCHA, SP","  38.6","24","  35.4","24","9999.9"," 0","908.4","24"," 10.8","24","  6.9","24"," 11.1","999.9","  41.5","*","  34.9","*"," 0.14","G","999.9","011000"
"08233099999","2019-01-25","40.9333333","-1.3","889.0","CALAMOCHA, SP","  43.9","24","  38.8","24","9999.9"," 0","915.5","24"," 11.1","24","  4.8","24","  9.9","999.9","  50.4","*","  38.7"," "," 0.13","G","999.9","010000"
"08233099999","2019-01-26","40.9333333","-1.3","889.0","CALAMOCHA, SP","  41.5","24","  34.5","24","9999.9"," 0","917.1","24"," 12.4","24","  2.6","24","  5.1","999.9","  58.1","*","  31.1","*"," 0.00","G","999.9","000000"
"08233099999","2019-01-27","40.9333333","-1.3","889.0","CALAMOCHA, SP","  40.5","16","  29.9","16","9999.9"," 0","912.0","16"," 12.4","16","  5.6","16"," 12.0","999.9","  47.5","*","  31.3","*"," 0.00","E","999.9","000000"
"08233099999","2019-01-28","40.9333333","-1.3","889.0","CALAMOCHA, SP","  39.7","24","  29.6","24","9999.9"," 0","912.8","24"," 12.4","24","  6.2","24"," 14.0","999.9","  47.1","*","  30.9"," "," 0.00","G","999.9","000000"
"08233099999","2019-01-29","40.9333333","-1.3","889.0","CALAMOCHA, SP","  38.8","22","  31.7","22","9999.9"," 0","910.2","22"," 12.4","22","  4.7","22","  9.9","999.9","  49.8","*","  30.6","*"," 0.00","G","999.9","010000"
"08233099999","2019-01-30","40.9333333","-1.3","889.0","CALAMOCHA, SP","  38.8","18","  29.6","18","9999.9"," 0","908.1","18"," 12.4","18","  4.9","18","  8.0","999.9","  43.0","*","  35.8"," "," 0.04","G","999.9","000000"
"08233099999","2019-01-31","40.9333333","-1.3","889.0","CALAMOCHA, SP","  49.8","24","  41.4","24","9999.9"," 0","899.6","24"," 12.2","24"," 10.3","24"," 17.1","999.9","  54.9","*","  41.0"," "," 0.02","G","999.9","010000"
"08233099999","2019-02-01","40.9333333","-1.3","889.0","CALAMOCHA, SP","  43.6","24","  36.4","24","9999.9"," 0","892.5","24"," 11.8","24","  7.5","24"," 14.0","999.9","  51.4","*","  36.0","*"," 0.06","G","999.9","011000"
"08233099999","2019-02-02","40.9333333","-1.3","889.0","CALAMOCHA, SP","  36.1","24","  26.9","24","9999.9"," 0","903.9","24"," 11.3","24"," 10.4","24"," 17.1","999.9","  40.6","*","  32.7","*"," 0.06","G","999.9","011000"
"08233099999","2019-02-03","40.9333333","-1.3","889.0","CALAMOCHA, SP","  33.7","24","  23.9","24","9999.9"," 0","919.1","24"," 11.7","24","  7.6","24"," 12.0","999.9","  38.3","*","  30.6"," "," 0.01","G","999.9","001000"
"08233099999","2019-02-04","40.9333333","-1.3","889.0","CALAMOCHA, SP","  36.5","24","  26.1","24","9999.9"," 0","924.6","24"," 12.4","24","  2.3","24","  5.1","999.9","  51.8","*","  23.5"," "," 0.00","G","999.9","000000"
"08233099999","2019-02-05","40.9333333","-1.3","889.0","CALAMOCHA, SP","  42.9","24","  32.8","24","9999.9"," 0","925.4","24"," 12.4","24","  2.2","24","  5.1","999.9","  57.2","*","  33.1"," "," 0.00","G","999.9","000000"
"08233099999","2019-02-06","40.9333333","-1.3","889.0","CALAMOCHA, SP","  42.0","24","  34.1","24","9999.9"," 0","922.9","24"," 12.4","24","  2.2","24","  4.1","999.9","  61.9","*","  28.4"," "," 0.00","G","999.9","000000"
"08233099999","2019-02-07","40.9333333","-1.3","889.0","CALAMOCHA, SP","  40.8","24","  32.5","24","9999.9"," 0","921.0","24"," 11.4","23","  2.6","24","  7.0","999.9","  57.0","*","  29.8","*"," 0.00","G","999.9","000000"
"08233099999","2019-02-08","40.9333333","-1.3","889.0","CALAMOCHA, SP","  41.5","24","  28.5","24","9999.9"," 0","920.0","24"," 10.2","24","  3.3","24","  8.0","999.9","  62.4","*","  29.3"," "," 0.00","G","999.9","000000"
"08233099999","2019-02-09","40.9333333","-1.3","889.0","CALAMOCHA, SP","  40.6","24","  29.0","24","9999.9"," 0","919.8","24"," 10.0","24","  2.6","24","  4.1","999.9","  60.8","*","  26.2","*"," 0.00","G","999.9","000000"
"08233099999","2019-02-10","40.9333333","-1.3","889.0","CALAMOCHA, SP","  45.7","24","  36.2","24","9999.9"," 0","918.8","24"," 12.4","24","  6.2","24"," 13.0","999.9","  54.5","*","  35.2"," "," 0.00","G","999.9","010000"
"08233099999","2019-02-11","40.9333333","-1.3","889.0","CALAMOCHA, SP","  40.5","24","  32.3","24","9999.9"," 0","925.2","24"," 12.2","24","  4.2","24","  8.9","999.9","  48.2","*","  33.6","*"," 0.02","G","999.9","010000"
"08233099999","2019-02-12","40.9333333","-1.3","889.0","CALAMOCHA, SP","  38.6","24","  26.9","24","9999.9"," 0","928.1","24"," 11.6","24","  2.4","24","  5.1","999.9","  58.5","*","  23.9","*"," 0.00","G","999.9","000000"
"08233099999","2019-02-13","40.9333333","-1.3","889.0","CALAMOCHA, SP","  41.9","24","  28.0","24","9999.9"," 0","927.5","24"," 11.9","24","  3.1","24","  8.9","999.9","  63.3","*","  26.1"," "," 0.00","G","999.9","000000"
"08233099999","2019-02-14","40.9333333","-1.3","889.0","CALAMOCHA, SP","  42.7","24","  27.8","24","9999.9"," 0","927.9","24","  9.3","24","  5.6","24"," 11.1","999.9","  63.1","*","  28.6"," "," 0.00","G","999.9","000000"
"08233099999","2019-02-15","40.9333333","-1.3","889.0","CALAMOCHA, SP","  41.1","24","  30.4","24","9999.9"," 0","925.7","24"," 10.8","24","  3.2","24","  6.0","999.9","  62.4","*","  25.9","*"," 0.00","G","999.9","000000"
"08233099999","2019-02-16","40.9333333","-1.3","889.0","CALAMOCHA, SP","  41.6","24","  22.8","24","9999.9"," 0","924.8","24","  8.9","24","  3.9","24","  9.9","999.9","  63.0","*","  25.3","*"," 0.00","G","999.9","000000"
"08233099999","2019-02-17","40.9333333","-1.3","889.0","CALAMOCHA, SP","  41.6","24","  19.2","24","9999.9"," 0","921.4","24"," 12.2","24","  4.2","24","  9.9","999.9","  62.8","*","  22.3","*"," 0.00","G","999.9","000000"
"08233099999","2019-02-18","40.9333333","-1.3","889.0","CALAMOCHA, SP","  43.4","24","  26.7","24","9999.9"," 0","917.9","24"," 11.4","24","  4.9","24","  9.9","999.9","  61.0","*","  30.4","*"," 0.00","G","999.9","000000"
"08233099999","2019-02-19","40.9333333","-1.3","889.0","CALAMOCHA, SP","  42.0","24","  31.6","24","9999.9"," 0","918.3","24","  9.6","23","  4.2","24"," 12.0","999.9","  60.3","*","  30.4"," "," 0.00","G","999.9","000000"
"08233099999","2019-02-20","40.9333333","-1.3","889.0","CALAMOCHA, SP","  41.8","24","  30.6","24","9999.9"," 0","921.3","24","  8.5","24","  3.3","24","  8.0","999.9","  60.6","*","  26.1","*"," 0.00","G","999.9","000000"
"08233099999","2019-02-21","40.9333333","-1.3","889.0","CALAMOCHA, SP","  44.5","24","  30.9","24","9999.9"," 0","926.0","24"," 10.5","24","  3.4","24","  9.9","999.9","  63.3","*","  29.1","*"," 0.00","G","999.9","000000"
"08233099999","2019-02-22","40.9333333","-1.3","889.0","CALAMOCHA, SP","  43.5","24","  27.0","24","9999.9"," 0","928.4","24"," 11.5","24","  2.0","24","  5.1","999.9","  66.7","*","  26.8"," "," 0.00","G","999.9","000000"
"08233099999","2019-02-23","40.9333333","-1.3","889.0","CALAMOCHA, SP","  44.0","24","  24.7","24","9999.9"," 0","926.6","24"," 12.1","24","  2.6","24","  7.0","999.9","  66.6","*","  25.2","*"," 0.00","G","999.9","000000"
"08233099999","2019-02-24","40.9333333","-1.3","889.0","CALAMOCHA, SP","  46.1","23","  29.3","23","9999.9"," 0","928.5","23"," 12.3","23","  2.5","23","  8.0","999.9","  65.1","*","  29.1"," "," 0.00","G","999.9","010000"
"08233099999","2019-02-25","40.9333333","-1.3","889.0","CALAMOCHA, SP","  46.1","24","  32.6","24","9999.9"," 0","928.8","24"," 10.8","24","  3.4","24","  9.9","999.9","  66.6","*","  29.7"," "," 0.00","G","999.9","010000"
"08233099999","2019-02-26","40.9333333","-1.3","889.0","CALAMOCHA, SP","  46.7","24","  28.4","24","9999.9"," 0","927.7","24"," 11.4","24","  3.0","24"," 12.0","999.9","  69.8","*","  27.5","*"," 0.00","G","999.9","000000"
"08233099999","2019-02-27","40.9333333","-1.3","889.0","CALAMOCHA, SP","  47.2","24","  23.2","24","9999.9"," 0","926.0","24"," 12.4","24","  1.9","24","  2.9","999.9","  73.0","*","  27.5"," "," 0.00","G","999.9","000000"
"08233099999","2019-02-28","40.9333333","-1.3","889.0","CALAMOCHA, SP","  44.6","24","  27.9","24","9999.9"," 0","925.8","24"," 12.3","24","  2.1","24","  7.0","999.9","  63.9","*","  28.2","*"," 0.00","G","999.9","000000"
"08233099999","2019-03-01","40.9333333","-1.3","889.0","CALAMOCHA, SP","  43.7","24","  27.6","24","9999.9"," 0","922.5","24"," 11.9","24","  2.0","24","  4.1","999.9","  64.4","*","  25.3","*"," 0.00","G","999.9","000000"
"08233099999","2019-03-02","40.9333333","-1.3","889.0","CALAMOCHA, SP","  45.5","24","  31.1","24","9999.9"," 0","923.0","24"," 12.1","24","  2.5","24","  6.0","999.9","  64.6","*","  30.2","*"," 0.00","G","999.9","010000"
"08233099999","2019-03-03","40.9333333","-1.3","889.0","CALAMOCHA, SP","  52.0","24","  29.2","24","9999.9"," 0","920.4","24"," 12.4","24","  6.1","24"," 13.0","999.9","  72.1","*","  32.9"," "," 0.00","G","999.9","010000"
"08233099999","2019-03-04","40.9333333","-1.3","889.0","CALAMOCHA, SP","  54.1","24","  36.4","24","9999.9"," 0","916.5","24"," 12.0","24","  7.7","24"," 14.0","999.9","  60.8","*","  47.8","*"," 0.00","G","999.9","000000"
"08233099999","2019-03-05","40.9333333","-1.3","889.0","CALAMOCHA, SP","  50.8","24","  35.2","24","9999.9"," 0","914.9","24"," 12.4","24","  4.3","24","  9.9","999.9","  60.8","*","  43.9","*"," 0.00","G","999.9","000000"
"08233099999","2019-03-06","40.9333333","-1.3","889.0","CALAMOCHA, SP","  51.1","24","  37.9","24","9999.9"," 0","906.9","24"," 12.0","24"," 11.0","24"," 21.0","999.9","  59.7","*","  43.3","*"," 0.00","G","999.9","010000"
"08233099999","2019-03-07","40.9333333","-1.3","889.0","CALAMOCHA, SP","  44.9","24","  28.3","24","9999.9"," 0","913.3","24"," 12.4","24","  4.4","24","  8.9","999.9","  55.4","*","  38.3","*"," 0.05","G","999.9","000000"
"08233099999","2019-03-08","40.9333333","-1.3","889.0","CALAMOCHA, SP","  42.1","24","  32.5","24","9999.9"," 0","920.1","24"," 12.4","24","  2.1","24","  7.0","999.9","  55.2","*","  32.9"," "," 0.00","G","999.9","010000"
"08233099999","2019-03-09","40.9333333","-1.3","889.0","CALAMOCHA, SP","  45.7","24","  34.3","24","9999.9"," 0","928.0","24"," 12.4","24","  2.2","24","  5.1","999.9","  65.5","*","  28.4"," "," 0.00","G","999.9","000000"
"08233099999","2019-03-10","40.9333333","-1.3","889.0","CALAMOCHA, SP","  49.7","23","  39.7","23","9999.9"," 0","927.3","23"," 12.4","23","  4.2","23","  8.9","999.9","  68.4","*","  32.7"," "," 0.00","G","999.9","000000"
"08233099999","2019-03-11","40.9333333","-1.3","889.0","CALAMOCHA, SP","  48.0","23","  32.6","23","9999.9"," 0","927.5","23"," 12.3","23","  3.2","23","  8.0","999.9","  60.3","*","  33.4","*"," 0.00","G","999.9","010000"
"08233099999","2019-03-12","40.9333333","-1.3","889.0","CALAMOCHA, SP","  48.8","24","  28.3","24","9999.9"," 0","923.4","24"," 12.4","24","  4.5","24","  9.9","999.9","  70.5","*","  27.0"," "," 0.00","G","999.9","000000"
"08233099999","2019-03-13","40.9333333","-1.3","889.0","CALAMOCHA, SP","  42.8","19","  32.5","19","9999.9"," 0","923.4","19"," 12.4","19","  5.5","19","  9.9","999.9","  53.2"," ","  35.1","*"," 0.00","F","999.9","010000"
"08233099999","2019-03-14","40.9333333","-1.3","889.0","CALAMOCHA, SP","  41.6","24","  27.9","24","9999.9"," 0","926.1","24"," 12.4","24","  2.9","24","  6.0","999.9","  58.5","*","  26.2"," "," 0.00","G","999.9","000000"
"08233099999","2019-03-15","40.9333333","-1.3","889.0","CALAMOCHA, SP","  47.9","24","  29.9","24","9999.9"," 0","924.7","24"," 10.8","24","  2.0","24","  7.0","999.9","  72.7","*","  27.1"," "," 0.00","G","999.9","000000"
"08233099999","2019-03-16","40.9333333","-1.3","889.0","CALAMOCHA, SP","  54.0","23","  28.6","23","9999.9"," 0","920.0","23"," 12.4","23","  2.8","23","  6.0","999.9","  78.6","*","  30.2"," "," 0.00","G","999.9","000000"
"08233099999","2019-03-17","40.9333333","-1.3","889.0","CALAMOCHA, SP","  46.5","24","  30.4","24","9999.9"," 0","916.9","24"," 12.4","24","  5.1","24"," 12.0","999.9","  64.2","*","  32.9"," "," 0.00","G","999.9","000000"
"08233099999","2019-03-18","40.9333333","-1.3","889.0","CALAMOCHA, SP","  41.8","24","  26.5","24","9999.9"," 0","921.6","24"," 12.4","24","  4.6","24","  8.9","999.9","  52.0","*","  32.5"," "," 0.00","G","999.9","000000"
"08233099999","2019-03-19","40.9333333","-1.3","889.0","CALAMOCHA, SP","  41.5","24","  31.0","24","9999.9"," 0","921.9","24"," 12.1","24","  5.7","24"," 12.0","999.9","  48.9","*","  35.6"," "," 0.02","G","999.9","010000"
"08233099999","2019-03-20","40.9333333","-1.3","889.0","CALAMOCHA, SP","  40.8","24","  25.7","24","9999.9"," 0","924.5","24"," 12.4","24","  3.4","24","  7.0","999.9","  52.9","*","  28.0"," "," 0.00","G","999.9","000000"
"08233099999","2019-03-21","40.9333333","-1.3","889.0","CALAMOCHA, SP","  40.3","24","  22.2","24","9999.9"," 0","924.6","24"," 12.4","24","  3.1","24","  8.0","999.9","  56.8"," ","  23.0"," "," 0.00","G","999.9","000000"
"08233099999","2019-03-22","40.9333333","-1.3","889.0","CALAMOCHA, SP","  43.8","24","  26.5","24","9999.9"," 0","924.8","24"," 12.0","24","  3.6","24","  8.9","999.9","  60.8","*","  24.6"," "," 0.00","G","999.9","000000"
"08233099999","2019-03-23","40.9333333","-1.3","889.0","CALAMOCHA, SP","  47.2","24","  29.8","24","9999.9"," 0","923.9","24"," 11.3","24","  4.0","24"," 11.1","999.9","  64.6","*","  29.1"," "," 0.00","G","999.9","000000"
"08233099999","2019-03-24","40.9333333","-1.3","889.0","CALAMOCHA, SP","  48.1","24","  25.6","24","9999.9"," 0","922.2","24"," 12.4","24","  2.8","24","  6.0","999.9","  69.3","*","  27.3"," "," 0.00","G","999.9","000000"
"08233099999","2019-03-25","40.9333333","-1.3","889.0","CALAMOCHA, SP","  44.9","24","  28.7","24","9999.9"," 0","920.1","24"," 12.1","24","  3.3","24","  9.9","999.9","  61.3","*","  28.8"," "," 0.00","G","999.9","000000"
"08233099999","2019-03-26","40.9333333","-1.3","889.0","CALAMOCHA, SP","  43.6","24","  21.9","24","9999.9"," 0","919.6","24"," 11.7","24","  3.2","24","  8.0","999.9","  62.1","*","  25.2"," "," 0.00","G","999.9","000000"
"08233099999","2019-03-27","40.9333333","-1.3","889.0","CALAMOCHA, SP","  42.9","24","  20.1","24","9999.9"," 0","922.0","24"," 11.9","24","  3.0","24","  6.0","999.9","  61.7","*","  24.1"," "," 0.00","G","999.9","000000"
"08233099999","2019-03-28","40.9333333","-1.3","889.0","CALAMOCHA, SP","  44.6","24","  22.9","24","9999.9"," 0","924.0","24"," 12.4","24","  2.7","24","  7.0","999.9","  63.3","*","  25.2"," "," 0.00","G","999.9","000000"
"08233099999","2019-03-29","40.9333333","-1.3","889.0","CALAMOCHA, SP","  48.2","24","  26.3","24","9999.9"," 0","922.3","24"," 12.4","24","  4.9","24","  9.9","999.9","  65.1","*","  31.8"," "," 0.00","G","999.9","000000"
"08233099999","2019-03-30","40.9333333","-1.3","889.0","CALAMOCHA, SP","  48.0","24","  28.4","24","9999.9"," 0","918.7","24"," 12.1","24","  5.1","24"," 13.0","999.9","  65.7","*","  30.7"," "," 0.00","G","999.9","000000"
"08233099999","2019-03-31","40.9333333","-1.3","889.0","CALAMOCHA, SP","  42.8","24","  38.7","24","9999.9"," 0","914.1","24","  7.5","22","  1.7","24","  4.1","999.9","  47.7","*","  35.8"," "," 0.00","G","999.9","010000"
"08233099999","2019-04-01","40.9333333","-1.3","889.0","CALAMOCHA, SP","  48.1","24","  45.1","24","9999.9"," 0","913.2","24","  9.1","21","  2.6","24","  6.0","999.9","  57.4","*","  42.4"," "," 0.65","G","999.9","010000"
"08233099999","2019-04-02","40.9333333","-1.3","889.0","CALAMOCHA, SP","  49.9","24","  43.9","24","9999.9"," 0","913.2","24"," 11.7","24","  2.7","24","  5.1","999.9","  61.7","*","  44.4"," "," 0.24","G","999.9","010000"
"08233099999","2019-04-03","40.9333333","-1.3","889.0","CALAMOCHA, SP","  42.8","24","  38.6","24","9999.9"," 0","905.7","24"," 11.3","24","  3.4","24","  9.9","999.9","  50.0","*","  33.6","*"," 0.09","G","999.9","010000"
"08233099999","2019-04-04","40.9333333","-1.3","889.0","CALAMOCHA, SP","  41.2","24","  27.2","24","9999.9"," 0","902.3","24"," 12.4","24","  2.9","24","  5.1","999.9","  55.4","*","  28.6"," "," 0.04","G","999.9","000000"
"08233099999","2019-04-05","40.9333333","-1.3","889.0","CALAMOCHA, SP","  44.2","22","  35.2","22","9999.9"," 0","898.9","22"," 12.3","22","  6.5","22","  9.9","999.9","  51.6","*","  37.2","*"," 0.00","G","999.9","010000"
"08233099999","2019-04-06","40.9333333","-1.3","889.0","CALAMOCHA, SP","  40.4","24","  33.4","24","9999.9"," 0","901.4","24"," 11.6","24","  6.5","24"," 14.0","999.9","  49.8","*","  36.3"," "," 0.17","G","999.9","010000"
"08233099999","2019-04-07","40.9333333","-1.3","889.0","CALAMOCHA, SP","  44.1","24","  33.3","24","9999.9"," 0","908.4","24"," 12.4","24","  5.4","24"," 11.1","999.9","  53.1","*","  37.0"," "," 0.18","G","999.9","010000"
"08233099999","2019-04-08","40.9333333","-1.3","889.0","CALAMOCHA, SP","  48.2","24","  40.7","24","9999.9"," 0","911.0","24"," 12.3","24","  4.3","24"," 11.1","999.9","  59.0","*","  41.4","*"," 0.01","G","999.9","010000"
"08233099999","2019-04-09","40.9333333","-1.3","889.0","CALAMOCHA, SP","  43.6","24","  37.3","24","9999.9"," 0","910.7","24"," 11.5","24","  4.6","24","  8.9","999.9","  51.6","*","  36.3"," "," 0.11","G","999.9","010000"
"08233099999","2019-04-10","40.9333333","-1.3","889.0","CALAMOCHA, SP","  44.3","24","  37.3","24","9999.9"," 0","911.6","24"," 11.9","24","  4.3","24","  8.0","999.9","  53.6","*","  38.8"," "," 0.11","G","999.9","010000"
"08233099999","2019-04-11","40.9333333","-1.3","889.0","CALAMOCHA, SP","  44.6","24","  34.9","24","9999.9"," 0","915.6","24"," 12.4","24","  3.8","24","  8.9","999.9","  54.3","*","  36.3"," "," 0.02","G","999.9","000000"
"08233099999","2019-04-12","40.9333333","-1.3","889.0","CALAMOCHA, SP","  47.2","21","  33.9","21","9999.9"," 0","916.1","21"," 12.1","21","  2.8","21","  6.0","999.9","  59.5","*","  35.6","*"," 0.00","G","999.9","000000"
"08233099999","2019-04-13","40.9333333","-1.3","889.0","CALAMOCHA, SP","  47.1","24","  26.3","23","9999.9"," 0","916.8","24"," 10.7","24","  2.2","24","  5.1","999.9","  65.7","*","  28.2"," "," 0.00","G","999.9","000000"
"08233099999","2019-04-14","40.9333333","-1.3","889.0","CALAMOCHA, SP","  53.9","24","  40.2","24","9999.9"," 0","915.7","24"," 12.4","24","  3.6","24","  8.0","999.9","  71.4","*","  35.2"," "," 0.00","G","999.9","000000"
"08233099999","2019-04-15","40.9333333","-1.3","889.0","CALAMOCHA, SP","  59.5","23","  44.9","23","9999.9"," 0","913.0","23"," 12.2","23","  6.6","23"," 12.0","999.9","  73.8","*","  44.6"," "," 0.00","G","999.9","000000"
"08233099999","2019-04-16","40.9333333","-1.3","889.0","CALAMOCHA, SP","  56.1","24","  41.6","24","9999.9"," 0","916.5","24"," 12.1","24","  4.4","24"," 12.0","999.9","  67.5","*","  47.3"," "," 0.02","G","999.9","000000"
"08233099999","2019-04-17","40.9333333","-1.3","889.0","CALAMOCHA, SP","  58.4","24","  43.0","24","9999.9"," 0","913.7","24"," 12.0","24","  7.3","24"," 13.0","999.9","  71.8","*","  45.7"," "," 0.00","G","999.9","000000"
"08233099999","2019-04-18","40.9333333","-1.3","889.0","CALAMOCHA, SP","  51.6","24","  42.5","24","9999.9"," 0","912.6","24"," 10.0","24","  7.5","24"," 15.9","999.9","  59.2","*","  45.3","*"," 0.00","G","999.9","010000"
"08233099999","2019-04-19","40.9333333","-1.3","889.0","CALAMOCHA, SP","  50.2","24","  43.3","24","9999.9"," 0","916.5","24","  9.3","22","  9.9","24"," 19.0","999.9","  55.6","*","  45.1"," "," 2.13","G","999.9","010000"
"08233099999","2019-04-20","40.9333333","-1.3","889.0","CALAMOCHA, SP","  50.1","24","  38.4","24","9999.9"," 0","918.0","24"," 11.5","24","  7.5","24"," 13.0","999.9","  55.8","*","  41.9","*"," 0.12","G","999.9","010000"
"08233099999","2019-04-21","40.9333333","-1.3","889.0","CALAMOCHA, SP","  45.2","24","  42.1","24","9999.9"," 0","911.4","24"," 10.8","24","  3.7","24","  6.0","999.9","  48.7","*","  41.5"," "," 0.13","G","999.9","010000"
"08233099999","2019-04-22","40.9333333","-1.3","889.0","CALAMOCHA, SP","  49.1","24","  44.2","24","9999.9"," 0","902.4","24"," 10.3","24","  2.3","24","  4.1","999.9","  56.1","*","  43.2"," "," 0.02","G","999.9","010000"
"08233099999","2019-04-23","40.9333333","-1.3","889.0","CALAMOCHA, SP","  48.3","24","  40.5","24","9999.9"," 0","898.5","24"," 12.0","24","  6.0","24"," 14.0","999.9","  56.1","*","  43.0","*"," 0.00","G","999.9","010000"
"08233099999","2019-04-24","40.9333333","-1.3","889.0","CALAMOCHA, SP","  47.9","24","  38.3","24","9999.9"," 0","904.4","24"," 12.4","24","  9.2","24"," 15.0","999.9","  54.3","*","  38.1"," "," 0.07","G","999.9","010000"
"08233099999","2019-04-25","40.9333333","-1.3","889.0","CALAMOCHA, SP","  49.4","23","  38.6","23","9999.9"," 0","909.8","23"," 12.3","22","  8.9","23"," 17.1","999.9","  57.6","*","  42.3","*"," 0.04","G","999.9","010000"
"08233099999","2019-04-26","40.9333333","-1.3","889.0","CALAMOCHA, SP","  48.6","24","  35.8","24","9999.9"," 0","920.8","24"," 12.3","24","  3.9","24","  8.0","999.9","  59.0","*","  40.5"," "," 0.06","G","999.9","000000"
"08233099999","2019-04-27","40.9333333","-1.3","889.0","CALAMOCHA, SP","  50.6","24","  39.1","24","9999.9"," 0","924.3","24"," 12.4","24","  2.9","24","  7.0","999.9","  66.4","*","  32.5"," "," 0.01","G","999.9","000000"
"08233099999","2019-04-28","40.9333333","-1.3","889.0","CALAMOCHA, SP","  54.6","24","  38.1","24","9999.9"," 0","921.6","24"," 12.4","24","  3.0","24","  6.0","999.9","  70.0","*","  36.7"," "," 0.00","G","999.9","000000"
"08233099999","2019-04-29","40.9333333","-1.3","889.0","CALAMOCHA, SP","  55.1","24","  38.2","24","9999.9"," 0","917.6","24"," 12.4","24","  2.6","24","  6.0","999.9","  72.1","*","  36.9"," "," 0.00","G","999.9","000000"
"08233099999","2019-04-30","40.9333333","-1.3","889.0","CALAMOCHA, SP","  55.0","23","  37.5","23","9999.9"," 0","915.9","23"," 12.4","23","  2.5","23","  6.0","999.9","  72.0","*","  38.3"," "," 0.00","G","999.9","000000"
"08233099999","2019-05-01","40.9333333","-1.3","889.0","CALAMOCHA, SP","  57.1","24","  40.2","24","9999.9"," 0","913.6","24"," 12.3","23","  3.8","24","  8.9","999.9","  73.8","*","  38.7"," "," 0.00","G","999.9","010000"
"08233099999","2019-05-02","40.9333333","-1.3","889.0","CALAMOCHA, SP","  54.1","24","  43.0","24","9999.9"," 0","914.5","24"," 12.2","24","  4.3","24","  8.0","999.9","  65.3","*","  43.7"," "," 0.48","G","999.9","010000"
"08233099999","2019-05-03","40.9333333","-1.3","889.0","CALAMOCHA, SP","  46.5","24","  37.8","24","9999.9"," 0","912.4","24"," 12.1","24","  4.9","24","  9.9","999.9","  54.5","*","  41.4","*"," 0.00","G","999.9","010000"
"08233099999","2019-05-04","40.9333333","-1.3","889.0","CALAMOCHA, SP","  49.5","24","  35.3","24","9999.9"," 0","913.0","24"," 12.4","24","  4.6","24","  9.9","999.9","  64.6","*","  35.1"," "," 0.01","G","999.9","000000"
"08233099999","2019-05-05","40.9333333","-1.3","889.0","CALAMOCHA, SP","  48.6","23","  26.8","23","9999.9"," 0","915.9","23"," 12.4","23","  3.8","23","  7.0","999.9","  63.1","*","  35.8"," "," 0.00","G","999.9","000000"
"08233099999","2019-05-06","40.9333333","-1.3","889.0","CALAMOCHA, SP","  52.0","19","  33.0","19","9999.9"," 0","916.7","19"," 12.4","19","  2.9","19","  5.1","999.9","  72.3","*","  28.9"," "," 0.00","G","999.9","000000"
"08233099999","2019-05-07","40.9333333","-1.3","889.0","CALAMOCHA, SP","  64.0"," 5","  43.6"," 5","9999.9"," 0","913.7"," 5"," 12.4"," 5","  5.8"," 5","  8.9","999.9","  67.5","*","  59.9","*"," 0.00","I","999.9","000000"
"08233099999","2019-05-08","40.9333333","-1.3","889.0","CALAMOCHA, SP","  61.5","24","  47.3","24","9999.9"," 0","910.9","24","  9.9","24","  9.7","24"," 17.1","999.9","  67.1","*","  56.5","*"," 0.00","G","999.9","000000"
"08233099999","2019-05-09","40.9333333","-1.3","889.0","CALAMOCHA, SP","  59.4","24","  40.7","24","9999.9"," 0","912.5","24"," 12.4","24","  5.1","24"," 11.1","999.9","  71.2","*","  42.1"," "," 0.00","G","999.9","000000"
"08233099999","2019-05-10","40.9333333","-1.3","889.0","CALAMOCHA, SP","  65.3","24","  51.3","24","9999.9"," 0","914.4","24"," 12.2","24","  5.9","24","  9.9","999.9","  75.2","*","  56.5","*"," 0.00","G","999.9","010000"
"08233099999","2019-05-11","40.9333333","-1.3","889.0","CALAMOCHA, SP","  56.7","24","  46.2","24","9999.9"," 0","920.9","24"," 12.1","24","  4.8","24","  9.9","999.9","  66.4","*","  46.0"," "," 0.10","G","999.9","000000"
"08233099999","2019-05-12","40.9333333","-1.3","889.0","CALAMOCHA, SP","  54.1","23","  31.7","23","9999.9"," 0","923.3","23"," 12.4","23","  3.8","23","  8.9","999.9","  72.1","*","  35.1"," "," 0.00","G","999.9","000000"
"08233099999","2019-05-13","40.9333333","-1.3","889.0","CALAMOCHA, SP","  55.3","24","  30.8","24","9999.9"," 0","919.8","24"," 12.0","24","  3.0","24","  7.0","999.9","  72.9","*","  35.4"," "," 0.00","G","999.9","000000"
"08233099999","2019-05-14","40.9333333","-1.3","889.0","CALAMOCHA, SP","  60.0","23","  37.5","23","9999.9"," 0","916.9","23"," 12.1","23","  2.6","23","  5.1","999.9","  80.1","*","  36.0"," "," 0.00","G","999.9","000000"
"08233099999","2019-05-15","40.9333333","-1.3","889.0","CALAMOCHA, SP","  62.6","23","  35.7","23","9999.9"," 0","912.6","23"," 12.2","23","  3.5","23","  7.0","999.9","  81.3","*","  40.1"," "," 0.00","G","999.9","000000"
"08233099999","2019-05-16","40.9333333","-1.3","889.0","CALAMOCHA, SP","  62.4","24","  44.5","24","9999.9"," 0","907.9","24"," 11.5","23","  3.8","24"," 11.1","999.9","  83.8","*","  41.2"," "," 0.00","G","999.9","010000"
"08233099999","2019-05-17","40.9333333","-1.3","889.0","CALAMOCHA, SP","  47.2","24","  41.7","24","9999.9"," 0","907.0","24"," 11.1","24","  6.6","24"," 17.1","999.9","  52.3","*","  39.9","*"," 0.40","G","999.9","010000"
"08233099999","2019-05-18","40.9333333","-1.3","889.0","CALAMOCHA, SP","  47.1","24","  38.8","24","9999.9"," 0","909.4","24"," 11.5","24","  2.7","24","  8.0","999.9","  60.3","*","  38.8"," "," 0.04","G","999.9","010000"
"08233099999","2019-05-19","40.9333333","-1.3","889.0","CALAMOCHA, SP","  46.7","24","  39.5","24","9999.9"," 0","911.3","24"," 12.3","24","  3.5","24","  9.9","999.9","  56.8","*","  35.2"," "," 0.05","G","999.9","010000"
"08233099999","2019-05-20","40.9333333","-1.3","889.0","CALAMOCHA, SP","  51.4","24","  37.9","24","9999.9"," 0","913.0","24"," 11.9","24","  2.5","24","  6.0","999.9","  67.6","*","  32.9"," "," 0.00","G","999.9","000000"
"08233099999","2019-05-21","40.9333333","-1.3","889.0","CALAMOCHA, SP","  56.0","24","  40.2","24","9999.9"," 0","915.2","24"," 12.1","24","  2.9","24","  7.0","999.9","  69.4","*","  38.8"," "," 0.00","G","999.9","000000"
"08233099999","2019-05-22","40.9333333","-1.3","889.0","CALAMOCHA, SP","  59.9","22","  41.5","22","9999.9"," 0","917.2","22"," 12.4","22","  2.9","22","  8.0","999.9","  76.1","*","  39.6"," "," 0.00","G","999.9","000000"
"08233099999","2019-05-23","40.9333333","-1.3","889.0","CALAMOCHA, SP","  62.7","23","  47.1","23","9999.9"," 0","916.4","23"," 11.7","23","  3.2","23","  8.0","999.9","  79.7","*","  46.4"," "," 0.00","G","999.9","010000"
"08233099999","2019-05-24","40.9333333","-1.3","889.0","CALAMOCHA, SP","  52.5","24","  47.8","24","9999.9"," 0","915.9","24"," 11.3","24","  6.1","24","  8.9","999.9","  57.2","*","  49.5","*"," 0.13","G","999.9","010000"
"08233099999","2019-05-25","40.9333333","-1.3","889.0","CALAMOCHA, SP","  54.1","24","  44.8","24","9999.9"," 0","918.1","24"," 12.4","24","  6.6","24"," 12.0","999.9","  62.8","*","  48.0","*"," 0.16","G","999.9","000000"
"08233099999","2019-05-26","40.9333333","-1.3","889.0","CALAMOCHA, SP","  54.1","24","  43.6","24","9999.9"," 0","918.1","24"," 11.8","24","  4.3","24","  9.9","999.9","  65.8","*","  44.4"," "," 0.00","G","999.9","000000"
"08233099999","2019-05-27","40.9333333","-1.3","889.0","CALAMOCHA, SP","  57.0","24","  45.2","24","9999.9"," 0","914.7","24"," 12.0","24","  4.0","24"," 11.1","999.9","  73.0","*","  39.7"," "," 0.00","G","999.9","000000"
"08233099999","2019-05-28","40.9333333","-1.3","889.0","CALAMOCHA, SP","  53.6","24","  40.7","24","9999.9"," 0","917.1","24"," 12.3","24","  4.4","24","  9.9","999.9","  65.8","*","  43.3"," "," 0.00","G","999.9","000000"
"08233099999","2019-05-29","40.9333333","-1.3","889.0","CALAMOCHA, SP","  54.2","24","  39.1","24","9999.9"," 0","921.7","24"," 12.3","24","  4.6","24","  8.9","999.9","  66.4","*","  37.4"," "," 0.00","G","999.9","000000"
"08233099999","2019-05-30","40.9333333","-1.3","889.0","CALAMOCHA, SP","  60.2","24","  41.3","24","9999.9"," 0","923.7","24"," 12.0","23","  3.0","24","  7.0","999.9","  77.0","*","  39.6"," "," 0.00","G","999.9","000000"
"08233099999","2019-05-31","40.9333333","-1.3","889.0","CALAMOCHA, SP","  63.4","22","  41.3","22","9999.9"," 0","922.7","22"," 12.1","22","  3.0","22","  7.0","999.9","  83.1","*","  41.9"," "," 0.00","G","999.9","010000"
"08233099999","2019-06-01","40.9333333","-1.3","889.0","CALAMOCHA, SP","  69.0","24","  43.7","24","9999.9"," 0","920.6","24"," 12.4","24","  3.9","24","  8.9","999.9","  87.6","*","  48.6"," "," 0.00","G","999.9","000000"
"08233099999","2019-06-02","40.9333333","-1.3","889.0","CALAMOCHA, SP","  72.1","24","  43.2","24","9999.9"," 0","918.3","24"," 12.4","24","  3.6","24","  8.0","999.9","  90.0","*","  52.0"," "," 0.00","G","999.9","000000"
"08233099999","2019-06-03","40.9333333","-1.3","889.0","CALAMOCHA, SP","  73.8","24","  42.3","24","9999.9"," 0","916.0","24"," 12.1","24","  4.4","24","  9.9","999.9","  88.2","*","  55.4"," "," 0.00","G","999.9","010000"
"08233099999","2019-06-04","40.9333333","-1.3","889.0","CALAMOCHA, SP","  73.1","24","  41.7","24","9999.9"," 0","910.7","24"," 11.3","24","  5.3","24"," 12.0","999.9","  87.8","*","  52.9"," "," 0.00","G","999.9","000000"
"08233099999","2019-06-05","40.9333333","-1.3","889.0","CALAMOCHA, SP","  57.1","24","  44.2","24","9999.9"," 0","910.3","24"," 10.5","24","  4.8","24","  9.9","999.9","  64.8","*","  47.5","*"," 0.00","G","999.9","010000"
"08233099999","2019-06-06","40.9333333","-1.3","889.0","CALAMOCHA, SP","  59.9","24","  37.9","24","9999.9"," 0","911.4","24"," 12.4","24","  6.4","24"," 12.0","999.9","  74.7","*","  38.5"," "," 0.02","G","999.9","000000"
"08233099999","2019-06-07","40.9333333","-1.3","889.0","CALAMOCHA, SP","  58.7","24","  39.3","24","9999.9"," 0","914.7","24"," 12.1","24","  5.0","24","  8.0","999.9","  69.1","*","  47.3","*"," 0.00","G","999.9","010000"
"08233099999","2019-06-08","40.9333333","-1.3","889.0","CALAMOCHA, SP","  62.1","24","  41.0","24","9999.9"," 0","919.5","24","  8.1","21","  5.1","24"," 11.1","999.9","  80.1","*","  39.6"," "," 0.00","G","999.9","000000"
"08233099999","2019-06-09","40.9333333","-1.3","889.0","CALAMOCHA, SP","  68.5","24","  41.6","24","9999.9"," 0","915.3","24"," 12.1","24","  4.2","24","  9.9","999.9","  82.8","*","  54.0","*"," 0.00","G","999.9","000000"
"08233099999","2019-06-10","40.9333333","-1.3","889.0","CALAMOCHA, SP","  59.1","24","  44.6","24","9999.9"," 0","914.9","24"," 12.4","24","  4.8","24","  8.9","999.9","  74.1","*","  49.3","*"," 0.00","G","999.9","000000"
"08233099999","2019-06-11","40.9333333","-1.3","889.0","CALAMOCHA, SP","  49.2","24","  39.4","24","9999.9"," 0","913.6","24"," 12.4","24","  3.6","24","  6.0","999.9","  57.6","*","  42.3","*"," 0.00","G","999.9","010000"
"08233099999","2019-06-12","40.9333333","-1.3","889.0","CALAMOCHA, SP","  55.2","24","  35.1","24","9999.9"," 0","913.1","24"," 12.3","24","  4.6","24"," 14.0","999.9","  72.9","*","  33.6"," "," 0.00","G","999.9","010000"
"08233099999","2019-06-13","40.9333333","-1.3","889.0","CALAMOCHA, SP","  65.8","24","  47.4","24","9999.9"," 0","911.4","24"," 12.4","24","  7.6","24"," 14.0","999.9","  79.2","*","  51.4"," "," 0.00","G","999.9","000000"
"08233099999","2019-06-14","40.9333333","-1.3","889.0","CALAMOCHA, SP","  66.3","24","  44.0","24","9999.9"," 0","911.7","24"," 10.9","23","  4.8","24","  9.9","999.9","  80.4","*","  53.1"," "," 0.00","G","999.9","010000"
"08233099999","2019-06-15","40.9333333","-1.3","889.0","CALAMOCHA, SP","  63.0","24","  37.5","24","9999.9"," 0","917.8","24","  9.6","24","  3.1","24","  7.0","999.9","  76.8","*","  47.3"," "," 0.00","G","999.9","000000"
"08233099999","2019-06-16","40.9333333","-1.3","889.0","CALAMOCHA, SP","  67.2","24","  42.6","24","9999.9"," 0","918.5","24"," 12.4","24","  3.5","24"," 12.0","999.9","  84.7","*","  44.8"," "," 0.00","G","999.9","000000"
"08233099999","2019-06-17","40.9333333","-1.3","889.0","CALAMOCHA, SP","  73.2","24","  43.8","24","9999.9"," 0","916.2","24"," 11.9","24","  3.7","24","  8.9","999.9","  89.1","*","  53.6"," "," 0.00","G","999.9","000000"
"08233099999","2019-06-18","40.9333333","-1.3","889.0","CALAMOCHA, SP","  76.5","24","  40.6","24","9999.9"," 0","913.9","24"," 12.4","24","  5.5","24"," 11.1","999.9","  89.4","*","  62.6"," "," 0.00","G","999.9","000000"
"08233099999","2019-06-19","40.9333333","-1.3","889.0","CALAMOCHA, SP","  71.5","23","  44.2","23","9999.9"," 0","914.4","23"," 12.4","23","  3.9","23","  8.0","999.9","  85.8","*","  52.5"," "," 0.00","G","999.9","000000"
"08233099999","2019-06-20","40.9333333","-1.3","889.0","CALAMOCHA, SP","  68.7","19","  49.3","19","9999.9"," 0","913.9","19"," 12.4","19","  4.1","19","  8.9","999.9","  81.0","*","  52.7"," "," 0.00","G","999.9","000000"
"08233099999","2019-06-21","40.9333333","-1.3","889.0","CALAMOCHA, SP","  69.7","11","  51.6","11","9999.9"," 0","916.0","11"," 12.4","11","  6.6","11","  8.9","999.9","  73.9","*","  61.9","*"," 0.00","E","999.9","000000"
"08233099999","2019-06-22","40.9333333","-1.3","889.0","CALAMOCHA, SP","  80.2","15","  49.6","15","9999.9"," 0","914.9","15"," 11.3","14","  5.5","15"," 12.0","999.9","  89.2","*","  69.4","*"," 0.00","E","999.9","000000"
"08233099999","2019-06-23","40.9333333","-1.3","889.0","CALAMOCHA, SP","  79.1","24","  48.0","24","9999.9"," 0","914.4","24"," 12.4","24","  6.3","24","  9.9","999.9","  93.7","*","  62.4"," "," 0.00","G","999.9","000000"
"08233099999","2019-06-24","40.9333333","-1.3","889.0","CALAMOCHA, SP","  78.2","24","  44.8","24","9999.9"," 0","914.6","24"," 12.4","23","  5.4","24","  9.9","999.9","  93.2","*","  59.7"," "," 0.00","G","999.9","000000"
"08233099999","2019-06-25","40.9333333","-1.3","889.0","CALAMOCHA, SP","  80.2","24","  51.5","24","9999.9"," 0","916.1","24"," 10.0","24","  4.8","24"," 12.0","999.9"," 100.2","*","  58.1"," "," 0.00","G","999.9","000000"
"08233099999","2019-06-26","40.9333333","-1.3","889.0","CALAMOCHA, SP","  81.9","24","  51.9","24","9999.9"," 0","918.1","24"," 10.7","24","  6.1","24"," 11.1","999.9"," 100.2","*","  61.7"," "," 0.00","G","999.9","000000"
"08233099999","2019-06-27","40.9333333","-1.3","889.0","CALAMOCHA, SP","  85.2","24","  42.0","24","9999.9"," 0","920.2","24"," 12.3","24","  7.7","24"," 14.0","999.9","  99.0","*","  67.5"," "," 0.00","G","999.9","000000"
"08233099999","2019-06-28","40.9333333","-1.3","889.0","CALAMOCHA, SP","  82.3","24","  39.9","24","9999.9"," 0","919.1","24"," 12.4","24","  4.6","24"," 11.1","999.9"," 101.1","*","  59.5"," "," 0.00","G","999.9","000000"
"08233099999","2019-06-29","40.9333333","-1.3","889.0","CALAMOCHA, SP","  80.9","24","  32.6","24","9999.9"," 0","917.7","24"," 11.9","24","  3.3","24","  9.9","999.9"," 102.9","*","  52.2"," "," 0.00","G","999.9","000000"
"08233099999","2019-06-30","40.9333333","-1.3","889.0","CALAMOCHA, SP","  83.8","24","  35.4","24","9999.9"," 0","918.2","24"," 12.2","24","  5.3","24","  9.9","999.9"," 102.6","*","  60.1"," "," 0.00","G","999.9","000000"
"08233099999","2019-07-01","40.9333333","-1.3","889.0","CALAMOCHA, SP","  79.0","24","  48.0","24","9999.9"," 0","917.7","24"," 12.2","24","  5.0","24"," 11.1","999.9","  96.3","*","  62.2"," "," 0.00","G","999.9","000000"
"08233099999","2019-07-02","40.9333333","-1.3","889.0","CALAMOCHA, SP","  71.0","24","  53.2","24","9999.9"," 0","917.0","24"," 11.8","24","  5.4","24"," 14.0","999.9","  88.5","*","  58.3"," "," 0.00","G","999.9","010010"
"08233099999","2019-07-03","40.9333333","-1.3","889.0","CALAMOCHA, SP","  76.1","24","  51.6","24","9999.9"," 0","915.7","24"," 12.3","24","  5.1","24"," 12.0","999.9","  89.8","*","  59.9"," "," 1.91","G","999.9","000000"
"08233099999","2019-07-04","40.9333333","-1.3","889.0","CALAMOCHA, SP","  77.3","24","  49.1","24","9999.9"," 0","917.0","24"," 12.4","24","  5.1","24","  9.9","999.9","  91.8","*","  61.2"," "," 0.00","G","999.9","000000"
"08233099999","2019-07-05","40.9333333","-1.3","889.0","CALAMOCHA, SP","  78.9","24","  47.9","24","9999.9"," 0","917.2","24"," 12.4","24","  3.5","24","  8.0","999.9","  96.3","*","  60.6"," "," 0.00","E","999.9","000000"
"08233099999","2019-07-06","40.9333333","-1.3","889.0","CALAMOCHA, SP","  79.7","24","  47.1","24","9999.9"," 0","915.3","24"," 12.4","24","  5.1","24"," 12.0","999.9","  94.1","*","  62.2"," "," 0.00","G","999.9","010000"
"08233099999","2019-07-07","40.9333333","-1.3","889.0","CALAMOCHA, SP","  74.3","24","  49.6","24","9999.9"," 0","914.5","24"," 12.4","24","  5.5","24"," 15.9","999.9","  89.8","*","  57.9"," "," 0.00","G","999.9","010000"
"08233099999","2019-07-08","40.9333333","-1.3","889.0","CALAMOCHA, SP","  72.7","24","  56.8","24","9999.9"," 0","913.3","24"," 11.9","24","  5.7","24"," 13.0","999.9","  87.6","*","  59.4","*"," 0.08","G","999.9","010000"
"08233099999","2019-07-09","40.9333333","-1.3","889.0","CALAMOCHA, SP","  64.4","24","  54.9","24","9999.9"," 0","915.7","24"," 11.1","24","  3.6","24","  9.9","999.9","  76.3","*","  54.7"," "," 0.66","G","999.9","010000"
"08233099999","2019-07-10","40.9333333","-1.3","889.0","CALAMOCHA, SP","  69.5","24","  52.1","24","9999.9"," 0","917.0","24"," 11.9","24","  2.2","24","  6.0","999.9","  86.9","*","  51.8"," "," 0.00","G","999.9","000000"
"08233099999","2019-07-11","40.9333333","-1.3","889.0","CALAMOCHA, SP","  76.5","24","  54.5","24","9999.9"," 0","916.7","24"," 12.4","24","  2.7","24","  7.0","999.9","  93.7","*","  57.9"," "," 0.00","E","999.9","000000"
"08233099999","2019-07-12","40.9333333","-1.3","889.0","CALAMOCHA, SP","  80.2","24","  54.2","24","9999.9"," 0","917.7","24"," 12.4","24","  2.3","24","  6.0","999.9","  98.1","*","  59.7"," "," 0.00","G","999.9","000000"
"08233099999","2019-07-13","40.9333333","-1.3","889.0","CALAMOCHA, SP","  74.8","24","  56.8","24","9999.9"," 0","916.0","24"," 11.0","24","  3.4","24"," 18.1","999.9","  92.1","*","  63.1"," "," 0.00","G","999.9","010000"
"08233099999","2019-07-14","40.9333333","-1.3","889.0","CALAMOCHA, SP","  69.8","24","  57.3","24","9999.9"," 0","914.6","24"," 12.4","24","  4.1","24","  9.9","999.9","  80.4","*","  61.3"," "," 0.17","G","999.9","000000"
"08233099999","2019-07-15","40.9333333","-1.3","889.0","CALAMOCHA, SP","  69.2","24","  47.4","24","9999.9"," 0","915.2","24"," 12.4","24","  3.2","24","  7.0","999.9","  84.9","*","  51.6"," "," 0.00","G","999.9","000000"
"08233099999","2019-07-16","40.9333333","-1.3","889.0","CALAMOCHA, SP","  72.6","24","  51.9","24","9999.9"," 0","916.3","24"," 12.3","24","  3.2","24"," 11.1","999.9","  90.1","*","  53.6"," "," 0.00","G","999.9","000000"
"08233099999","2019-07-17","40.9333333","-1.3","889.0","CALAMOCHA, SP","  71.1","24","  59.9","24","9999.9"," 0","915.9","24"," 11.9","24","  4.2","24","  9.9","999.9","  88.3","*","  61.3"," "," 0.08","G","999.9","010000"
"08233099999","2019-07-18","40.9333333","-1.3","889.0","CALAMOCHA, SP","  70.3","24","  56.3","24","9999.9"," 0","917.0","24"," 12.0","24","  2.8","24","  7.0","999.9","  86.4","*","  57.7"," "," 0.42","G","999.9","000000"
"08233099999","2019-07-19","40.9333333","-1.3","889.0","CALAMOCHA, SP","  76.2","23","  55.0","23","9999.9"," 0","916.3","23"," 12.4","23","  4.1","23"," 11.1","999.9","  91.9","*","  58.6"," "," 0.00","G","999.9","000000"
"08233099999","2019-07-20","40.9333333","-1.3","889.0","CALAMOCHA, SP","  81.4","24","  52.4","24","9999.9"," 0","916.2","24"," 12.4","24","  5.8","24"," 11.1","999.9","  96.8","*","  64.0"," "," 0.00","G","999.9","000000"
"08233099999","2019-07-21","40.9333333","-1.3","889.0","CALAMOCHA, SP","  81.0","24","  52.4","24","9999.9"," 0","920.5","24"," 12.4","24","  4.5","24","  8.0","999.9","  95.9","*","  65.1"," "," 0.00","G","999.9","000000"
"08233099999","2019-07-22","40.9333333","-1.3","889.0","CALAMOCHA, SP","  80.0","24","  46.4","24","9999.9"," 0","922.1","24"," 12.4","24","  4.6","24","  9.9","999.9","  96.6","*","  61.9"," "," 0.00","G","999.9","000000"
"08233099999","2019-07-23","40.9333333","-1.3","889.0","CALAMOCHA, SP","  81.0","24","  45.7","24","9999.9"," 0","919.4","24"," 12.4","24","  4.9","24","  9.9","999.9","  99.1","*","  59.9"," "," 0.00","G","999.9","000000"
"08233099999","2019-07-24","40.9333333","-1.3","889.0","CALAMOCHA, SP","  81.1","23","  47.9","23","9999.9"," 0","917.7","23"," 12.0","23","  4.7","23","  8.0","999.9","  98.2","*","  64.0"," "," 0.00","G","999.9","010000"
"08233099999","2019-07-25","40.9333333","-1.3","889.0","CALAMOCHA, SP","  78.3","24","  50.7","24","9999.9"," 0","915.6","24"," 12.3","24","  4.7","24"," 15.0","999.9","  94.1","*","  61.0"," "," 0.00","G","999.9","010000"
"08233099999","2019-07-26","40.9333333","-1.3","889.0","CALAMOCHA, SP","  72.0","23","  57.2","23","9999.9"," 0","913.0","23"," 12.4","23","  3.8","23"," 13.0","999.9","  84.9","*","  61.3","*"," 0.01","G","999.9","010000"
"08233099999","2019-07-27","40.9333333","-1.3","889.0","CALAMOCHA, SP","  60.9","10","  53.5","10","9999.9"," 0","911.4","10"," 12.2","10","  4.0","10","  7.0","999.9","  66.2","*","  57.4","*"," 0.00","G","999.9","000000"
"08233099999","2019-07-28","40.9333333","-1.3","889.0","CALAMOCHA, SP","  65.3","24","  47.4","24","9999.9"," 0","912.7","24"," 12.4","24","  2.9","24","  5.1","999.9","  80.2","*","  49.1"," "," 0.00","G","999.9","000000"
"08233099999","2019-07-29","40.9333333","-1.3","889.0","CALAMOCHA, SP","  73.6","24","  48.3","24","9999.9"," 0","912.5","24"," 12.4","24","  3.6","24","  6.0","999.9","  90.5","*","  53.1"," "," 0.00","G","999.9","000000"
"08233099999","2019-07-30","40.9333333","-1.3","889.0","CALAMOCHA, SP","  66.3","24","  49.8","24","9999.9"," 0","917.3","24"," 12.4","24","  4.3","24","  8.9","999.9","  79.9","*","  54.1"," "," 0.00","G","999.9","000000"
"08233099999","2019-07-31","40.9333333","-1.3","889.0","CALAMOCHA, SP","  70.8","24","  51.8","24","9999.9"," 0","917.2","24"," 12.4","24","  5.2","24"," 11.1","999.9","  88.9","*","  53.1"," "," 0.00","E","999.9","000000"
"08233099999","2019-08-01","40.9333333","-1.3","889.0","CALAMOCHA, SP","  75.9","24","  55.5","24","9999.9"," 0","914.5","24"," 12.2","24","  3.8","24"," 12.0","999.9","  91.8","*","  59.5"," "," 0.00","G","999.9","000000"
"08233099999","2019-08-02","40.9333333","-1.3","889.0","CALAMOCHA, SP","  75.0","24","  55.9","24","9999.9"," 0","916.7","24"," 11.7","24","  3.3","24","  8.9","999.9","  89.6","*","  59.7"," "," 0.00","G","999.9","000000"
"08233099999","2019-08-03","40.9333333","-1.3","889.0","CALAMOCHA, SP","  77.8","24","  54.0","24","9999.9"," 0","915.6","24"," 12.4","24","  3.6","24"," 13.0","999.9","  93.7","*","  58.1"," "," 0.00","G","999.9","000000"
"08233099999","2019-08-04","40.9333333","-1.3","889.0","CALAMOCHA, SP","  79.9","24","  54.4","24","9999.9"," 0","915.3","24"," 12.4","24","  3.8","24"," 12.0","999.9","  96.6","*","  62.6"," "," 0.00","G","999.9","000000"
"08233099999","2019-08-05","40.9333333","-1.3","889.0","CALAMOCHA, SP","  79.1","24","  53.8","24","9999.9"," 0","915.3","24"," 11.8","24","  4.1","24"," 13.0","999.9","  97.2","*","  58.5"," "," 0.00","G","999.9","000000"
"08233099999","2019-08-06","40.9333333","-1.3","889.0","CALAMOCHA, SP","  79.8","24","  47.3","24","9999.9"," 0","913.8","24"," 12.4","24","  3.4","24","  7.0","999.9","  95.7","*","  61.0"," "," 0.00","G","999.9","000000"
"08233099999","2019-08-07","40.9333333","-1.3","889.0","CALAMOCHA, SP","  74.3","24","  47.4","24","9999.9"," 0","913.8","24"," 12.4","24","  2.6","24","  5.1","999.9","  83.1","*","  63.0"," "," 0.00","G","999.9","000000"
"08233099999","2019-08-08","40.9333333","-1.3","889.0","CALAMOCHA, SP","  76.7","23","  51.6","23","9999.9"," 0","915.2","23"," 12.3","23","  3.7","23","  8.0","999.9","  93.0","*","  58.5"," "," 0.00","G","999.9","000000"
"08233099999","2019-08-09","40.9333333","-1.3","889.0","CALAMOCHA, SP","  79.1","24","  53.0","24","9999.9"," 0","916.1","24"," 12.4","24","  6.0","24","  9.9","999.9","  91.9","*","  64.4"," "," 0.00","G","999.9","000000"
"08233099999","2019-08-10","40.9333333","-1.3","889.0","CALAMOCHA, SP","  75.1","24","  54.9","24","9999.9"," 0","918.2","24"," 12.4","24","  3.2","24"," 13.0","999.9","  91.9","*","  58.8"," "," 0.00","G","999.9","000000"
"08233099999","2019-08-11","40.9333333","-1.3","889.0","CALAMOCHA, SP","  72.9","24","  50.4","24","9999.9"," 0","915.8","24"," 12.4","24","  4.1","24","  8.9","999.9","  87.6","*","  61.9"," "," 0.00","G","999.9","000000"
"08233099999","2019-08-12","40.9333333","-1.3","889.0","CALAMOCHA, SP","  63.6","23","  46.9","23","9999.9"," 0","919.0","23"," 11.9","23","  4.1","23","  9.9","999.9","  75.4","*","  53.6"," "," 0.00","G","999.9","000000"
"08233099999","2019-08-13","40.9333333","-1.3","889.0","CALAMOCHA, SP","  64.6","24","  43.9","24","9999.9"," 0","920.4","24"," 12.4","24","  3.1","24","  6.0","999.9","  79.2","*","  53.4"," "," 0.00","G","999.9","000000"
"08233099999","2019-08-14","40.9333333","-1.3","889.0","CALAMOCHA, SP","  68.9","24","  43.7","24","9999.9"," 0","920.2","24"," 12.2","24","  2.3","24","  5.1","999.9","  87.8","*","  46.8"," "," 0.00","G","999.9","000000"
"08233099999","2019-08-15","40.9333333","-1.3","889.0","CALAMOCHA, SP","  71.8","24","  54.0","24","9999.9"," 0","920.2","24"," 12.4","24","  3.2","24","  8.9","999.9","  86.4","*","  57.6"," "," 0.00","G","999.9","000000"
"08233099999","2019-08-16","40.9333333","-1.3","889.0","CALAMOCHA, SP","  68.1","14","  51.9","14","9999.9"," 0","918.7","14"," 11.4","14","  4.0","14"," 12.0","999.9","  85.6","*","  56.7"," "," 0.00","G","999.9","000000"
"08233099999","2019-08-17","40.9333333","-1.3","889.0","CALAMOCHA, SP","  80.1","24","  51.3","24","9999.9"," 0","916.2","24","  9.3","24","  3.4","24","  7.0","999.9","  96.1","*","  62.1"," "," 0.00","G","999.9","000000"
"08233099999","2019-08-18","40.9333333","-1.3","889.0","CALAMOCHA, SP","  80.3","24","  48.7","24","9999.9"," 0","914.1","24"," 12.4","24","  4.9","24","  9.9","999.9","  95.7","*","  64.6"," "," 0.00","G","999.9","000000"
"08233099999","2019-08-19","40.9333333","-1.3","889.0","CALAMOCHA, SP","  69.8","24","  54.1","24","9999.9"," 0","916.8","24"," 12.4","24","  4.0","24"," 12.0","999.9","  85.8","*","  57.7"," "," 0.00","G","999.9","000000"
"08233099999","2019-08-20","40.9333333","-1.3","889.0","CALAMOCHA, SP","  62.3","24","  55.7","24","9999.9"," 0","920.2","24"," 11.9","23","  4.4","24","  8.0","999.9","  70.3","*","  57.0","*"," 0.00","G","999.9","010000"
"08233099999","2019-08-21","40.9333333","-1.3","889.0","CALAMOCHA, SP","  65.1","24","  55.9","24","9999.9"," 0","921.0","24"," 11.8","24","  2.8","24","  9.9","999.9","  76.3","*","  57.9","*"," 0.09","G","999.9","010000"
"08233099999","2019-08-22","40.9333333","-1.3","889.0","CALAMOCHA, SP","  66.7","24","  50.7","24","9999.9"," 0","921.4","24"," 11.6","24","  2.6","24","  6.0","999.9","  84.9","*","  49.5"," "," 0.07","G","999.9","000000"
"08233099999","2019-08-23","40.9333333","-1.3","889.0","CALAMOCHA, SP","  70.8","24","  49.8","24","9999.9"," 0","920.7","24","  9.8","23","  2.9","24","  8.0","999.9","  88.5","*","  52.7"," "," 0.00","G","999.9","000000"
"08233099999","2019-08-24","40.9333333","-1.3","889.0","CALAMOCHA, SP","  72.9","24","  47.5","24","9999.9"," 0","919.7","24"," 12.4","24","  3.4","24","  8.9","999.9","  90.3","*","  53.2"," "," 0.00","G","999.9","000000"
"08233099999","2019-08-25","40.9333333","-1.3","889.0","CALAMOCHA, SP","  74.3","24","  49.5","24","9999.9"," 0","918.3","24"," 12.4","24","  4.5","24","  9.9","999.9","  88.9","*","  56.3"," "," 0.00","G","999.9","000000"
"08233099999","2019-08-26","40.9333333","-1.3","889.0","CALAMOCHA, SP","  71.2","24","  51.3","24","9999.9"," 0","916.9","24"," 12.4","24","  5.2","24","  9.9","999.9","  85.3","*","  57.2"," "," 0.00","G","999.9","010000"
"08233099999","2019-08-27","40.9333333","-1.3","889.0","CALAMOCHA, SP","  66.0","24","  55.6","24","9999.9"," 0","917.3","24"," 11.8","24","  3.1","24","  9.9","999.9","  80.1","*","  56.7"," "," 0.10","G","999.9","010000"
"08233099999","2019-08-28","40.9333333","-1.3","889.0","CALAMOCHA, SP","  75.6","17","  53.8","17","9999.9"," 0","918.7","17"," 12.4","17","  2.8","17","  8.0","999.9","  85.5","*","  58.8","*"," 0.00","G","999.9","000000"
"08233099999","2019-08-29","40.9333333","-1.3","889.0","CALAMOCHA, SP","  72.2","24","  54.7","24","9999.9"," 0","920.7","24"," 12.2","24","  3.8","24"," 11.1","999.9","  87.3","*","  58.3"," "," 0.00","G","999.9","000000"
"08233099999","2019-08-30","40.9333333","-1.3","889.0","CALAMOCHA, SP","  71.6","23","  54.4","23","9999.9"," 0","921.1","23"," 11.8","23","  3.4","23","  9.9","999.9","  89.4","*","  61.3","*"," 0.00","G","999.9","010000"
"08233099999","2019-08-31","40.9333333","-1.3","889.0","CALAMOCHA, SP","  72.3","24","  52.0","24","9999.9"," 0","918.1","24"," 12.4","24","  4.5","24"," 14.0","999.9","  87.8","*","  54.3"," "," 0.29","G","999.9","000000"
"08233099999","2019-09-01","40.9333333","-1.3","889.0","CALAMOCHA, SP","  68.4","24","  55.6","24","9999.9"," 0","917.0","24"," 11.9","24","  3.9","24"," 17.1","999.9","  83.7","*","  56.7"," "," 0.00","G","999.9","010000"
"08233099999","2019-09-02","40.9333333","-1.3","889.0","CALAMOCHA, SP","  64.1","24","  51.5","24","9999.9"," 0","920.4","24"," 12.4","24","  3.3","24","  7.0","999.9","  76.1","*","  56.1","*"," 0.20","G","999.9","000000"
"08233099999","2019-09-03","40.9333333","-1.3","889.0","CALAMOCHA, SP","  64.9","24","  47.1","24","9999.9"," 0","921.7","24"," 12.4","24","  2.3","24","  6.0","999.9","  82.6","*","  48.6"," "," 0.00","G","999.9","000000"
"08233099999","2019-09-04","40.9333333","-1.3","889.0","CALAMOCHA, SP","  65.7","24","  47.4","24","9999.9"," 0","920.2","24"," 12.4","24","  3.2","24","  9.9","999.9","  85.5","*","  48.7"," "," 0.00","G","999.9","000000"
"08233099999","2019-09-05","40.9333333","-1.3","889.0","CALAMOCHA, SP","  59.5","24","  43.7","24","9999.9"," 0","921.1","24"," 12.1","24","  4.3","24","  9.9","999.9","  71.6","*","  48.4"," "," 0.00","G","999.9","000000"
"08233099999","2019-09-06","40.9333333","-1.3","889.0","CALAMOCHA, SP","  55.8","23","  40.9","23","9999.9"," 0","921.2","23"," 12.1","23","  3.0","23","  8.9","999.9","  71.6","*","  40.5"," "," 0.00","G","999.9","000000"
"08233099999","2019-09-07","40.9333333","-1.3","889.0","CALAMOCHA, SP","  59.3","24","  42.7","24","9999.9"," 0","920.5","24"," 12.4","24","  2.6","24","  7.0","999.9","  74.8","*","  44.2"," "," 0.00","G","999.9","000000"
"08233099999","2019-09-08","40.9333333","-1.3","889.0","CALAMOCHA, SP","  60.9","24","  45.4","24","9999.9"," 0","918.8","24"," 12.4","24","  2.5","24","  6.0","999.9","  77.2","*","  44.4"," "," 0.00","G","999.9","000000"
"08233099999","2019-09-09","40.9333333","-1.3","889.0","CALAMOCHA, SP","  65.3","24","  44.1","24","9999.9"," 0","915.3","24"," 12.3","24","  3.1","24","  8.0","999.9","  82.6","*","  46.9"," "," 0.00","G","999.9","000000"
"08233099999","2019-09-10","40.9333333","-1.3","889.0","CALAMOCHA, SP","  55.2","24","  41.8","24","9999.9"," 0","913.7","24"," 12.0","24","  6.0","24","  8.9","999.9","  61.2","*","  49.5","*"," 0.01","G","999.9","010000"
"08233099999","2019-09-11","40.9333333","-1.3","889.0","CALAMOCHA, SP","  59.9","24","  43.3","24","9999.9"," 0","920.9","24"," 12.4","24","  8.6","24"," 14.0","999.9","  68.5","*","  53.1"," "," 0.02","G","999.9","000000"
"08233099999","2019-09-12","40.9333333","-1.3","889.0","CALAMOCHA, SP","  63.4","24","  46.8","24","9999.9"," 0","927.2","24"," 12.0","24","  5.0","24","  9.9","999.9","  78.6","*","  50.7"," "," 0.00","G","999.9","000000"
"08233099999","2019-09-13","40.9333333","-1.3","889.0","CALAMOCHA, SP","  60.6","23","  49.3","23","9999.9"," 0","926.4","23"," 12.1","23","  5.0","23"," 13.0","999.9","  68.7","*","  49.6"," "," 0.00","G","999.9","010000"
"08233099999","2019-09-14","40.9333333","-1.3","889.0","CALAMOCHA, SP","  65.1","24","  49.9","24","9999.9"," 0","924.1","24"," 12.2","24","  6.0","24"," 14.0","999.9","  78.1","*","  52.5"," "," 0.05","G","999.9","010000"
"08233099999","2019-09-15","40.9333333","-1.3","889.0","CALAMOCHA, SP","  67.6","24","  51.3","24","9999.9"," 0","921.3","24"," 12.4","24","  6.2","24"," 15.0","999.9","  79.7","*","  57.6"," "," 0.00","G","999.9","000000"
"08233099999","2019-09-16","40.9333333","-1.3","889.0","CALAMOCHA, SP","  65.5","24","  57.6","24","9999.9"," 0","920.0","24"," 10.2","24","  2.6","24"," 12.0","999.9","  77.5","*","  58.5"," "," 0.00","G","999.9","010000"
"08233099999","2019-09-17","40.9333333","-1.3","889.0","CALAMOCHA, SP","  66.4","24","  53.2","24","9999.9"," 0","918.3","24","  8.0","22","  2.8","24","  7.0","999.9","  84.2","*","  51.4"," "," 0.03","G","999.9","010000"
"08233099999","2019-09-18","40.9333333","-1.3","889.0","CALAMOCHA, SP","  63.3","22","  52.3","22","9999.9"," 0","917.6","22"," 12.4","22","  2.2","22","  7.0","999.9","  76.6","*","  50.2"," "," 0.08","G","999.9","000000"
"08233099999","2019-09-19","40.9333333","-1.3","889.0","CALAMOCHA, SP","  64.8","24","  52.7","24","9999.9"," 0","918.2","24"," 10.9","24","  3.1","24"," 12.0","999.9","  81.9","*","  50.0"," "," 0.00","G","999.9","010000"
"08233099999","2019-09-20","40.9333333","-1.3","889.0","CALAMOCHA, SP","  66.8","24","  55.0","24","9999.9"," 0","917.3","24"," 11.2","24","  5.8","24","  9.9","999.9","  79.9","*","  55.9"," "," 0.00","G","999.9","010000"
"08233099999","2019-09-21","40.9333333","-1.3","889.0","CALAMOCHA, SP","  66.7","21","  53.2","21","9999.9"," 0","914.2","21"," 12.0","21","  4.6","21"," 12.0","999.9","  74.7","*","  58.3"," "," 0.02","G","999.9","010000"
"08233099999","2019-09-22","40.9333333","-1.3","889.0","CALAMOCHA, SP","  64.0","17","  51.9","17","9999.9"," 0","915.4","17"," 12.4","17","  3.6","17"," 11.1","999.9","  71.8","*","  55.0","*"," 0.00","G","999.9","010000"
"08233099999","2019-09-23","40.9333333","-1.3","889.0","CALAMOCHA, SP","  60.1","24","  45.4","24","9999.9"," 0","919.7","24"," 10.6","23","  2.4","24","  4.1","999.9","  74.7","*","  44.1"," "," 0.02","G","999.9","000000"
"08233099999","2019-09-24","40.9333333","-1.3","889.0","CALAMOCHA, SP","  66.7","23","  48.7","23","9999.9"," 0","918.0","23"," 12.4","23","  3.5","23","  8.0","999.9","  82.0","*","  48.7"," "," 0.00","G","999.9","000000"
"08233099999","2019-09-25","40.9333333","-1.3","889.0","CALAMOCHA, SP","  63.6","24","  46.6","24","9999.9"," 0","917.8","24"," 12.4","24","  3.2","24","  5.1","999.9","  73.0","*","  55.4","*"," 0.00","G","999.9","000000"
"08233099999","2019-09-26","40.9333333","-1.3","889.0","CALAMOCHA, SP","  64.8","24","  46.1","24","9999.9"," 0","919.4","24"," 12.1","24","  2.6","24","  6.0","999.9","  84.6","*","  46.2"," "," 0.00","G","999.9","000000"
"08233099999","2019-09-27","40.9333333","-1.3","889.0","CALAMOCHA, SP","  65.0","24","  45.6","24","9999.9"," 0","919.4","24"," 11.8","24","  1.7","24","  4.1","999.9","  81.9","*","  48.7"," "," 0.00","G","999.9","000000"
"08233099999","2019-09-28","40.9333333","-1.3","889.0","CALAMOCHA, SP","  63.7","24","  44.8","24","9999.9"," 0","920.3","24"," 12.3","24","  2.3","24","  5.1","999.9","  85.5","*","  44.2"," "," 0.00","G","999.9","000000"
"08233099999","2019-09-29","40.9333333","-1.3","889.0","CALAMOCHA, SP","  67.1","23","  46.2","23","9999.9"," 0","918.9","23","  9.4","23","  3.6","23","  7.0","999.9","  86.0","*","  53.4"," "," 0.00","G","999.9","000000"
"08233099999","2019-09-30","40.9333333","-1.3","889.0","CALAMOCHA, SP","  65.1","24","  41.1","24","9999.9"," 0","917.9","24"," 12.3","24","  1.9","24","  4.1","999.9","  87.3","*","  44.8"," "," 0.00","G","999.9","000000"
"08233099999","2019-10-01","40.9333333","-1.3","889.0","CALAMOCHA, SP","  64.2","24","  44.4","24","9999.9"," 0","914.4","24"," 12.3","24","  2.9","24","  6.0","999.9","  80.8","*","  50.2"," "," 0.00","G","999.9","000000"
"08233099999","2019-10-02","40.9333333","-1.3","889.0","CALAMOCHA, SP","  58.3","24","  44.9","24","9999.9"," 0","917.4","24"," 12.4","24","  3.9","24","  8.0","999.9","  68.7","*","  49.1"," "," 0.00","G","999.9","000000"
"08233099999","2019-10-03","40.9333333","-1.3","889.0","CALAMOCHA, SP","  57.8","24","  40.9","24","9999.9"," 0","918.4","24"," 12.4","24","  2.3","24","  5.1","999.9","  77.0","*","  42.6"," "," 0.00","G","999.9","000000"
"08233099999","2019-10-04","40.9333333","-1.3","889.0","CALAMOCHA, SP","  60.4","23","  42.5","23","9999.9"," 0","917.7","23"," 12.4","23","  2.5","23","  5.1","999.9","  81.5","*","  41.4"," "," 0.00","G","999.9","000000"
"08233099999","2019-10-05","40.9333333","-1.3","889.0","CALAMOCHA, SP","  62.2","24","  46.7","24","9999.9"," 0","917.1","24"," 12.3","24","  1.7","24","  2.9","999.9","  80.2","*","  45.9"," "," 0.00","G","999.9","000000"
"08233099999","2019-10-06","40.9333333","-1.3","889.0","CALAMOCHA, SP","  58.0","24","  45.7","24","9999.9"," 0","919.5","24"," 12.4","24","  2.5","24","  8.9","999.9","  73.0","*","  42.8"," "," 0.00","G","999.9","000000"
"08233099999","2019-10-07","40.9333333","-1.3","889.0","CALAMOCHA, SP","  62.3","24","  43.1","24","9999.9"," 0","919.4","24"," 12.4","24","  3.8","24","  8.0","999.9","  77.2","*","  48.6"," "," 0.00","G","999.9","000000"
"08233099999","2019-10-08","40.9333333","-1.3","889.0","CALAMOCHA, SP","  64.7","24","  43.6","24","9999.9"," 0","918.8","24"," 11.4","24","  2.6","24","  8.0","999.9","  84.4","*","  47.3"," "," 0.00","G","999.9","000000"
"08233099999","2019-10-09","40.9333333","-1.3","889.0","CALAMOCHA, SP","  59.7","24","  47.2","24","9999.9"," 0","918.7","24"," 12.4","24","  3.7","24","  8.9","999.9","  73.6","*","  48.9"," "," 0.00","G","999.9","000000"
"08233099999","2019-10-10","40.9333333","-1.3","889.0","CALAMOCHA, SP","  61.1","24","  45.9","24","9999.9"," 0","920.9","24"," 12.1","24","  3.2","24","  7.0","999.9","  75.0","*","  52.0"," "," 0.00","G","999.9","000000"
"08233099999","2019-10-11","40.9333333","-1.3","889.0","CALAMOCHA, SP","  67.2","24","  52.9","24","9999.9"," 0","919.8","24"," 10.4","24","  3.8","24","  9.9","999.9","  83.3","*","  53.8"," "," 0.00","G","999.9","000000"
"08233099999","2019-10-12","40.9333333","-1.3","889.0","CALAMOCHA, SP","  67.2","24","  51.1","24","9999.9"," 0","917.8","24"," 12.4","24","  4.1","24","  8.9","999.9","  80.2","*","  57.9"," "," 0.00","G","999.9","000000"
"08233099999","2019-10-13","40.9333333","-1.3","889.0","CALAMOCHA, SP","  65.6","24","  47.2","24","9999.9"," 0","916.3","24"," 12.2","24","  4.4","24","  9.9","999.9","  81.3","*","  52.7"," "," 0.00","G","999.9","000000"
"08233099999","2019-10-14","40.9333333","-1.3","889.0","CALAMOCHA, SP","  61.4","24","  48.6","24","9999.9"," 0","913.1","24"," 12.0","24","  6.5","24"," 15.0","999.9","  72.0","*","  49.1","*"," 0.00","G","999.9","010000"
"08233099999","2019-10-15","40.9333333","-1.3","889.0","CALAMOCHA, SP","  49.8","24","  35.9","24","9999.9"," 0","918.1","24"," 12.4","24","  3.4","24","  8.0","999.9","  62.8","*","  41.0","*"," 0.02","G","999.9","000000"
"08233099999","2019-10-16","40.9333333","-1.3","889.0","CALAMOCHA, SP","  54.0","24","  34.4","24","9999.9"," 0","918.2","24"," 12.4","24","  3.6","24","  7.0","999.9","  70.2","*","  38.8"," "," 0.00","G","999.9","000000"
"08233099999","2019-10-17","40.9333333","-1.3","889.0","CALAMOCHA, SP","  52.2","24","  40.5","24","9999.9"," 0","917.5","24"," 12.4","24","  3.3","24","  8.0","999.9","  68.0","*","  36.1"," "," 0.00","G","999.9","010000"
"08233099999","2019-10-18","40.9333333","-1.3","889.0","CALAMOCHA, SP","  60.1","24","  49.0","24","9999.9"," 0","915.5","24"," 12.4","24","  4.5","24","  9.9","999.9","  68.4","*","  49.6"," "," 0.00","G","999.9","000000"
"08233099999","2019-10-19","40.9333333","-1.3","889.0","CALAMOCHA, SP","  58.9","24","  45.3","24","9999.9"," 0","909.2","24"," 12.1","24","  6.2","24"," 15.9","999.9","  68.2","*","  47.5"," "," 0.00","G","999.9","010000"
"08233099999","2019-10-20","40.9333333","-1.3","889.0","CALAMOCHA, SP","  53.0","24","  43.6","24","9999.9"," 0","908.8","24"," 11.7","24","  5.4","24","  8.9","999.9","  58.1","*","  44.2","*"," 0.06","G","999.9","010000"
"08233099999","2019-10-21","40.9333333","-1.3","889.0","CALAMOCHA, SP","  47.1","24","  39.1","24","9999.9"," 0","916.4","24"," 12.4","24","  1.9","24","  9.9","999.9","  56.1","*","  39.2","*"," 0.02","G","999.9","000000"
"08233099999","2019-10-22","40.9333333","-1.3","889.0","CALAMOCHA, SP","  43.0","24","  41.5","24","9999.9"," 0","911.7","24","  7.8","21","  2.5","24","  6.0","999.9","  44.8","*","  37.9"," "," 0.00","G","999.9","010000"
"08233099999","2019-10-23","40.9333333","-1.3","889.0","CALAMOCHA, SP","  47.9","24","  41.5","24","9999.9"," 0","906.6","24"," 10.7","23","  3.4","24","  7.0","999.9","  54.7","*","  43.7","*"," 0.94","G","999.9","010000"
"08233099999","2019-10-24","40.9333333","-1.3","889.0","CALAMOCHA, SP","  48.9","24","  41.7","24","9999.9"," 0","916.7","24"," 11.6","23","  3.3","24","  7.0","999.9","  58.6","*","  41.9"," "," 0.02","G","999.9","010000"
"08233099999","2019-10-25","40.9333333","-1.3","889.0","CALAMOCHA, SP","  55.0","24","  46.6","24","9999.9"," 0","922.2","24"," 12.1","24","  1.6","24","  2.9","999.9","  71.2","*","  44.1"," "," 0.00","G","999.9","000000"
"08233099999","2019-10-26","40.9333333","-1.3","889.0","CALAMOCHA, SP","  53.6","24","  43.1","24","9999.9"," 0","920.9","24"," 12.3","24","  2.1","24","  5.1","999.9","  71.6","*","  39.2","*"," 0.00","G","999.9","000000"
"08233099999","2019-10-27","40.9333333","-1.3","889.0","CALAMOCHA, SP","  54.9","24","  46.6","24","9999.9"," 0","920.4","24","  8.6","24","  3.1","24","  6.0","999.9","  71.1","*","  45.1"," "," 0.00","G","999.9","000000"
"08233099999","2019-10-28","40.9333333","-1.3","889.0","CALAMOCHA, SP","  56.5","24","  49.2","24","9999.9"," 0","917.6","24"," 11.3","24","  2.3","24","  5.1","999.9","  68.9","*","  48.9","*"," 0.00","G","999.9","000000"
"08233099999","2019-10-29","40.9333333","-1.3","889.0","CALAMOCHA, SP","  54.2","24","  47.4","24","9999.9"," 0","918.1","24"," 11.0","24","  1.6","24","  2.9","999.9","  69.1","*","  43.3","*"," 0.00","G","999.9","000000"
"08233099999","2019-10-30","40.9333333","-1.3","889.0","CALAMOCHA, SP","  55.4","24","  48.0","24","9999.9"," 0","921.1","24","  9.9","24","  1.9","24","  4.1","999.9","  66.7","*","  41.7","*"," 0.00","G","999.9","000000"
"08233099999","2019-10-31","40.9333333","-1.3","889.0","CALAMOCHA, SP","  58.7","24","  49.9","24","9999.9"," 0","921.2","24"," 11.6","23","  3.2","24","  8.0","999.9","  67.5","*","  49.8","*"," 0.00","G","999.9","010000"
"08233099999","2019-11-01","40.9333333","-1.3","889.0","CALAMOCHA, SP","  60.1","24","  52.8","24","9999.9"," 0","917.6","24"," 12.3","24","  4.3","24","  8.0","999.9","  69.6","*","  49.3"," "," 0.00","G","999.9","010000"
"08233099999","2019-11-02","40.9333333","-1.3","889.0","CALAMOCHA, SP","  59.6","24","  50.2","24","9999.9"," 0","908.8","24"," 12.4","24","  6.7","24"," 12.0","999.9","  66.0","*","  53.6"," "," 0.01","G","999.9","000000"
"08233099999","2019-11-03","40.9333333","-1.3","889.0","CALAMOCHA, SP","  54.3","24","  40.4","24","9999.9"," 0","905.0","24"," 12.0","24","  8.9","24"," 15.9","999.9","  57.9","*","  49.1","*"," 0.00","G","999.9","000000"
"08233099999","2019-11-04","40.9333333","-1.3","889.0","CALAMOCHA, SP","  55.5","23","  44.8","23","9999.9"," 0","907.6","23"," 11.6","23","  9.1","23"," 17.1","999.9","  62.4","*","  48.4","*"," 0.09","G","999.9","010000"
"08233099999","2019-11-05","40.9333333","-1.3","889.0","CALAMOCHA, SP","  46.7","24","  39.0","24","9999.9"," 0","908.1","24"," 11.9","24","  5.5","24"," 11.1","999.9","  54.7","*","  43.0"," "," 0.35","G","999.9","010000"
"08233099999","2019-11-06","40.9333333","-1.3","889.0","CALAMOCHA, SP","  46.5","24","  37.5","24","9999.9"," 0","912.9","24"," 12.2","24","  3.7","24","  7.0","999.9","  55.6","*","  41.2","*"," 0.03","G","999.9","000000"
"08233099999","2019-11-07","40.9333333","-1.3","889.0","CALAMOCHA, SP","  46.1","19","  38.3","19","9999.9"," 0","909.1","19"," 10.7","19","  4.5","19","  8.0","999.9","  50.5","*","  39.0","*"," 0.00","G","999.9","010000"
"08233099999","2019-11-08","40.9333333","-1.3","889.0","CALAMOCHA, SP","  42.4","24","  30.8","24","9999.9"," 0","911.5","24"," 12.4","24","  7.3","24"," 14.0","999.9","  49.5","*","  36.9"," "," 0.02","G","999.9","000000"
"08233099999","2019-11-09","40.9333333","-1.3","889.0","CALAMOCHA, SP","  44.3","24","  33.9","24","9999.9"," 0","915.5","24"," 12.4","24","  4.4","24","  8.0","999.9","  52.0","*","  36.9"," "," 0.00","G","999.9","000000"
"08233099999","2019-11-10","40.9333333","-1.3","889.0","CALAMOCHA, SP","  38.3","24","  32.6","24","9999.9"," 0","913.0","24"," 12.0","24","  4.8","24"," 12.0","999.9","  45.1","*","  34.2"," "," 0.27","G","999.9","011000"
"08233099999","2019-11-11","40.9333333","-1.3","889.0","CALAMOCHA, SP","  39.6","24","  35.7","24","9999.9"," 0","914.1","24"," 12.1","24","  3.2","24","  6.0","999.9","  46.0","*","  32.5"," "," 0.00","G","999.9","010000"
"08233099999","2019-11-12","40.9333333","-1.3","889.0","CALAMOCHA, SP","  41.2","24","  34.9","24","9999.9"," 0","912.0","24"," 11.8","24","  3.3","24","  7.0","999.9","  51.1","*","  33.6"," "," 0.09","G","999.9","010000"
"08233099999","2019-11-13","40.9333333","-1.3","889.0","CALAMOCHA, SP","  45.1","24","  39.6","24","9999.9"," 0","907.5","24","  9.3","23","  3.0","24","  7.0","999.9","  52.9","*","  38.1","*"," 0.39","G","999.9","010000"
"08233099999","2019-11-14","40.9333333","-1.3","889.0","CALAMOCHA, SP","  41.5","24","  34.2","24","9999.9"," 0","900.3","24"," 11.8","24","  5.6","24"," 12.0","999.9","  47.3","*","  36.5","*"," 0.11","G","999.9","011000"
"08233099999","2019-11-15","40.9333333","-1.3","889.0","CALAMOCHA, SP","  38.9","24","  32.2","24","9999.9"," 0","901.9","24"," 12.4","24","  4.4","24","  8.0","999.9","  45.1","*","  33.8"," "," 0.21","G","999.9","010000"
"08233099999","2019-11-16","40.9333333","-1.3","889.0","CALAMOCHA, SP","  37.9","24","  31.3","24","9999.9"," 0","910.4","24"," 12.4","24","  2.9","24","  7.0","999.9","  44.2","*","  32.0","*"," 0.03","G","999.9","000000"
"08233099999","2019-11-17","40.9333333","-1.3","889.0","CALAMOCHA, SP","  39.5","24","  33.7","24","9999.9"," 0","910.0","24"," 11.4","24","  3.5","24","  7.0","999.9","  48.2","*","  30.9"," "," 0.00","G","999.9","010000"
"08233099999","2019-11-18","40.9333333","-1.3","889.0","CALAMOCHA, SP","  38.5","24","  33.9","24","9999.9"," 0","911.2","24"," 11.9","24","  3.2","24","  7.0","999.9","  44.2","*","  32.2","*"," 0.13","G","999.9","010000"
"08233099999","2019-11-19","40.9333333","-1.3","889.0","CALAMOCHA, SP","  36.1","24","  29.9","24","9999.9"," 0","914.1","24"," 12.4","24","  2.4","24","  6.0","999.9","  48.4","*","  25.7","*"," 0.00","G","999.9","000000"
"08233099999","2019-11-20","40.9333333","-1.3","889.0","CALAMOCHA, SP","  39.4","24","  31.5","24","9999.9"," 0","909.1","24"," 12.0","24","  3.2","24","  5.1","999.9","  51.8","*","  29.7","*"," 0.00","G","999.9","010000"
"08233099999","2019-11-21","40.9333333","-1.3","889.0","CALAMOCHA, SP","  43.2","24","  37.1","24","9999.9"," 0","906.7","24"," 11.8","24","  3.4","24","  7.0","999.9","  49.3","*","  37.9","*"," 0.01","G","999.9","010000"
"08233099999","2019-11-22","40.9333333","-1.3","889.0","CALAMOCHA, SP","  45.1","23","  40.5","23","9999.9"," 0","898.8","23"," 10.3","22","  6.2","23"," 13.0","999.9","  52.0","*","  36.1"," "," 0.00","G","999.9","010000"
"08233099999","2019-11-23","40.9333333","-1.3","889.0","CALAMOCHA, SP","  43.7","13","  34.1","13","9999.9"," 0","903.1","13"," 12.2","13","  7.1","13"," 11.1","999.9","  48.6","*","  39.0","*"," 0.12","E","999.9","010000"
"08233099999","2019-11-24","40.9333333","-1.3","889.0","CALAMOCHA, SP","  42.6","24","  35.0","24","9999.9"," 0","911.4","24"," 12.3","24","  4.0","24","  8.0","999.9","  49.1","*","  39.2"," "," 0.00","F","999.9","000000"
"08233099999","2019-11-25","40.9333333","-1.3","889.0","CALAMOCHA, SP","  49.5","24","  42.8","24","9999.9"," 0","912.9","24"," 11.6","24","  3.5","24","  6.0","999.9","  57.4","*","  39.9"," "," 0.01","G","999.9","010000"
"08233099999","2019-11-26","40.9333333","-1.3","889.0","CALAMOCHA, SP","  50.9","20","  43.7","20","9999.9"," 0","910.9","20"," 10.7","19","  4.9","20","  9.9","999.9","  61.7","*","  37.6","*"," 0.00","G","999.9","000000"
"08233099999","2019-11-27","40.9333333","-1.3","889.0","CALAMOCHA, SP","  51.3","24","  40.9","24","9999.9"," 0","910.0","24"," 12.4","24","  5.5","24"," 11.1","999.9","  56.3","*","  47.7","*"," 0.00","E","999.9","000000"
"08233099999","2019-11-28","40.9333333","-1.3","889.0","CALAMOCHA, SP","  49.7","24","  41.3","24","9999.9"," 0","914.2","24"," 12.4","24","  5.6","24","  9.9","999.9","  54.7","*","  44.8","*"," 0.00","G","999.9","000000"
"08233099999","2019-11-29","40.9333333","-1.3","889.0","CALAMOCHA, SP","  53.3","24","  46.4","24","9999.9"," 0","918.0","24"," 12.4","24","  3.6","24","  7.0","999.9","  59.4","*","  49.5"," "," 0.00","G","999.9","010000"
"08233099999","2019-11-30","40.9333333","-1.3","889.0","CALAMOCHA, SP","  51.0","24","  44.0","24","9999.9"," 0","916.6","24"," 10.6","23","  5.0","24","  9.9","999.9","  61.2","*","  42.4","*"," 0.00","G","999.9","010000"
"08233099999","2019-12-01","40.9333333","-1.3","889.0","CALAMOCHA, SP","  41.8","24","  37.9","24","9999.9"," 0","911.6","24"," 12.1","24","  2.1","24","  2.9","999.9","  49.1","*","  37.4","*"," 0.17","G","999.9","010000"
"08233099999","2019-12-02","40.9333333","-1.3","889.0","CALAMOCHA, SP","  41.4","24","  36.9","24","9999.9"," 0","915.2","24"," 12.4","24","  5.6","24","  9.9","999.9","  45.1","*","  37.0"," "," 0.00","G","999.9","000000"
"08233099999","2019-12-03","40.9333333","-1.3","889.0","CALAMOCHA, SP","  35.8","22","  31.5","22","9999.9"," 0","915.5","22"," 12.4","22","  2.7","22","  5.1","999.9","  41.5","*","  30.7"," "," 0.00","G","999.9","010000"
"08233099999","2019-12-04","40.9333333","-1.3","889.0","CALAMOCHA, SP","  39.5","24","  37.6","24","9999.9"," 0","909.7","24","  7.8","21","  5.3","24"," 11.1","999.9","  43.7","*","  35.8"," "," 0.00","G","999.9","010000"
"08233099999","2019-12-05","40.9333333","-1.3","889.0","CALAMOCHA, SP","  41.8","24","  39.9","24","9999.9"," 0","916.8","24"," 10.1","24","  4.4","24","  8.0","999.9","  43.9","*","  39.0"," "," 0.28","G","999.9","010000"
"08233099999","2019-12-06","40.9333333","-1.3","889.0","CALAMOCHA, SP","  44.2","24","  39.6","24","9999.9"," 0","921.0","24"," 11.7","24","  2.4","24","  7.0","999.9","  54.1","*","  37.8","*"," 0.00","G","999.9","010000"
"08233099999","2019-12-07","40.9333333","-1.3","889.0","CALAMOCHA, SP","  39.6","24","  35.8","24","9999.9"," 0","922.1","24"," 10.6","24","  2.3","24","  5.1","999.9","  54.3","*","  31.1"," "," 0.00","G","999.9","000000"
"08233099999","2019-12-08","40.9333333","-1.3","889.0","CALAMOCHA, SP","  41.3","24","  38.1","24","9999.9"," 0","922.3","24","  8.4","24","  2.3","24","  4.1","999.9","  53.6","*","  30.0"," "," 0.00","G","999.9","010000"
"08233099999","2019-12-09","40.9333333","-1.3","889.0","CALAMOCHA, SP","  43.6","24","  37.0","24","9999.9"," 0","925.0","24"," 12.4","24","  4.0","24","  8.0","999.9","  52.0"," ","  33.3","*"," 0.09","G","999.9","000000"
"08233099999","2019-12-10","40.9333333","-1.3","889.0","CALAMOCHA, SP","  37.0","24","  31.7","24","9999.9"," 0","925.0","24"," 11.7","24","  1.5","24","  4.1","999.9","  52.2","*","  26.4","*"," 0.00","G","999.9","000000"
"08233099999","2019-12-11","40.9333333","-1.3","889.0","CALAMOCHA, SP","  35.6","24","  31.9","24","9999.9"," 0","919.7","24"," 12.0","24","  2.9","24","  8.0","999.9","  43.9"," ","  29.1","*"," 0.00","G","999.9","010000"
"08233099999","2019-12-12","40.9333333","-1.3","889.0","CALAMOCHA, SP","  41.0","24","  35.0","24","9999.9"," 0","914.1","24"," 11.8","24","  6.4","24"," 12.0","999.9","  48.7","*","  35.2"," "," 0.01","G","999.9","010000"
"08233099999","2019-12-13","40.9333333","-1.3","889.0","CALAMOCHA, SP","  53.3","24","  44.2","24","9999.9"," 0","910.4","24"," 12.4","24","  7.8","24"," 14.0","999.9","  59.4"," ","  43.7"," "," 0.06","G","999.9","010000"
"08233099999","2019-12-14","40.9333333","-1.3","889.0","CALAMOCHA, SP","  47.0","24","  38.9","24","9999.9"," 0","916.1","24"," 12.4","24","  4.0","24","  7.0","999.9","  51.4"," ","  44.2","*"," 0.00","G","999.9","000000"
"08233099999","2019-12-15","40.9333333","-1.3","889.0","CALAMOCHA, SP","  43.7","23","  36.1","23","9999.9"," 0","913.0","23"," 12.4","23","  3.2","23","  9.9","999.9","  55.8"," ","  36.1"," "," 0.00","G","999.9","000000"
"08233099999","2019-12-16","40.9333333","-1.3","889.0","CALAMOCHA, SP","  45.1","24","  34.4","24","9999.9"," 0","904.9","24"," 12.4","24","  4.7","24"," 12.0","999.9","  57.6"," ","  34.3","*"," 0.00","G","999.9","000000"
"08233099999","2019-12-17","40.9333333","-1.3","889.0","CALAMOCHA, SP","  46.0","20","  39.7","20","9999.9"," 0","904.3","20"," 11.0","20","  3.4","20","  7.0","999.9","  55.6"," ","  38.3","*"," 0.00","G","999.9","010000"
"08233099999","2019-12-18","40.9333333","-1.3","889.0","CALAMOCHA, SP","  43.4","16","  35.2","16","9999.9"," 0","916.2","16"," 11.8","16","  3.4","16","  5.1","999.9","  54.3"," ","  33.8","*"," 0.00","E","999.9","000000"
"08233099999","2019-12-19","40.9333333","-1.3","889.0","CALAMOCHA, SP","  48.9","24","  41.3","24","9999.9"," 0","910.1","24"," 12.4","24","  5.7","24"," 12.0","999.9","  56.7"," ","  34.3"," "," 0.00","G","999.9","010000"
"08233099999","2019-12-20","40.9333333","-1.3","889.0","CALAMOCHA, SP","  53.3","24","  46.1","24","9999.9"," 0","899.6","24"," 10.7","24","  9.7","24"," 15.9","999.9","  57.2"," ","  47.7","*"," 0.25","G","999.9","010000"
"08233099999","2019-12-21","40.9333333","-1.3","889.0","CALAMOCHA, SP","  55.2","24","  45.5","24","9999.9"," 0","902.0","24"," 12.4","24"," 11.4","24"," 22.9","999.9","  63.7"," ","  48.9","*"," 0.17","G","999.9","010000"
"08233099999","2019-12-22","40.9333333","-1.3","889.0","CALAMOCHA, SP","  50.4","24","  39.9","24","9999.9"," 0","912.2","24"," 11.9","24","  8.9","24"," 14.0","999.9","  56.3"," ","  45.1","*"," 0.01","G","999.9","010000"
"08233099999","2019-12-23","40.9333333","-1.3","889.0","CALAMOCHA, SP","  44.4","24","  36.2","24","9999.9"," 0","924.2","24"," 12.4","24","  2.5","24","  6.0","999.9","  56.1"," ","  37.6"," "," 0.04","G","999.9","000000"
"08233099999","2019-12-24","40.9333333","-1.3","889.0","CALAMOCHA, SP","  44.7","24","  39.0","24","9999.9"," 0","926.4","24"," 11.1","24","  2.0","24","  4.1","999.9","  61.5"," ","  34.5","*"," 0.00","G","999.9","000000"
"08233099999","2019-12-25","40.9333333","-1.3","889.0","CALAMOCHA, SP","  42.9","23","  35.6","23","9999.9"," 0","924.3","23"," 12.2","23","  2.2","23","  5.1","999.9","  62.6"," ","  31.5","*"," 0.00","G","999.9","000000"
"08233099999","2019-12-26","40.9333333","-1.3","889.0","CALAMOCHA, SP","  41.2","24","  37.0","24","9999.9"," 0","926.0","24"," 11.4","24","  2.1","24","  4.1","999.9","  54.0"," ","  31.8","*"," 0.00","G","999.9","000000"
"08233099999","2019-12-27","40.9333333","-1.3","889.0","CALAMOCHA, SP","  34.7","24","  30.6","24","9999.9"," 0","928.1","24","  8.0","24","  2.2","24","  6.0","999.9","  52.0"," ","  26.1","*"," 0.00","G","999.9","010000"
"08233099999","2019-12-28","40.9333333","-1.3","889.0","CALAMOCHA, SP","  34.0","24","  24.1","24","9999.9"," 0","928.0","24"," 12.4","24","  2.0","24","  5.1","999.9","  57.4"," ","  21.2"," "," 0.00","G","999.9","000000"
"08233099999","2019-12-29","40.9333333","-1.3","889.0","CALAMOCHA, SP","  35.4","24","  27.3","24","9999.9"," 0","928.4","24"," 12.4","24","  1.5","24","  2.9","999.9","  55.8"," ","  24.3","*"," 0.00","G","999.9","000000"
"08233099999","2019-12-30","40.9333333","-1.3","889.0","CALAMOCHA, SP","  35.1","24","  25.9","24","9999.9"," 0","928.6","24"," 12.2","24","  1.7","24","  4.1","999.9","  55.8"," ","  23.5","*"," 0.00","G","999.9","000000"
"08233099999","2019-12-31","40.9333333","-1.3","889.0","CALAMOCHA, SP","  36.4","23","  27.0","23","9999.9"," 0","928.7","23"," 11.4","23","  1.6","23","  2.9","999.9","  58.1"," ","  24.4","*"," 0.00","G","999.9","000000"
