"STATION","DATE","LATITUDE","LONGITUDE","ELEVATION","NAME","TEMP","TEMP_ATTRIBUTES","DEWP","DEWP_ATTRIBUTES","SLP","SLP_ATTRIBUTES","STP","STP_ATTRIBUTES","VISIB","VISIB_ATTRIBUTES","WDSP","WDSP_ATTRIBUTES","MXSPD","GUST","MAX","MAX_ATTRIBUTES","MIN","MIN_ATTRIBUTES","PRCP","PRCP_ATTRIBUTES","SNDP","FRSHTT"
"11918099999","2019-01-01","49.3666666","19.6833333","693.0","LIESEK, LO","  28.6","24","  26.9","24","9999.9"," 0","936.5","24","  9.4","15"," 12.1","24"," 17.5","999.9","  33.3","*","  21.9"," "," 0.06","G","  2.8","001000"
"11918099999","2019-01-02","49.3666666","19.6833333","693.0","LIESEK, LO","  26.9","24","  24.1","24","9999.9"," 0","930.3","24","  3.6","15"," 10.3","24"," 21.4"," 44.7","  29.5"," ","  21.7","*"," 0.30","G","  9.4","001000"
"11918099999","2019-01-03","49.3666666","19.6833333","693.0","LIESEK, LO","  19.8","23","  16.9","23","9999.9"," 0","938.4","23","  3.7","15","  4.9","23","  9.7","999.9","  22.6"," ","  18.1","*"," 0.26","G"," 13.4","001000"
"11918099999","2019-01-04","49.3666666","19.6833333","693.0","LIESEK, LO","  18.6","24","  14.2","24","9999.9"," 0","941.1","24","  8.1","16","  6.8","23"," 13.6","999.9","  22.6"," ","  13.6","*"," 0.19","G"," 12.6","001000"
"11918099999","2019-01-05","49.3666666","19.6833333","693.0","LIESEK, LO","  24.5","24","  22.4","24","9999.9"," 0","931.2","24","  3.6","16","  9.9","24"," 15.5","999.9","  30.2","*","  18.7"," "," 0.02","G"," 13.0","001000"
"11918099999","2019-01-06","49.3666666","19.6833333","693.0","LIESEK, LO","  21.0","24","  17.6","24","9999.9"," 0","936.4","24","  2.9","16","  8.2","24"," 15.5","999.9","  26.6","*","  13.6","*"," 0.26","G"," 15.0","001000"
"11918099999","2019-01-07","49.3666666","19.6833333","693.0","LIESEK, LO","  13.3","24","   9.1","24","9999.9"," 0","942.3","24"," 19.2","15","  5.6","24"," 11.7","999.9","  17.8"," ","   8.8","*"," 0.06","G"," 14.6","001000"
"11918099999","2019-01-08","49.3666666","19.6833333","693.0","LIESEK, LO","  19.9","24","  17.4","24","9999.9"," 0","926.6","24","  6.4","15"," 16.8","24"," 19.4","999.9","  22.6","*","   8.6"," "," 0.00","G"," 15.0","001000"
"11918099999","2019-01-09","49.3666666","19.6833333","693.0","LIESEK, LO","  24.9","24","  22.7","24","9999.9"," 0","920.5","24"," 10.3","15","  8.9","24"," 15.5","999.9","  28.0"," ","  21.2"," "," 0.03","G"," 15.0","001000"
"11918099999","2019-01-10","49.3666666","19.6833333","693.0","LIESEK, LO","  24.3","24","  22.4","24","9999.9"," 0","930.3","24","  2.4","15","  4.5","24","  7.8","999.9","  28.6"," ","  20.3","*"," 0.02","G"," 15.4","001000"
"11918099999","2019-01-11","49.3666666","19.6833333","693.0","LIESEK, LO","  19.5","24","  15.1","24","9999.9"," 0","933.5","24","  8.6","15","  7.0","24"," 15.5","999.9","  25.7"," ","  16.3","*"," 0.11","G"," 15.4","001000"
"11918099999","2019-01-12","49.3666666","19.6833333","693.0","LIESEK, LO","  26.6","24","  23.9","24","9999.9"," 0","928.6","24","  8.9","15","  9.3","24"," 17.5","999.9","  32.5"," ","  19.9"," "," 0.01","G"," 13.4","001000"
"11918099999","2019-01-13","49.3666666","19.6833333","693.0","LIESEK, LO","  31.6","24","  28.8","24","9999.9"," 0","918.6","24","  7.9","15"," 11.5","24"," 21.4","999.9","  34.5"," ","  28.4"," "," 0.01","G"," 11.8","001000"
"11918099999","2019-01-14","49.3666666","19.6833333","693.0","LIESEK, LO","  27.7","24","  23.9","24","9999.9"," 0","914.4","24","  7.2","16"," 11.6","24"," 17.5","999.9","  33.1"," ","  20.5","*"," 0.08","G"," 14.2","001000"
"11918099999","2019-01-15","49.3666666","19.6833333","693.0","LIESEK, LO","  24.7","24","  21.2","24","9999.9"," 0","925.6","24","  2.7","16"," 11.3","24"," 17.5","999.9","  30.4","*","  19.8"," "," 0.13","G"," 16.9","001000"
"11918099999","2019-01-16","49.3666666","19.6833333","693.0","LIESEK, LO","  32.5","24","  31.1","24","9999.9"," 0","927.8","24","  7.8","16"," 11.1","24"," 19.4","999.9","  33.8"," ","  27.3"," "," 0.34","G"," 19.3","011000"
"11918099999","2019-01-17","49.3666666","19.6833333","693.0","LIESEK, LO","  33.5","24","  28.4","24","9999.9"," 0","925.2","24"," 24.3","16"," 16.7","24"," 19.4","999.9","  37.8"," ","  30.7","*"," 0.13","G"," 18.1","000000"
"11918099999","2019-01-18","49.3666666","19.6833333","693.0","LIESEK, LO","  29.5","24","  25.0","24","9999.9"," 0","930.9","24"," 11.3","15","  8.1","24"," 13.6"," 23.3","  35.6","*","  21.7","*"," 0.01","G"," 17.3","011100"
"11918099999","2019-01-19","49.3666666","19.6833333","693.0","LIESEK, LO","  13.6","24","  10.0","24","9999.9"," 0","937.0","24"," 15.8","15","  2.1","22","  3.9","999.9","  21.4"," ","   5.0","*"," 0.04","G"," 16.9","100000"
"11918099999","2019-01-20","49.3666666","19.6833333","693.0","LIESEK, LO","  16.8","24","  12.2","24","9999.9"," 0","933.7","24","  5.3","15","  3.0","23","  7.8","999.9","  26.2"," ","   8.6","*"," 0.00","G"," 16.5","000000"
"11918099999","2019-01-21","49.3666666","19.6833333","693.0","LIESEK, LO","   6.7","24","   2.5","24","9999.9"," 0","937.2","24","  3.8","15","  2.3","24","  5.8","999.9","  21.2"," ","  -1.3"," "," 0.00","G"," 16.1","100000"
"11918099999","2019-01-22","49.3666666","19.6833333","693.0","LIESEK, LO","   4.6","24","  -0.2","24","9999.9"," 0","930.3","24","  4.0","15","  1.9","24","  3.9","999.9","  19.4"," ","  -4.0"," "," 0.00","G"," 15.7","000000"
"11918099999","2019-01-23","49.3666666","19.6833333","693.0","LIESEK, LO","   7.5","24","   4.5","24","9999.9"," 0","921.7","24","  1.6","15","  3.7","23","  9.7","999.9","  16.5"," ","  -6.3"," "," 0.00","G"," 15.7","101000"
"11918099999","2019-01-24","49.3666666","19.6833333","693.0","LIESEK, LO","  15.9","24","  13.4","24","9999.9"," 0","923.9","24","  4.2","16","  8.7","24"," 11.7","999.9","  17.8"," ","  14.2","*"," 0.00","G"," 15.4","001000"
"11918099999","2019-01-25","49.3666666","19.6833333","693.0","LIESEK, LO","  16.2","24","  11.8","24","9999.9"," 0","927.6","24","  8.1","16","  3.8","24","  7.8","999.9","  19.6"," ","  13.8"," "," 0.05","G"," 17.3","001000"
"11918099999","2019-01-26","49.3666666","19.6833333","693.0","LIESEK, LO","  19.2","24","  15.9","24","9999.9"," 0","924.2","24","  7.7","15","  9.9","24"," 17.5","999.9","  23.9","*","  13.6"," "," 0.00","G"," 17.3","001000"
"11918099999","2019-01-27","49.3666666","19.6833333","693.0","LIESEK, LO","  29.2","24","  24.4","24","9999.9"," 0","917.9","24"," 21.5","15"," 11.4","24"," 17.5","999.9","  34.7"," ","  21.9"," "," 0.01","G"," 16.5","000000"
"11918099999","2019-01-28","49.3666666","19.6833333","693.0","LIESEK, LO","  29.9","24","  27.1","24","9999.9"," 0","914.9","24","  3.4","15","  5.2","24"," 11.7","999.9","  34.0"," ","  25.2"," "," 0.01","G"," 16.5","001000"
"11918099999","2019-01-29","49.3666666","19.6833333","693.0","LIESEK, LO","  27.3","24","  24.3","24","9999.9"," 0","922.1","24"," 13.0","15","  7.1","24"," 11.7","999.9","  31.8"," ","  21.0"," "," 0.09","G"," 15.7","001000"
"11918099999","2019-01-30","49.3666666","19.6833333","693.0","LIESEK, LO","  23.9","24","  20.4","24","9999.9"," 0","920.8","24","  6.9","15","  2.6","24","  3.9","999.9","  32.7"," ","  17.6","*"," 0.00","G"," 15.4","001000"
"11918099999","2019-01-31","49.3666666","19.6833333","693.0","LIESEK, LO","  20.7","24","  15.7","24","9999.9"," 0","921.3","24"," 19.8","15","  3.4","24","  9.7","999.9","  31.6"," ","  10.0","*"," 0.00","G"," 15.0","000000"
"11918099999","2019-02-01","49.3666666","19.6833333","693.0","LIESEK, LO","  28.5","24","  22.4","24","9999.9"," 0","921.0","24"," 22.4","15","  6.2","24"," 13.6"," 23.3","  42.8","*","   7.5"," "," 0.00","G"," 13.4","000000"
"11918099999","2019-02-02","49.3666666","19.6833333","693.0","LIESEK, LO","  42.7","24","  35.5","24","9999.9"," 0","920.7","24"," 19.8","16","  9.6","24"," 17.5"," 31.1","  50.5"," ","  32.9"," "," 0.00","G","  9.1","010000"
"11918099999","2019-02-03","49.3666666","19.6833333","693.0","LIESEK, LO","  35.7","24","  34.1","24","9999.9"," 0","925.9","24","  5.4","16","  3.0","24"," 13.6","999.9","  41.9","*","  29.8","*"," 0.00","G","  7.5","110000"
"11918099999","2019-02-04","49.3666666","19.6833333","693.0","LIESEK, LO","  28.3","24","  25.9","24","9999.9"," 0","942.4","24"," 11.5","15","  5.9","24","  9.7","999.9","  29.8","*","  26.6","*"," 0.23","G","  7.9","000000"
"11918099999","2019-02-05","49.3666666","19.6833333","693.0","LIESEK, LO","  25.8","24","  22.6","24","9999.9"," 0","944.2","24"," 19.8","15","  4.3","23","  9.7","999.9","  35.2"," ","  15.8","*"," 0.00","G","  7.1","000000"
"11918099999","2019-02-06","49.3666666","19.6833333","693.0","LIESEK, LO","  20.3","24","  16.0","24","9999.9"," 0","944.4","24"," 21.2","15","  4.8","24","  9.7","999.9","  32.4"," ","  12.2","*"," 0.00","G","  7.1","000000"
"11918099999","2019-02-07","49.3666666","19.6833333","693.0","LIESEK, LO","  24.1","24","  15.5","24","9999.9"," 0","937.4","24"," 27.2","15","  6.6","23"," 17.5","999.9","  38.8"," ","   9.7"," "," 0.00","G","  7.1","100000"
"11918099999","2019-02-08","49.3666666","19.6833333","693.0","LIESEK, LO","  28.5","24","  23.6","24","9999.9"," 0","937.2","24"," 13.3","15","  7.2","24"," 13.6","999.9","  35.1"," ","  22.1","*"," 0.00","G","  6.3","001000"
"11918099999","2019-02-09","49.3666666","19.6833333","693.0","LIESEK, LO","  28.8","24","  25.0","24","9999.9"," 0","934.1","24"," 21.5","15"," 11.5","24"," 21.4","999.9","  35.2"," ","  20.3"," "," 0.00","G","  5.1","100000"
"11918099999","2019-02-10","49.3666666","19.6833333","693.0","LIESEK, LO","  36.8","24","  29.3","24","9999.9"," 0","928.6","24"," 20.1","15"," 13.1","24"," 21.4"," 36.9","  44.2"," ","  29.5"," "," 0.00","G","  3.9","110000"
"11918099999","2019-02-11","49.3666666","19.6833333","693.0","LIESEK, LO","  33.5","24","  29.8","24","9999.9"," 0","924.3","24"," 12.6","16","  8.7","24"," 17.5","999.9","  35.2"," ","  30.2","*"," 0.04","G","  3.5","011000"
"11918099999","2019-02-12","49.3666666","19.6833333","693.0","LIESEK, LO","  27.4","24","  22.5","24","9999.9"," 0","938.0","24","  6.4","16","  8.9","24"," 19.4","999.9","  30.7","*","  25.5"," "," 0.09","G","  4.7","001000"
"11918099999","2019-02-13","49.3666666","19.6833333","693.0","LIESEK, LO","  29.5","24","  24.8","24","9999.9"," 0","947.7","24"," 11.0","16","  8.6","24"," 13.6","999.9","  36.7","*","  22.6"," "," 0.05","G","  4.7","011000"
"11918099999","2019-02-14","49.3666666","19.6833333","693.0","LIESEK, LO","  36.7","24","  30.8","24","9999.9"," 0","950.3","24"," 25.3","15","  4.8","24","  9.7","999.9","  43.0"," ","  31.6"," "," 0.01","G","  3.5","000000"
"11918099999","2019-02-15","49.3666666","19.6833333","693.0","LIESEK, LO","  33.9","24","  30.6","24","9999.9"," 0","949.7","24"," 23.7","15","  4.1","24","  7.8","999.9","  41.0"," ","  28.4","*"," 0.00","G","  2.8","000000"
"11918099999","2019-02-16","49.3666666","19.6833333","693.0","LIESEK, LO","  35.2","24","  27.8","24","9999.9"," 0","947.1","24"," 39.8","15","  2.8","24","  7.8","999.9","  52.5"," ","  23.5"," "," 0.00","G","  2.4","000000"
"11918099999","2019-02-17","49.3666666","19.6833333","693.0","LIESEK, LO","  35.9","24","  25.8","24","9999.9"," 0","944.3","24"," 42.0","15","  5.4","24"," 11.7","999.9","  49.6"," ","  27.3"," "," 0.00","G","  2.0","000000"
"11918099999","2019-02-18","49.3666666","19.6833333","693.0","LIESEK, LO","  35.0","24","  25.4","24","9999.9"," 0","941.2","24"," 42.3","15","  4.9","24"," 11.7","999.9","  49.8"," ","  24.1"," "," 0.00","G","  1.6","000000"
"11918099999","2019-02-19","49.3666666","19.6833333","693.0","LIESEK, LO","  36.8","24","  28.2","24","9999.9"," 0","936.4","24"," 25.5","15","  7.4","24"," 15.5"," 19.4","  48.4"," ","  25.5"," "," 0.00","G","  1.6","000000"
"11918099999","2019-02-20","49.3666666","19.6833333","693.0","LIESEK, LO","  35.7","24","  29.4","24","9999.9"," 0","938.9","24"," 14.2","16","  5.0","24"," 11.7","999.9","  39.6"," ","  32.4"," "," 0.01","G","999.9","011000"
"11918099999","2019-02-21","49.3666666","19.6833333","693.0","LIESEK, LO","  37.0","24","  29.7","24","9999.9"," 0","941.3","24"," 15.5","16","  7.2","24","  9.7","999.9","  45.5"," ","  32.7"," "," 0.00","G","999.9","010000"
"11918099999","2019-02-22","49.3666666","19.6833333","693.0","LIESEK, LO","  26.2","24","  20.9","24","9999.9"," 0","944.9","24"," 15.7","16"," 11.2","24"," 21.4"," 27.2","  35.2","*","  16.7","*"," 0.21","G","  0.4","011000"
"11918099999","2019-02-23","49.3666666","19.6833333","693.0","LIESEK, LO","  17.6","24","   9.6","24","9999.9"," 0","956.1","24"," 31.9","15","  6.7","24"," 11.7","999.9","  23.5"," ","  11.1"," "," 0.05","G","  0.4","000000"
"11918099999","2019-02-24","49.3666666","19.6833333","693.0","LIESEK, LO","  26.1","24","  14.3","24","9999.9"," 0","953.2","24"," 31.3","15","  2.6","24","  5.8","999.9","  32.7"," ","  16.2"," "," 0.00","G","999.9","000000"
"11918099999","2019-02-25","49.3666666","19.6833333","693.0","LIESEK, LO","  36.3","24","  21.9","24","9999.9"," 0","950.3","24"," 31.7","15","  4.4","24"," 13.6","999.9","  46.2"," ","  29.8"," "," 0.00","G","999.9","000000"
"11918099999","2019-02-26","49.3666666","19.6833333","693.0","LIESEK, LO","  38.3","24","  31.3","24","9999.9"," 0","944.3","24"," 12.6","15","  5.3","24"," 13.6","999.9","  43.3"," ","  29.1"," "," 0.00","G","999.9","010000"
"11918099999","2019-02-27","49.3666666","19.6833333","693.0","LIESEK, LO","  36.1","24","  27.6","24","9999.9"," 0","942.2","24"," 34.9","15","  5.3","24","  9.7","999.9","  46.4"," ","  30.2","*"," 0.00","G","999.9","000000"
"11918099999","2019-02-28","49.3666666","19.6833333","693.0","LIESEK, LO","  40.4","24","  28.2","24","9999.9"," 0","929.2","24"," 29.4","15","  9.5","24"," 15.5"," 25.3","  52.9"," ","  28.6"," "," 0.00","G","999.9","000000"
"11918099999","2019-03-01","49.3666666","19.6833333","693.0","LIESEK, LO","  37.2","24","  32.9","24","9999.9"," 0","927.6","24","  4.7","15","  6.8","24"," 11.7","999.9","  40.8","*","  31.1","*"," 0.00","G","999.9","011000"
"11918099999","2019-03-02","49.3666666","19.6833333","693.0","LIESEK, LO","  30.3","24","  24.0","24","9999.9"," 0","932.6","24"," 19.3","15","  3.8","24","  5.8","999.9","  36.9"," ","  23.2"," "," 0.08","G","  0.4","001000"
"11918099999","2019-03-03","49.3666666","19.6833333","693.0","LIESEK, LO","  35.8","24","  31.0","24","9999.9"," 0","931.6","24"," 11.9","15"," 11.1","24"," 15.5","999.9","  40.5","*","  30.6"," "," 0.00","G","  0.4","001000"
"11918099999","2019-03-04","49.3666666","19.6833333","693.0","LIESEK, LO","  46.3","24","  34.3","24","9999.9"," 0","922.2","24"," 29.7","16"," 12.7","24"," 17.5"," 25.3","  56.7"," ","  38.5"," "," 0.00","G","999.9","000000"
"11918099999","2019-03-05","49.3666666","19.6833333","693.0","LIESEK, LO","  37.7","24","  29.1","24","9999.9"," 0","925.2","24"," 24.9","16"," 12.6","24"," 19.4"," 31.1","  42.6"," ","  32.2","*"," 0.09","G","  0.4","001000"
"11918099999","2019-03-06","49.3666666","19.6833333","693.0","LIESEK, LO","  37.7","24","  28.5","24","9999.9"," 0","933.0","24"," 28.8","15","  6.2","24"," 11.7"," 19.4","  46.9"," ","  31.5"," "," 0.19","G","  1.6","000000"
"11918099999","2019-03-07","49.3666666","19.6833333","693.0","LIESEK, LO","  48.0","24","  34.3","24","9999.9"," 0","925.8","24"," 26.9","15"," 15.9","24"," 23.3"," 35.0","  52.7","*","  31.3"," "," 0.00","G","999.9","000000"
"11918099999","2019-03-08","49.3666666","19.6833333","693.0","LIESEK, LO","  44.8","24","  32.3","24","9999.9"," 0","931.8","24"," 39.6","15"," 12.9","24"," 19.4"," 27.2","  52.2"," ","  39.0"," "," 0.00","G","999.9","000000"
"11918099999","2019-03-09","49.3666666","19.6833333","693.0","LIESEK, LO","  39.0","24","  31.7","24","9999.9"," 0","932.5","24"," 22.7","15"," 12.1","24"," 21.4"," 31.1","  45.7"," ","  32.0"," "," 0.00","G","999.9","010000"
"11918099999","2019-03-10","49.3666666","19.6833333","693.0","LIESEK, LO","  38.2","23","  31.9","23","9999.9"," 0","926.2","23"," 17.6","15"," 14.6","23"," 23.3"," 36.9","  43.0","*","  33.8"," "," 0.17","G","999.9","010000"
"11918099999","2019-03-11","49.3666666","19.6833333","693.0","LIESEK, LO","  34.2","24","  26.2","24","9999.9"," 0","928.7","24"," 24.6","15"," 12.6","24"," 29.1"," 56.3","  42.3","*","  27.5","*"," 0.38","G","  0.8","011000"
"11918099999","2019-03-12","49.3666666","19.6833333","693.0","LIESEK, LO","  29.5","24","  23.4","24","9999.9"," 0","935.9","24"," 20.8","15","  6.9","24"," 15.5","999.9","  37.0"," ","  21.7","*"," 0.33","G","  2.0","011000"
"11918099999","2019-03-13","49.3666666","19.6833333","693.0","LIESEK, LO","  32.7","21","  24.0","21","9999.9"," 0","929.5","21"," 24.1","12"," 12.4","21"," 23.3"," 31.1","  36.9"," ","  21.4"," "," 0.00","G","  1.2","000000"
"11918099999","2019-03-14","49.3666666","19.6833333","693.0","LIESEK, LO","  35.3","24","  29.9","24","9999.9"," 0","925.0","24"," 16.1","16"," 10.4","24"," 13.6","999.9","  39.7"," ","  32.2"," "," 0.00","G","  0.8","011000"
"11918099999","2019-03-15","49.3666666","19.6833333","693.0","LIESEK, LO","  36.6","24","  31.8","24","9999.9"," 0","921.9","24"," 16.4","16"," 12.5","24"," 17.5"," 27.2","  42.3"," ","  32.0"," "," 0.02","G","  0.4","011000"
"11918099999","2019-03-16","49.3666666","19.6833333","693.0","LIESEK, LO","  37.9","23","  31.7","23","9999.9"," 0","926.0","23"," 22.0","15"," 12.6","23"," 17.5"," 25.3","  43.2"," ","  32.7"," "," 0.31","G","  0.4","010000"
"11918099999","2019-03-17","49.3666666","19.6833333","693.0","LIESEK, LO","  48.9","24","  34.2","24","9999.9"," 0","927.0","24"," 32.1","16"," 11.0","24"," 19.4","999.9","  61.7","*","  36.7"," "," 0.00","G","999.9","000000"
"11918099999","2019-03-18","49.3666666","19.6833333","693.0","LIESEK, LO","  36.8","24","  32.4","24","9999.9"," 0","932.6","24"," 18.1","15","  5.3","24"," 17.5","999.9","  50.7","*","  29.8","*"," 0.04","G","999.9","011000"
"11918099999","2019-03-19","49.3666666","19.6833333","693.0","LIESEK, LO","  32.8","24","  25.3","24","9999.9"," 0","941.7","24"," 28.4","15","  3.5","23","  5.8","999.9","  40.3"," ","  26.2"," "," 0.04","G","999.9","000000"
"11918099999","2019-03-20","49.3666666","19.6833333","693.0","LIESEK, LO","  33.2","21","  23.2","21","9999.9"," 0","948.7","21"," 34.2","15","  4.0","21","  7.8","999.9","  43.9"," ","  23.2"," "," 0.00","G","999.9","000000"
"11918099999","2019-03-21","49.3666666","19.6833333","693.0","LIESEK, LO","  41.9","18","  30.6","18","9999.9"," 0","950.9","18"," 29.6","15","  3.7","17","  9.7","999.9","  52.3"," ","  23.7"," "," 0.00","G","999.9","000000"
"11918099999","2019-03-22","49.3666666","19.6833333","693.0","LIESEK, LO","  44.7","24","  38.5","24","9999.9"," 0","949.5","24"," 13.6","15","  3.6","24","  9.7","999.9","  55.2"," ","  36.0"," "," 0.00","G","999.9","000000"
"11918099999","2019-03-23","49.3666666","19.6833333","693.0","LIESEK, LO","  47.0","24","  38.4","24","9999.9"," 0","945.2","24"," 22.3","15","  3.8","24","  5.8","999.9","  63.1"," ","  38.1"," "," 0.00","G","999.9","000000"
"11918099999","2019-03-24","49.3666666","19.6833333","693.0","LIESEK, LO","  44.1","24","  38.9","24","9999.9"," 0","939.7","24","  5.9","15","  3.2","24","  7.8","999.9","  53.6"," ","  37.2"," "," 0.00","G","999.9","000000"
"11918099999","2019-03-25","49.3666666","19.6833333","693.0","LIESEK, LO","  38.1","24","  31.6","24","9999.9"," 0","931.6","24"," 12.4","16","  7.9","24"," 13.6"," 23.3","  47.5"," ","  31.6","*"," 0.00","G","  0.4","011000"
"11918099999","2019-03-26","49.3666666","19.6833333","693.0","LIESEK, LO","  34.4","24","  27.8","24","9999.9"," 0","937.9","24"," 14.7","16","  8.0","24"," 13.6"," 23.3","  41.9"," ","  30.9"," "," 0.13","G","  1.2","011000"
"11918099999","2019-03-27","49.3666666","19.6833333","693.0","LIESEK, LO","  33.3","24","  21.4","24","9999.9"," 0","944.6","24"," 36.1","16","  4.5","24","  9.7","999.9","  43.5"," ","  25.7"," "," 0.04","G","  0.4","000000"
"11918099999","2019-03-28","49.3666666","19.6833333","693.0","LIESEK, LO","  36.4","24","  30.9","24","9999.9"," 0","947.7","24"," 16.6","15","  4.3","24","  7.8","999.9","  44.8"," ","  26.4"," "," 0.00","G","999.9","011100"
"11918099999","2019-03-29","49.3666666","19.6833333","693.0","LIESEK, LO","  39.4","24","  31.3","24","9999.9"," 0","948.6","24"," 16.6","15","  3.3","24","  5.8","999.9","  54.7"," ","  27.9"," "," 0.01","G","999.9","100000"
"11918099999","2019-03-30","49.3666666","19.6833333","693.0","LIESEK, LO","  42.8","24","  29.4","24","9999.9"," 0","942.8","24"," 28.2","15","  3.0","24","  5.8","999.9","  63.5"," ","  24.8"," "," 0.00","G","999.9","100000"
"11918099999","2019-03-31","49.3666666","19.6833333","693.0","LIESEK, LO","  46.0","24","  31.4","24","9999.9"," 0","938.5","24"," 29.0","15","  5.1","24","  9.7","999.9","  62.4"," ","  29.7"," "," 0.00","G","999.9","000000"
"11918099999","2019-04-01","49.3666666","19.6833333","693.0","LIESEK, LO","  41.0","24","  28.1","24","9999.9"," 0","941.1","24"," 28.4","15"," 10.6","24"," 13.6","999.9","  50.4"," ","  28.9","*"," 0.00","G","999.9","000000"
"11918099999","2019-04-02","49.3666666","19.6833333","693.0","LIESEK, LO","  40.5","24","  27.1","24","9999.9"," 0","937.0","24"," 27.2","16","  3.0","23","  5.8","999.9","  58.5"," ","  23.2"," "," 0.00","G","999.9","000000"
"11918099999","2019-04-03","49.3666666","19.6833333","693.0","LIESEK, LO","  45.2","24","  30.4","24","9999.9"," 0","930.9","24"," 18.8","16","  4.0","24","  9.7","999.9","  61.9"," ","  29.7"," "," 0.00","G","999.9","000000"
"11918099999","2019-04-04","49.3666666","19.6833333","693.0","LIESEK, LO","  48.8","24","  32.1","24","9999.9"," 0","927.1","24"," 20.2","16","  5.4","24"," 13.6"," 23.3","  61.5"," ","  38.5"," "," 0.00","G","999.9","000000"
"11918099999","2019-04-05","49.3666666","19.6833333","693.0","LIESEK, LO","  48.8","24","  34.1","24","9999.9"," 0","927.4","24"," 21.7","16","  3.5","23","  9.7","999.9","  63.7"," ","  36.7"," "," 0.00","G","999.9","000000"
"11918099999","2019-04-06","49.3666666","19.6833333","693.0","LIESEK, LO","  42.1","24","  38.2","24","9999.9"," 0","927.5","24"," 14.7","15","  4.5","24","  7.8","999.9","  46.6"," ","  38.3","*"," 0.00","G","999.9","010000"
"11918099999","2019-04-07","49.3666666","19.6833333","693.0","LIESEK, LO","  45.1","24","  37.2","24","9999.9"," 0","927.6","24"," 29.4","15","  6.9","24"," 13.6","999.9","  59.0"," ","  34.5"," "," 0.32","G","999.9","100000"
"11918099999","2019-04-08","49.3666666","19.6833333","693.0","LIESEK, LO","  46.2","24","  39.3","24","9999.9"," 0","927.6","24"," 17.0","15","  5.7","24"," 11.7","999.9","  61.9"," ","  31.8"," "," 0.00","G","999.9","100000"
"11918099999","2019-04-09","49.3666666","19.6833333","693.0","LIESEK, LO","  47.5","23","  37.9","23","9999.9"," 0","928.2","23"," 18.3","14","  6.8","23"," 11.7","999.9","  59.0"," ","  36.7"," "," 0.00","G","999.9","000000"
"11918099999","2019-04-10","49.3666666","19.6833333","693.0","LIESEK, LO","  41.7","24","  34.6","24","9999.9"," 0","930.4","24","  9.1","15","  8.4","24"," 11.7","999.9","  51.8"," ","  33.6"," "," 0.00","G","999.9","000000"
"11918099999","2019-04-11","49.3666666","19.6833333","693.0","LIESEK, LO","  35.1","24","  31.0","24","9999.9"," 0","934.5","24","  8.9","15"," 11.9","24"," 13.6","999.9","  38.5"," ","  32.2","*"," 0.00","G","999.9","001000"
"11918099999","2019-04-12","49.3666666","19.6833333","693.0","LIESEK, LO","  32.1","24","  30.3","24","9999.9"," 0","936.5","24","  4.1","15"," 10.7","24"," 11.7","999.9","  35.4"," ","  31.1","*"," 0.01","G","  0.4","001000"
"11918099999","2019-04-13","49.3666666","19.6833333","693.0","LIESEK, LO","  33.4","24","  32.0","24","9999.9"," 0","936.3","24","  2.6","16","  6.9","24","  9.7","999.9","  36.3"," ","  30.6"," "," 0.05","G","999.9","110000"
"11918099999","2019-04-14","49.3666666","19.6833333","693.0","LIESEK, LO","  41.7","24","  30.6","24","9999.9"," 0","937.0","24"," 13.6","16","  8.7","24"," 15.5","999.9","  52.9"," ","  32.7"," "," 0.00","G","999.9","100000"
"11918099999","2019-04-15","49.3666666","19.6833333","693.0","LIESEK, LO","  39.0","24","  23.2","24","9999.9"," 0","940.6","24"," 28.7","16","  8.2","24"," 13.6","999.9","  49.6"," ","  28.8"," "," 0.00","G","999.9","000000"
"11918099999","2019-04-16","49.3666666","19.6833333","693.0","LIESEK, LO","  39.6","24","  21.2","24","9999.9"," 0","940.3","24"," 34.2","15","  5.7","23"," 13.6","999.9","  54.1"," ","  22.6"," "," 0.00","G","999.9","000000"
"11918099999","2019-04-17","49.3666666","19.6833333","693.0","LIESEK, LO","  39.6","24","  36.0","24","9999.9"," 0","942.9","24"," 11.6","15","  7.0","24","  9.7","999.9","  46.4","*","  34.2","*"," 0.01","G","999.9","010000"
"11918099999","2019-04-18","49.3666666","19.6833333","693.0","LIESEK, LO","  43.9","24","  34.2","24","9999.9"," 0","947.4","24"," 27.4","15","  5.9","24"," 13.6","999.9","  58.8"," ","  29.1"," "," 0.03","G","999.9","100000"
"11918099999","2019-04-19","49.3666666","19.6833333","693.0","LIESEK, LO","  46.3","24","  29.3","24","9999.9"," 0","948.9","24"," 35.6","15","  6.7","24"," 13.6"," 19.4","  61.7"," ","  30.0"," "," 0.00","G","999.9","000000"
"11918099999","2019-04-20","49.3666666","19.6833333","693.0","LIESEK, LO","  47.6","24","  26.9","24","9999.9"," 0","946.5","24"," 36.7","16","  5.5","22","  9.7","999.9","  63.7"," ","  28.6"," "," 0.00","G","999.9","000000"
"11918099999","2019-04-21","49.3666666","19.6833333","693.0","LIESEK, LO","  46.0","24","  29.9","24","9999.9"," 0","940.4","24"," 41.0","15","  4.5","24","  7.8","999.9","  60.6"," ","  29.7"," "," 0.00","G","999.9","000000"
"11918099999","2019-04-22","49.3666666","19.6833333","693.0","LIESEK, LO","  43.6","24","  36.5","24","9999.9"," 0","935.8","24"," 28.7","16","  7.7","23"," 13.6","999.9","  54.9"," ","  33.4"," "," 0.00","G","999.9","010000"
"11918099999","2019-04-23","49.3666666","19.6833333","693.0","LIESEK, LO","  46.3","24","  36.5","24","9999.9"," 0","935.2","24"," 23.5","16","  5.2","23"," 11.7"," 19.4","  55.4","*","  32.5"," "," 0.15","G","999.9","010000"
"11918099999","2019-04-24","49.3666666","19.6833333","693.0","LIESEK, LO","  54.1","23","  42.1","23","9999.9"," 0","935.1","23"," 22.7","15","  6.8","23"," 11.7"," 15.5","  64.9"," ","  41.9"," "," 0.00","G","999.9","010000"
"11918099999","2019-04-25","49.3666666","19.6833333","693.0","LIESEK, LO","  59.8","24","  43.0","24","9999.9"," 0","935.4","24"," 29.8","15","  9.4","24"," 17.5"," 27.2","  68.9"," ","  45.0","*"," 0.01","G","999.9","000000"
"11918099999","2019-04-26","49.3666666","19.6833333","693.0","LIESEK, LO","  61.8","24","  42.1","24","9999.9"," 0","932.3","24"," 26.1","15"," 10.8","24"," 19.4"," 31.1","  73.8"," ","  42.8"," "," 0.00","G","999.9","000000"
"11918099999","2019-04-27","49.3666666","19.6833333","693.0","LIESEK, LO","  50.5","24","  46.2","24","9999.9"," 0","931.6","24"," 12.3","15","  6.0","24"," 11.7","999.9","  57.7","*","  45.5","*"," 0.00","G","999.9","010000"
"11918099999","2019-04-28","49.3666666","19.6833333","693.0","LIESEK, LO","  43.9","24","  42.3","24","9999.9"," 0","933.0","24","  7.4","16","  3.2","24","  9.7","999.9","  45.5","*","  41.4","*"," 0.71","G","999.9","010000"
"11918099999","2019-04-29","49.3666666","19.6833333","693.0","LIESEK, LO","  45.8","24","  43.5","24","9999.9"," 0","931.1","24"," 13.9","16","  3.5","24","  5.8","999.9","  51.1"," ","  41.0"," "," 0.72","G","999.9","010000"
"11918099999","2019-04-30","49.3666666","19.6833333","693.0","LIESEK, LO","  47.1","24","  45.7","24","9999.9"," 0","929.3","24","  8.4","15","  5.7","23"," 13.6","999.9","  50.4"," ","  45.0","*"," 0.08","G","999.9","010000"
"11918099999","2019-05-01","49.3666666","19.6833333","693.0","LIESEK, LO","  48.8","24","  39.4","24","9999.9"," 0","928.5","24"," 23.2","15","  6.4","24"," 13.6","999.9","  57.6"," ","  40.8"," "," 0.46","G","999.9","000000"
"11918099999","2019-05-02","49.3666666","19.6833333","693.0","LIESEK, LO","  51.9","24","  43.1","24","9999.9"," 0","926.7","24"," 19.8","16","  8.1","24"," 15.5"," 21.4","  60.4"," ","  43.7"," "," 0.15","G","999.9","010000"
"11918099999","2019-05-03","49.3666666","19.6833333","693.0","LIESEK, LO","  44.0","24","  41.6","24","9999.9"," 0","926.5","24","  9.0","15","  4.0","24","  9.7","999.9","  50.4"," ","  36.5","*"," 0.00","G","999.9","010000"
"11918099999","2019-05-04","49.3666666","19.6833333","693.0","LIESEK, LO","  44.7","24","  38.2","24","9999.9"," 0","925.6","24"," 27.5","15","  3.8","24","  7.8","999.9","  55.0"," ","  35.4"," "," 0.51","G","999.9","110000"
"11918099999","2019-05-05","49.3666666","19.6833333","693.0","LIESEK, LO","  35.7","24","  34.6","24","9999.9"," 0","928.6","24","  3.6","15","  6.2","24","  9.7","999.9","  43.2","*","  32.4","*"," 0.11","G","  0.4","011000"
"11918099999","2019-05-06","49.3666666","19.6833333","693.0","LIESEK, LO","  36.5","24","  31.0","24","9999.9"," 0","931.6","24"," 20.7","13","  6.7","24","  9.7","999.9","  40.5"," ","  32.5"," "," 0.49","G","999.9","011000"
"11918099999","2019-05-07","49.3666666","19.6833333","693.0","LIESEK, LO","  39.3","24","  32.7","24","9999.9"," 0","934.9","24"," 20.6","13","  4.0","24"," 11.7","999.9","  45.7"," ","  30.2","*"," 0.03","G","999.9","010000"
"11918099999","2019-05-08","49.3666666","19.6833333","693.0","LIESEK, LO","  41.6","24","  31.8","24","9999.9"," 0","933.0","24"," 29.8","13","  5.0","24"," 13.6","999.9","  54.3"," ","  27.3"," "," 0.00","G","999.9","100000"
"11918099999","2019-05-09","49.3666666","19.6833333","693.0","LIESEK, LO","  43.2","24","  39.3","24","9999.9"," 0","925.0","24"," 18.9","13","  3.4","24","  5.8","999.9","  48.7"," ","  35.6"," "," 0.00","G","999.9","010000"
"11918099999","2019-05-10","49.3666666","19.6833333","693.0","LIESEK, LO","  47.7","24","  43.4","24","9999.9"," 0","928.5","24"," 20.5","13","  7.8","24"," 11.7","999.9","  56.7"," ","  38.8"," "," 0.17","G","999.9","110000"
"11918099999","2019-05-11","49.3666666","19.6833333","693.0","LIESEK, LO","  51.7","24","  41.2","23","9999.9"," 0","932.9","24"," 36.0","13","  4.0","24","  9.7","999.9","  63.3"," ","  42.3","*"," 0.02","G","999.9","100000"
"11918099999","2019-05-12","49.3666666","19.6833333","693.0","LIESEK, LO","  49.2","24","  46.2","24","9999.9"," 0","939.1","24"," 13.2","15","  4.0","24","  9.7","999.9","  60.6"," ","  41.4","*"," 0.04","G","999.9","010010"
"11918099999","2019-05-13","49.3666666","19.6833333","693.0","LIESEK, LO","  39.8","24","  37.0","24","9999.9"," 0","946.9","24"," 13.1","14","  7.3","24"," 11.7","999.9","  42.1"," ","  32.9","*"," 0.25","G","999.9","010000"
"11918099999","2019-05-14","49.3666666","19.6833333","693.0","LIESEK, LO","  34.8","23","  33.6","23","9999.9"," 0","941.5","23","  5.4","14","  7.0","23","  9.7","999.9","  37.9"," ","  32.4"," "," 0.41","G","  1.6","011000"
"11918099999","2019-05-15","49.3666666","19.6833333","693.0","LIESEK, LO","  41.4","23","  41.0","22","9999.9"," 0","935.0","23","  3.8","14","  4.8","23","  7.8","999.9","  45.0"," ","  35.8"," "," 0.24","G","999.9","010000"
"11918099999","2019-05-16","49.3666666","19.6833333","693.0","LIESEK, LO","  50.8","24","  45.1","24","9999.9"," 0","932.6","24"," 29.6","13","  4.7","24"," 11.7","999.9","  62.2"," ","  42.6"," "," 0.19","G","999.9","000000"
"11918099999","2019-05-17","49.3666666","19.6833333","693.0","LIESEK, LO","  52.7","24","  46.1","24","9999.9"," 0","931.8","24"," 26.8","13","  3.3","24","  7.8"," 15.5","  64.0"," ","  44.1","*"," 0.00","G","999.9","010000"
"11918099999","2019-05-18","49.3666666","19.6833333","693.0","LIESEK, LO","  54.0","24","  45.4","24","9999.9"," 0","930.5","24"," 32.9","13","  3.7","24","  9.7","999.9","  69.4"," ","  39.7"," "," 0.02","G","999.9","110000"
"11918099999","2019-05-19","49.3666666","19.6833333","693.0","LIESEK, LO","  55.9","24","  47.2","24","9999.9"," 0","927.6","24"," 23.3","16","  3.4","24","  7.8","999.9","  68.9"," ","  41.0"," "," 0.01","G","999.9","110000"
"11918099999","2019-05-20","49.3666666","19.6833333","693.0","LIESEK, LO","  55.7","24","  48.0","24","9999.9"," 0","925.4","24"," 23.9","16","  4.9","24","  9.7","999.9","  64.9"," ","  46.8","*"," 0.13","G","999.9","000000"
"11918099999","2019-05-21","49.3666666","19.6833333","693.0","LIESEK, LO","  51.8","24","  46.3","24","9999.9"," 0","925.3","24"," 23.7","16","  7.6","24"," 13.6","999.9","  58.6"," ","  42.4"," "," 0.00","G","999.9","010000"
"11918099999","2019-05-22","49.3666666","19.6833333","693.0","LIESEK, LO","  52.7","22","  50.2","22","9999.9"," 0","926.0","22"," 12.8","15","  9.2","22"," 11.7","999.9","  58.5"," ","  50.4","*"," 0.70","G","999.9","010000"
"11918099999","2019-05-23","49.3666666","19.6833333","693.0","LIESEK, LO","  48.2","23","  46.9","23","9999.9"," 0","933.0","23","  9.6","15","  5.6","23","  7.8","999.9","  51.1"," ","  46.4","*"," 0.96","G","999.9","010000"
"11918099999","2019-05-24","49.3666666","19.6833333","693.0","LIESEK, LO","  49.2","24","  48.0","24","9999.9"," 0","933.8","24","  6.4","15","  1.8","24","  3.9","999.9","  52.0"," ","  46.2"," "," 0.67","G","999.9","010000"
"11918099999","2019-05-25","49.3666666","19.6833333","693.0","LIESEK, LO","  55.1","24","  45.0","23","9999.9"," 0","934.0","24"," 31.1","15","  3.1","24","  7.8","999.9","  68.2"," ","  43.5"," "," 0.06","G","999.9","100000"
"11918099999","2019-05-26","49.3666666","19.6833333","693.0","LIESEK, LO","  57.6","24","  48.8","24","9999.9"," 0","934.7","24"," 33.3","15","  4.2","24"," 11.7","999.9","  69.4"," ","  44.6"," "," 0.00","G","999.9","010000"
"11918099999","2019-05-27","49.3666666","19.6833333","693.0","LIESEK, LO","  58.9","24","  51.4","24","9999.9"," 0","932.3","24"," 27.1","15","  5.1","24"," 11.7","999.9","  68.9"," ","  46.2"," "," 0.03","G","999.9","110000"
"11918099999","2019-05-28","49.3666666","19.6833333","693.0","LIESEK, LO","  56.8","24","  52.6","24","9999.9"," 0","926.8","24"," 20.2","16","  3.7","24","  9.7","999.9","  66.0"," ","  49.8"," "," 0.01","G","999.9","010000"
"11918099999","2019-05-29","49.3666666","19.6833333","693.0","LIESEK, LO","  49.4","24","  48.1","24","9999.9"," 0","934.4","24","  7.5","16","  6.8","23","  9.7","999.9","  52.7"," ","  46.4","*"," 0.26","G","999.9","010000"
"11918099999","2019-05-30","49.3666666","19.6833333","693.0","LIESEK, LO","  45.2","24","  44.1","24","9999.9"," 0","941.7","24","  6.3","15","  7.2","24","  9.7","999.9","  47.5"," ","  43.2","*"," 0.19","G","999.9","010000"
"11918099999","2019-05-31","49.3666666","19.6833333","693.0","LIESEK, LO","  52.0","24","  47.7","24","9999.9"," 0","943.0","24"," 33.3","15","  4.3","24","  7.8","999.9","  64.4"," ","  43.2"," "," 0.38","G","999.9","000000"
"11918099999","2019-06-01","49.3666666","19.6833333","693.0","LIESEK, LO","  57.4","24","  51.2","24","9999.9"," 0","941.5","24"," 32.9","15","  5.1","22","  9.7","999.9","  69.3"," ","  43.3"," "," 0.00","G","999.9","010000"
"11918099999","2019-06-02","49.3666666","19.6833333","693.0","LIESEK, LO","  61.7","24","  52.5","24","9999.9"," 0","939.8","24"," 35.0","15","  5.3","24","  9.7","999.9","  73.0"," ","  48.6"," "," 0.00","G","999.9","100000"
"11918099999","2019-06-03","49.3666666","19.6833333","693.0","LIESEK, LO","  63.0","24","  52.4","24","9999.9"," 0","938.1","24"," 37.3","13","  7.0","24"," 13.6","999.9","  74.7"," ","  47.7"," "," 0.00","G","999.9","000000"
"11918099999","2019-06-04","49.3666666","19.6833333","693.0","LIESEK, LO","  62.6","24","  53.4","24","9999.9"," 0","935.0","24"," 32.0","13","  4.4","24","  9.7","999.9","  75.7"," ","  50.2"," "," 0.00","G","999.9","000010"
"11918099999","2019-06-05","49.3666666","19.6833333","693.0","LIESEK, LO","  62.9","24","  54.5","24","9999.9"," 0","932.4","24"," 25.2","16","  5.1","24","  9.7","999.9","  76.6"," ","  48.6"," "," 0.00","G","999.9","010000"
"11918099999","2019-06-06","49.3666666","19.6833333","693.0","LIESEK, LO","  61.7","24","  53.4","24","9999.9"," 0","933.3","24"," 22.1","16","  3.0","23","  5.8","999.9","  73.0"," ","  48.4"," "," 0.00","G","999.9","110000"
"11918099999","2019-06-07","49.3666666","19.6833333","693.0","LIESEK, LO","  63.4","24","  56.4","24","9999.9"," 0","936.1","24"," 20.6","16","  3.2","24","  5.8","999.9","  76.5"," ","  50.0"," "," 0.01","G","999.9","010000"
"11918099999","2019-06-08","49.3666666","19.6833333","693.0","LIESEK, LO","  65.3","24","  56.1","24","9999.9"," 0","940.3","24"," 24.6","15","  4.4","24"," 13.6","999.9","  80.1"," ","  52.2"," "," 0.00","G","999.9","100000"
"11918099999","2019-06-09","49.3666666","19.6833333","693.0","LIESEK, LO","  65.5","24","  55.2","24","9999.9"," 0","944.4","24"," 34.8","15","  7.4","24","  9.7","999.9","  75.6"," ","  54.1"," "," 0.00","G","999.9","000000"
"11918099999","2019-06-10","49.3666666","19.6833333","693.0","LIESEK, LO","  69.4","24","  56.0","24","9999.9"," 0","938.5","24"," 30.8","13","  3.9","24"," 11.7","999.9","  83.5"," ","  52.3"," "," 0.00","G","999.9","100000"
"11918099999","2019-06-11","49.3666666","19.6833333","693.0","LIESEK, LO","  71.6","24","  54.3","24","9999.9"," 0","935.9","24"," 38.1","15","  3.8","24","  9.7","999.9","  84.2"," ","  54.1"," "," 0.00","G","999.9","000000"
"11918099999","2019-06-12","49.3666666","19.6833333","693.0","LIESEK, LO","  70.9","24","  55.5","24","9999.9"," 0","935.4","24"," 36.6","13","  6.2","24"," 13.6","999.9","  82.8"," ","  55.2"," "," 0.00","G","999.9","000000"
"11918099999","2019-06-13","49.3666666","19.6833333","693.0","LIESEK, LO","  72.8","24","  57.2","24","9999.9"," 0","936.1","24"," 34.8","15","  4.9","24"," 13.6","999.9","  87.3"," ","  57.4"," "," 0.00","G","999.9","000000"
"11918099999","2019-06-14","49.3666666","19.6833333","693.0","LIESEK, LO","  71.7","24","  63.4","24","9999.9"," 0","939.3","24"," 22.2","15","  5.1","24","  7.8","999.9","  82.4"," ","  60.3"," "," 0.00","G","999.9","000010"
"11918099999","2019-06-15","49.3666666","19.6833333","693.0","LIESEK, LO","  72.7","24","  60.2","24","9999.9"," 0","936.7","24"," 22.4","15","  4.7","24"," 11.7"," 17.5","  87.3"," ","  56.5"," "," 0.00","G","999.9","100000"
"11918099999","2019-06-16","49.3666666","19.6833333","693.0","LIESEK, LO","  67.6","21","  59.3","21","9999.9"," 0","937.3","21"," 17.7","15","  4.8","21","  9.7","999.9","  82.0"," ","  57.6"," "," 0.00","G","999.9","010010"
"11918099999","2019-06-17","49.3666666","19.6833333","693.0","LIESEK, LO","  58.7","18","  52.1","18","9999.9"," 0","941.3","18"," 22.1","15","  6.8","18","  9.7","999.9","  66.2"," ","  51.1","*"," 1.18","G","999.9","010000"
"11918099999","2019-06-18","49.3666666","19.6833333","693.0","LIESEK, LO","  62.2","24","  55.7","24","9999.9"," 0","938.9","24"," 27.0","16","  5.5","24","  9.7","999.9","  73.0"," ","  47.7"," "," 0.20","G","999.9","000000"
"11918099999","2019-06-19","49.3666666","19.6833333","693.0","LIESEK, LO","  65.6","24","  59.5","24","9999.9"," 0","935.3","24"," 15.2","16","  3.3","24","  9.7","999.9","  79.9"," ","  54.9"," "," 0.00","G","999.9","110010"
"11918099999","2019-06-20","49.3666666","19.6833333","693.0","LIESEK, LO","  64.0","24","  59.6","24","9999.9"," 0","934.0","24"," 16.1","16","  4.3","23","  7.8","999.9","  74.5"," ","  58.3"," "," 0.02","G","999.9","010010"
"11918099999","2019-06-21","49.3666666","19.6833333","693.0","LIESEK, LO","  64.7","24","  59.2","24","9999.9"," 0","936.9","24"," 26.3","16","  4.5","24","  9.7","999.9","  76.6"," ","  57.6","*"," 0.07","G","999.9","010010"
"11918099999","2019-06-22","49.3666666","19.6833333","693.0","LIESEK, LO","  63.3","24","  59.2","24","9999.9"," 0","939.9","24"," 19.1","15","  6.8","24","  9.7","999.9","  72.1"," ","  54.3"," "," 0.07","G","999.9","010010"
"11918099999","2019-06-23","49.3666666","19.6833333","693.0","LIESEK, LO","  63.5","24","  59.0","24","9999.9"," 0","939.3","24"," 25.5","15","  7.0","24"," 13.6","999.9","  69.4"," ","  57.6"," "," 0.02","G","999.9","010000"
"11918099999","2019-06-24","49.3666666","19.6833333","693.0","LIESEK, LO","  65.0","23","  57.5","23","9999.9"," 0","943.3","23"," 34.4","15","  7.9","23"," 13.6","999.9","  72.0"," ","  57.0"," "," 0.00","G","999.9","000000"
"11918099999","2019-06-25","49.3666666","19.6833333","693.0","LIESEK, LO","  70.5","24","  61.0","24","9999.9"," 0","945.7","24"," 25.8","15","  3.2","24","  5.8","999.9","  84.2"," ","  53.4"," "," 0.00","G","999.9","100000"
"11918099999","2019-06-26","49.3666666","19.6833333","693.0","LIESEK, LO","  74.0","24","  61.2","24","9999.9"," 0","944.6","24"," 27.6","16","  6.6","24"," 11.7","999.9","  86.0"," ","  59.4"," "," 0.00","G","999.9","000000"
"11918099999","2019-06-27","49.3666666","19.6833333","693.0","LIESEK, LO","  70.5","24","  56.5","24","9999.9"," 0","939.5","24"," 24.7","16","  8.6","24"," 13.6","999.9","  80.1"," ","  52.9","*"," 0.00","G","999.9","000000"
"11918099999","2019-06-28","49.3666666","19.6833333","693.0","LIESEK, LO","  57.8","24","  48.6","24","9999.9"," 0","941.0","24"," 28.9","16","  5.3","24","  7.8","999.9","  67.1"," ","  48.2"," "," 0.00","G","999.9","000000"
"11918099999","2019-06-29","49.3666666","19.6833333","693.0","LIESEK, LO","  63.0","24","  48.6","24","9999.9"," 0","941.9","24"," 43.1","15","  3.5","24","  7.8","999.9","  74.5"," ","  50.9"," "," 0.00","G","999.9","000000"
"11918099999","2019-06-30","49.3666666","19.6833333","693.0","LIESEK, LO","  70.5","24","  52.7","24","9999.9"," 0","940.0","24"," 42.3","15","  8.2","24"," 13.6","999.9","  85.5"," ","  50.2"," "," 0.00","G","999.9","000000"
"11918099999","2019-07-01","49.3666666","19.6833333","693.0","LIESEK, LO","  74.1","24","  56.5","24","9999.9"," 0","937.2","24"," 33.6","15"," 10.2","24"," 13.6","999.9","  89.4"," ","  62.8","*"," 0.00","G","999.9","010010"
"11918099999","2019-07-02","49.3666666","19.6833333","693.0","LIESEK, LO","  66.9","24","  55.3","24","9999.9"," 0","937.3","24"," 29.1","16","  4.7","24","  7.8","999.9","  75.2"," ","  57.6","*"," 0.00","G","999.9","010000"
"11918099999","2019-07-03","49.3666666","19.6833333","693.0","LIESEK, LO","  58.8","24","  44.6","24","9999.9"," 0","939.8","24"," 31.1","16","  5.2","24","  7.8","999.9","  69.6"," ","  45.0","*"," 0.00","G","999.9","000000"
"11918099999","2019-07-04","49.3666666","19.6833333","693.0","LIESEK, LO","  57.2","24","  40.4","24","9999.9"," 0","940.5","24"," 36.5","16","  4.0","24","  5.8","999.9","  70.9"," ","  39.6"," "," 0.00","G","999.9","000000"
"11918099999","2019-07-05","49.3666666","19.6833333","693.0","LIESEK, LO","  60.1","23","  45.9","23","9999.9"," 0","935.4","23"," 35.0","15","  6.6","23"," 13.6","999.9","  73.0"," ","  44.1","*"," 0.00","E","999.9","010000"
"11918099999","2019-07-06","49.3666666","19.6833333","693.0","LIESEK, LO","  66.3","24","  47.2","24","9999.9"," 0","932.0","24"," 43.1","15","  8.3","24"," 13.6"," 23.3","  78.1"," ","  54.0","*"," 0.00","F","999.9","000000"
"11918099999","2019-07-07","49.3666666","19.6833333","693.0","LIESEK, LO","  65.6","24","  50.7","24","9999.9"," 0","928.8","24"," 36.0","15","  8.6","24"," 13.6","999.9","  78.1"," ","  49.1","*"," 0.00","G","999.9","010000"
"11918099999","2019-07-08","49.3666666","19.6833333","693.0","LIESEK, LO","  53.3","24","  40.3","24","9999.9"," 0","934.0","24"," 37.3","13","  5.7","24"," 11.7","999.9","  62.6"," ","  40.5","*"," 0.00","G","999.9","000000"
"11918099999","2019-07-09","49.3666666","19.6833333","693.0","LIESEK, LO","  53.1","24","  39.8","24","9999.9"," 0","934.9","24"," 31.1","14","  4.9","24","  9.7","999.9","  62.6"," ","  39.0"," "," 0.00","G","999.9","010000"
"11918099999","2019-07-10","49.3666666","19.6833333","693.0","LIESEK, LO","  52.6","24","  44.9","24","9999.9"," 0","934.9","24"," 23.7","14","  4.5","24","  9.7","999.9","  60.4"," ","  48.0"," "," 0.04","G","999.9","010000"
"11918099999","2019-07-11","49.3666666","19.6833333","693.0","LIESEK, LO","  50.8","24","  46.8","24","9999.9"," 0","933.4","24"," 18.0","13","  3.7","24","  7.8","999.9","  61.0"," ","  42.3","*"," 0.13","G","999.9","010010"
"11918099999","2019-07-12","49.3666666","19.6833333","693.0","LIESEK, LO","  55.8","24","  46.1","24","9999.9"," 0","932.6","24"," 28.7","14","  3.7","24","  7.8","999.9","  69.3"," ","  39.9"," "," 0.41","G","999.9","100000"
"11918099999","2019-07-13","49.3666666","19.6833333","693.0","LIESEK, LO","  57.4","24","  52.9","24","9999.9"," 0","930.8","24"," 16.5","15","  3.4","24","  7.8","999.9","  67.1"," ","  52.3"," "," 0.03","G","999.9","010010"
"11918099999","2019-07-14","49.3666666","19.6833333","693.0","LIESEK, LO","  54.7","24","  51.3","24","9999.9"," 0","932.9","24"," 22.3","15","  3.3","24","  7.8","999.9","  62.6"," ","  45.9","*"," 0.24","G","999.9","010010"
"11918099999","2019-07-15","49.3666666","19.6833333","693.0","LIESEK, LO","  55.3","24","  43.2","24","9999.9"," 0","934.4","24"," 37.0","13","  4.4","24","  7.8","999.9","  67.8"," ","  42.6"," "," 0.37","G","999.9","100000"
"11918099999","2019-07-16","49.3666666","19.6833333","693.0","LIESEK, LO","  57.1","24","  46.9","24","9999.9"," 0","933.6","24"," 24.2","14","  5.4","24"," 13.6"," 19.4","  69.6"," ","  43.9"," "," 0.00","G","999.9","000000"
"11918099999","2019-07-17","49.3666666","19.6833333","693.0","LIESEK, LO","  56.5","24","  46.4","24","9999.9"," 0","933.6","24"," 30.0","14","  4.9","24","  9.7","999.9","  67.6"," ","  45.5"," "," 0.00","G","999.9","000000"
"11918099999","2019-07-18","49.3666666","19.6833333","693.0","LIESEK, LO","  57.5","24","  46.6","24","9999.9"," 0","934.5","24"," 37.3","13","  3.6","24","  5.8","999.9","  70.5"," ","  43.0"," "," 0.00","G","999.9","000000"
"11918099999","2019-07-19","49.3666666","19.6833333","693.0","LIESEK, LO","  60.7","24","  51.3","24","9999.9"," 0","937.1","24"," 28.5","15","  5.7","24"," 11.7","999.9","  74.7"," ","  46.2"," "," 0.00","G","999.9","010000"
"11918099999","2019-07-20","49.3666666","19.6833333","693.0","LIESEK, LO","  64.1","24","  57.1","24","9999.9"," 0","938.6","24"," 24.4","15","  5.1","24","  9.7","999.9","  76.6"," ","  54.3"," "," 0.03","G","999.9","010000"
"11918099999","2019-07-21","49.3666666","19.6833333","693.0","LIESEK, LO","  62.9","24","  57.9","24","9999.9"," 0","940.2","24"," 21.4","16","  5.0","24"," 15.5"," 29.1","  81.5"," ","  53.6","*"," 0.00","G","999.9","110010"
"11918099999","2019-07-22","49.3666666","19.6833333","693.0","LIESEK, LO","  63.0","24","  54.5","23","9999.9"," 0","942.9","24"," 24.1","16","  3.5","24","  7.8","999.9","  75.7"," ","  49.6"," "," 0.44","G","999.9","100000"
"11918099999","2019-07-23","49.3666666","19.6833333","693.0","LIESEK, LO","  59.5","23","  57.5","23","9999.9"," 0","941.1","23"," 12.1","15","  3.5","23","  5.8","999.9","  61.2"," ","  57.7"," "," 0.02","G","999.9","010000"
"11918099999","2019-07-24","49.3666666","19.6833333","693.0","LIESEK, LO","  63.8","24","  58.1","24","9999.9"," 0","940.0","24"," 28.0","15","  3.1","24","  5.8","999.9","  74.5"," ","  56.7","*"," 0.02","G","999.9","010000"
"11918099999","2019-07-25","49.3666666","19.6833333","693.0","LIESEK, LO","  65.4","24","  55.6","24","9999.9"," 0","939.6","24"," 37.3","15","  3.0","24","  5.8","999.9","  79.9"," ","  52.2"," "," 0.00","G","999.9","100000"
"11918099999","2019-07-26","49.3666666","19.6833333","693.0","LIESEK, LO","  67.7","24","  56.1","24","9999.9"," 0","933.1","24"," 32.1","15","  4.5","24","  7.8","999.9","  82.0"," ","  52.7"," "," 0.00","G","999.9","000000"
"11918099999","2019-07-27","49.3666666","19.6833333","693.0","LIESEK, LO","  61.5","24","  57.5","24","9999.9"," 0","928.5","24"," 26.2","15","  3.6","23","  7.8","999.9","  68.9"," ","  53.6"," "," 0.00","G","999.9","010010"
"11918099999","2019-07-28","49.3666666","19.6833333","693.0","LIESEK, LO","  67.6","24","  57.8","24","9999.9"," 0","926.5","24"," 25.7","15","  4.0","24"," 21.4","999.9","  83.7"," ","  53.4"," "," 0.05","G","999.9","110010"
"11918099999","2019-07-29","49.3666666","19.6833333","693.0","LIESEK, LO","  69.9","24","  60.0","24","9999.9"," 0","928.3","24"," 31.6","15","  5.3","24"," 11.7","999.9","  83.5"," ","  59.4","*"," 0.07","G","999.9","100000"
"11918099999","2019-07-30","49.3666666","19.6833333","693.0","LIESEK, LO","  67.2","24","  61.9","24","9999.9"," 0","931.3","24"," 16.7","15","  5.0","24"," 11.7","999.9","  79.9"," ","  58.6"," "," 0.00","G","999.9","010010"
"11918099999","2019-07-31","49.3666666","19.6833333","693.0","LIESEK, LO","  65.9","24","  62.4","24","9999.9"," 0","934.4","24"," 14.3","15","  3.6","24","  9.7","999.9","  76.8"," ","  59.4"," "," 0.07","G","999.9","110000"
"11918099999","2019-08-01","49.3666666","19.6833333","693.0","LIESEK, LO","  64.2","24","  56.2","24","9999.9"," 0","936.2","24"," 26.6","15","  3.8","23","  7.8","999.9","  73.9"," ","  52.9","*"," 0.01","G","999.9","010000"
"11918099999","2019-08-02","49.3666666","19.6833333","693.0","LIESEK, LO","  61.5","24","  50.7","24","9999.9"," 0","934.2","24"," 33.3","15","  3.8","24","  9.7","999.9","  74.5"," ","  48.0"," "," 0.01","G","999.9","000000"
"11918099999","2019-08-03","49.3666666","19.6833333","693.0","LIESEK, LO","  57.8","24","  53.0","24","9999.9"," 0","932.4","24"," 22.9","15","  3.7","24","  9.7","999.9","  68.7"," ","  52.0","*"," 0.20","G","999.9","010010"
"11918099999","2019-08-04","49.3666666","19.6833333","693.0","LIESEK, LO","  57.4","24","  50.2","24","9999.9"," 0","935.5","24"," 27.8","15","  3.3","24"," 13.6","999.9","  70.2"," ","  49.3"," "," 0.32","G","999.9","110000"
"11918099999","2019-08-05","49.3666666","19.6833333","693.0","LIESEK, LO","  59.7","24","  52.4","24","9999.9"," 0","935.4","24"," 25.3","16","  4.7","24"," 21.4"," 31.1","  74.1"," ","  48.7"," "," 0.10","G","999.9","010010"
"11918099999","2019-08-06","49.3666666","19.6833333","693.0","LIESEK, LO","  66.0","24","  56.6","24","9999.9"," 0","934.1","24"," 27.4","16","  5.8","24"," 11.7"," 15.5","  77.9"," ","  53.2"," "," 0.47","G","999.9","100000"
"11918099999","2019-08-07","49.3666666","19.6833333","693.0","LIESEK, LO","  66.6","24","  60.8","24","9999.9"," 0","931.5","24"," 23.5","16","  6.1","24"," 13.6","999.9","  79.2"," ","  58.6"," "," 0.00","G","999.9","010010"
"11918099999","2019-08-08","49.3666666","19.6833333","693.0","LIESEK, LO","  63.8","24","  56.0","24","9999.9"," 0","933.6","24"," 36.6","15","  4.2","23","  7.8","999.9","  73.2"," ","  54.9","*"," 0.74","G","999.9","010000"
"11918099999","2019-08-09","49.3666666","19.6833333","693.0","LIESEK, LO","  63.8","24","  52.6","24","9999.9"," 0","936.1","24"," 37.7","15","  4.4","24","  9.7","999.9","  77.5"," ","  51.1"," "," 0.00","G","999.9","000000"
"11918099999","2019-08-10","49.3666666","19.6833333","693.0","LIESEK, LO","  67.9","24","  60.1","24","9999.9"," 0","936.8","24"," 31.8","15","  5.5","24"," 13.6","999.9","  82.4"," ","  50.9"," "," 0.00","G","999.9","010010"
"11918099999","2019-08-11","49.3666666","19.6833333","693.0","LIESEK, LO","  66.3","24","  59.0","24","9999.9"," 0","939.1","24"," 38.1","15","  3.6","24","  7.8","999.9","  74.8"," ","  58.3","*"," 2.22","G","999.9","010000"
"11918099999","2019-08-12","49.3666666","19.6833333","693.0","LIESEK, LO","  70.3","24","  62.0","24","9999.9"," 0","935.7","24"," 16.2","15","  5.2","24"," 13.6","999.9","  82.2"," ","  56.7"," "," 0.00","G","999.9","100000"
"11918099999","2019-08-13","49.3666666","19.6833333","693.0","LIESEK, LO","  61.9","24","  59.5","24","9999.9"," 0","936.4","24"," 17.4","15","  3.7","24","  5.8","999.9","  65.7"," ","  59.9","*"," 0.44","G","999.9","010010"
"11918099999","2019-08-14","49.3666666","19.6833333","693.0","LIESEK, LO","  53.3","24","  49.9","24","9999.9"," 0","936.7","24"," 21.2","13","  4.5","24","  7.8","999.9","  59.4","*","  43.0","*"," 0.72","G","999.9","010000"
"11918099999","2019-08-15","49.3666666","19.6833333","693.0","LIESEK, LO","  54.4","24","  45.3","24","9999.9"," 0","936.9","24"," 33.9","15","  3.1","23","  7.8","999.9","  68.5"," ","  41.2"," "," 0.51","G","999.9","100000"
"11918099999","2019-08-16","49.3666666","19.6833333","693.0","LIESEK, LO","  55.6","24","  49.8","24","9999.9"," 0","936.9","24"," 24.5","15","  3.6","24","  7.8","999.9","  68.9"," ","  44.4"," "," 0.00","G","999.9","110000"
"11918099999","2019-08-17","49.3666666","19.6833333","693.0","LIESEK, LO","  58.6","24","  50.7","23","9999.9"," 0","937.0","24"," 23.2","16","  4.4","24"," 11.7","999.9","  71.8"," ","  48.6"," "," 0.00","G","999.9","100000"
"11918099999","2019-08-18","49.3666666","19.6833333","693.0","LIESEK, LO","  65.9","24","  56.2","24","9999.9"," 0","935.4","24"," 31.1","16","  8.1","24"," 13.6","999.9","  76.6"," ","  53.1"," "," 0.00","G","999.9","000000"
"11918099999","2019-08-19","49.3666666","19.6833333","693.0","LIESEK, LO","  70.0","24","  57.1","24","9999.9"," 0","938.0","24"," 28.4","16","  6.0","24"," 15.5","999.9","  83.8"," ","  55.8"," "," 0.00","G","999.9","000000"
"11918099999","2019-08-20","49.3666666","19.6833333","693.0","LIESEK, LO","  66.9","24","  62.2","24","9999.9"," 0","941.1","24"," 13.9","15","  3.9","24","  7.8","999.9","  79.7","*","  57.0"," "," 0.00","G","999.9","010000"
"11918099999","2019-08-21","49.3666666","19.6833333","693.0","LIESEK, LO","  59.1","24","  57.7","24","9999.9"," 0","944.5","24"," 11.2","15","  6.0","24"," 11.7","999.9","  65.5"," ","  55.8","*"," 0.04","G","999.9","010000"
"11918099999","2019-08-22","49.3666666","19.6833333","693.0","LIESEK, LO","  57.5","24","  53.9","24","9999.9"," 0","946.7","24"," 20.8","15","  7.2","24"," 13.6","999.9","  63.5"," ","  54.1"," "," 0.00","G","999.9","010010"
"11918099999","2019-08-23","49.3666666","19.6833333","693.0","LIESEK, LO","  62.5","24","  57.8","24","9999.9"," 0","945.9","24"," 23.6","15","  4.0","24","  7.8","999.9","  75.4"," ","  54.7"," "," 0.13","G","999.9","100010"
"11918099999","2019-08-24","49.3666666","19.6833333","693.0","LIESEK, LO","  64.5","24","  59.7","23","9999.9"," 0","944.3","24"," 15.8","15","  3.4","24","  7.8","999.9","  79.2"," ","  54.1"," "," 0.00","G","999.9","110010"
"11918099999","2019-08-25","49.3666666","19.6833333","693.0","LIESEK, LO","  63.9","24","  59.8","23","9999.9"," 0","943.2","24"," 19.6","15","  2.6","23","  5.8","999.9","  79.5"," ","  54.5"," "," 0.00","G","999.9","110010"
"11918099999","2019-08-26","49.3666666","19.6833333","693.0","LIESEK, LO","  63.9","24","  60.4","23","9999.9"," 0","942.8","24"," 15.9","16","  2.8","23","  5.8"," 13.6","  82.4"," ","  52.9"," "," 0.00","G","999.9","110010"
"11918099999","2019-08-27","49.3666666","19.6833333","693.0","LIESEK, LO","  66.8","24","  60.0","24","9999.9"," 0","942.2","24"," 15.3","16","  2.3","24","  5.8","999.9","  81.5"," ","  56.3"," "," 0.10","G","999.9","110010"
"11918099999","2019-08-28","49.3666666","19.6833333","693.0","LIESEK, LO","  66.3","24","  59.1","24","9999.9"," 0","941.5","24"," 13.3","16","  3.8","23","  9.7","999.9","  82.2"," ","  54.3"," "," 0.00","G","999.9","110010"
"11918099999","2019-08-29","49.3666666","19.6833333","693.0","LIESEK, LO","  66.1","24","  58.8","24","9999.9"," 0","941.0","24"," 18.8","15","  3.4","23","  9.7","999.9","  82.8"," ","  54.9"," "," 0.04","G","999.9","110010"
"11918099999","2019-08-30","49.3666666","19.6833333","693.0","LIESEK, LO","  64.1","22","  60.0","22","9999.9"," 0","943.1","22"," 12.0","14","  3.3","21","  9.7","999.9","  79.9"," ","  54.7"," "," 0.02","G","999.9","110010"
"11918099999","2019-08-31","49.3666666","19.6833333","693.0","LIESEK, LO","  64.6","24","  59.4","23","9999.9"," 0","940.9","24"," 20.1","15","  2.7","24","  5.8","999.9","  80.2"," ","  53.6"," "," 0.52","G","999.9","100010"
"11918099999","2019-09-01","49.3666666","19.6833333","693.0","LIESEK, LO","  66.4","24","  56.3","24","9999.9"," 0","935.8","24"," 27.7","15","  4.3","23"," 11.7","999.9","  82.6"," ","  52.2"," "," 0.00","G","999.9","100000"
"11918099999","2019-09-02","49.3666666","19.6833333","693.0","LIESEK, LO","  59.8","24","  57.0","24","9999.9"," 0","937.7","24"," 12.2","16","  4.3","24"," 13.6","999.9","  67.5"," ","  54.5","*"," 0.00","G","999.9","010010"
"11918099999","2019-09-03","49.3666666","19.6833333","693.0","LIESEK, LO","  50.6","24","  47.8","24","9999.9"," 0","942.5","24"," 22.0","15","  4.9","24","  7.8","999.9","  57.9"," ","  43.2","*"," 0.73","G","999.9","010000"
"11918099999","2019-09-04","49.3666666","19.6833333","693.0","LIESEK, LO","  53.0","24","  44.4","24","9999.9"," 0","940.3","24"," 32.8","15","  2.3","24","  3.9","999.9","  69.3"," ","  40.1"," "," 0.20","G","999.9","100000"
"11918099999","2019-09-05","49.3666666","19.6833333","693.0","LIESEK, LO","  57.0","24","  49.3","24","9999.9"," 0","936.6","24"," 36.2","15","  4.4","24"," 11.7","999.9","  71.2"," ","  41.2"," "," 0.00","G","999.9","100000"
"11918099999","2019-09-06","49.3666666","19.6833333","693.0","LIESEK, LO","  56.7","23","  50.1","23","9999.9"," 0","941.6","23"," 25.1","14","  5.6","23","  7.8","999.9","  64.2"," ","  49.5","*"," 0.00","G","999.9","000000"
"11918099999","2019-09-07","49.3666666","19.6833333","693.0","LIESEK, LO","  54.1","24","  51.9","23","9999.9"," 0","937.8","24"," 12.9","16","  2.0","24","  3.9","999.9","  61.5"," ","  49.1"," "," 0.00","G","999.9","010000"
"11918099999","2019-09-08","49.3666666","19.6833333","693.0","LIESEK, LO","  57.4","24","  53.7","24","9999.9"," 0","936.9","24"," 22.6","16","  3.5","23","  7.8","999.9","  68.4"," ","  50.0","*"," 1.07","G","999.9","010000"
"11918099999","2019-09-09","49.3666666","19.6833333","693.0","LIESEK, LO","  54.3","24","  52.1","24","9999.9"," 0","932.8","24","  9.7","15","  4.5","24"," 11.7","999.9","  65.3"," ","  47.3","*"," 0.31","G","999.9","010010"
"11918099999","2019-09-10","49.3666666","19.6833333","693.0","LIESEK, LO","  53.8","24","  46.1","24","9999.9"," 0","939.2","24"," 29.1","16","  7.0","24"," 13.6","999.9","  64.2"," ","  43.7","*"," 0.97","G","999.9","000000"
"11918099999","2019-09-11","49.3666666","19.6833333","693.0","LIESEK, LO","  54.0","24","  47.7","22","9999.9"," 0","944.0","24"," 26.7","14","  2.2","24","  3.9","999.9","  70.5"," ","  39.9"," "," 0.00","G","999.9","100000"
"11918099999","2019-09-12","49.3666666","19.6833333","693.0","LIESEK, LO","  56.8","24","  49.7","23","9999.9"," 0","947.8","24"," 33.8","15","  2.4","24","  5.8","999.9","  71.8"," ","  42.8"," "," 0.00","G","999.9","100000"
"11918099999","2019-09-13","49.3666666","19.6833333","693.0","LIESEK, LO","  57.8","23","  50.7","23","9999.9"," 0","948.6","23"," 32.2","15","  3.9","23","  9.7","999.9","  70.3"," ","  44.1"," "," 0.00","G","999.9","100000"
"11918099999","2019-09-14","49.3666666","19.6833333","693.0","LIESEK, LO","  52.6","24","  44.4","24","9999.9"," 0","949.9","24"," 35.8","15","  5.1","24","  7.8","999.9","  60.1"," ","  39.6","*"," 0.03","G","999.9","000000"
"11918099999","2019-09-15","49.3666666","19.6833333","693.0","LIESEK, LO","  51.2","24","  42.6","24","9999.9"," 0","943.9","24"," 36.3","15","  7.4","24"," 17.5","999.9","  65.3"," ","  34.9"," "," 0.00","G","999.9","100000"
"11918099999","2019-09-16","49.3666666","19.6833333","693.0","LIESEK, LO","  57.1","24","  49.6","24","9999.9"," 0","937.4","24"," 34.4","15","  6.4","24"," 11.7","999.9","  69.1"," ","  46.8","*"," 0.00","G","999.9","010000"
"11918099999","2019-09-17","49.3666666","19.6833333","693.0","LIESEK, LO","  52.4","24","  46.6","24","9999.9"," 0","933.3","24"," 32.1","15","  8.7","24"," 17.5"," 27.2","  60.4"," ","  44.1","*"," 0.08","G","999.9","010000"
"11918099999","2019-09-18","49.3666666","19.6833333","693.0","LIESEK, LO","  44.2","24","  36.1","24","9999.9"," 0","938.7","24"," 33.6","13","  6.1","24"," 13.6","999.9","  52.0"," ","  40.1","*"," 0.08","G","999.9","010000"
"11918099999","2019-09-19","49.3666666","19.6833333","693.0","LIESEK, LO","  42.4","24","  37.2","24","9999.9"," 0","943.0","24"," 21.7","15","  4.0","24","  9.7","999.9","  50.2"," ","  36.9"," "," 0.02","G","999.9","010100"
"11918099999","2019-09-20","49.3666666","19.6833333","693.0","LIESEK, LO","  43.0","24","  36.8","24","9999.9"," 0","945.2","24"," 32.0","15","  3.6","24","  7.8","999.9","  52.7"," ","  33.3"," "," 0.00","G","999.9","000000"
"11918099999","2019-09-21","49.3666666","19.6833333","693.0","LIESEK, LO","  46.5","24","  38.9","24","9999.9"," 0","944.0","24"," 31.1","16","  5.5","24"," 11.7","999.9","  60.1"," ","  33.1"," "," 0.00","G","999.9","000000"
"11918099999","2019-09-22","49.3666666","19.6833333","693.0","LIESEK, LO","  49.8","24","  42.0","24","9999.9"," 0","938.3","24"," 31.1","16","  3.5","23","  9.7","999.9","  67.5"," ","  36.0"," "," 0.00","G","999.9","000000"
"11918099999","2019-09-23","49.3666666","19.6833333","693.0","LIESEK, LO","  48.2","24","  47.0","24","9999.9"," 0","935.3","24"," 11.9","16","  2.3","24","  5.8","999.9","  53.8"," ","  43.0"," "," 0.00","G","999.9","110000"
"11918099999","2019-09-24","49.3666666","19.6833333","693.0","LIESEK, LO","  51.8","24","  48.9","24","9999.9"," 0","933.9","24"," 13.0","15","  2.1","24","  5.8","999.9","  64.8"," ","  45.0","*"," 0.13","G","999.9","100000"
"11918099999","2019-09-25","49.3666666","19.6833333","693.0","LIESEK, LO","  53.8","24","  51.7","24","9999.9"," 0","930.2","24"," 12.7","15","  5.5","24"," 11.7","999.9","  59.5"," ","  48.2"," "," 0.02","G","999.9","010000"
"11918099999","2019-09-26","49.3666666","19.6833333","693.0","LIESEK, LO","  52.5","24","  49.1","24","9999.9"," 0","933.1","24"," 21.6","15","  3.8","24","  9.7","999.9","  62.2"," ","  45.0","*"," 0.01","G","999.9","110000"
"11918099999","2019-09-27","49.3666666","19.6833333","693.0","LIESEK, LO","  52.5","24","  49.7","23","9999.9"," 0","935.7","24"," 18.9","15","  8.1","24"," 13.6","999.9","  62.2"," ","  43.3"," "," 0.02","G","999.9","100000"
"11918099999","2019-09-28","49.3666666","19.6833333","693.0","LIESEK, LO","  54.6","24","  49.8","24","9999.9"," 0","935.5","24"," 31.1","15","  9.4","24"," 15.5","999.9","  61.3"," ","  48.6","*"," 0.00","G","999.9","010000"
"11918099999","2019-09-29","49.3666666","19.6833333","693.0","LIESEK, LO","  56.3","24","  47.1","24","9999.9"," 0","932.0","24"," 40.2","15"," 13.4","24"," 19.4"," 29.1","  62.6","*","  48.6"," "," 0.00","G","999.9","000000"
"11918099999","2019-09-30","49.3666666","19.6833333","693.0","LIESEK, LO","  56.3","24","  47.5","24","9999.9"," 0","926.4","24"," 34.0","15"," 15.1","24"," 23.3"," 38.9","  63.9"," ","  45.9","*"," 0.00","G","999.9","010000"
"11918099999","2019-10-01","49.3666666","19.6833333","693.0","LIESEK, LO","  54.4","24","  44.3","24","9999.9"," 0","930.4","24"," 41.8","15"," 11.7","24"," 19.4"," 31.1","  63.1"," ","  42.4"," "," 0.09","G","999.9","000000"
"11918099999","2019-10-02","49.3666666","19.6833333","693.0","LIESEK, LO","  56.4","19","  49.7","19","9999.9"," 0","925.4","19"," 21.5","11","  8.8","19"," 17.5"," 19.4","  62.6","*","  46.4","*"," 0.00","G","999.9","010000"
"11918099999","2019-10-03","49.3666666","19.6833333","693.0","LIESEK, LO","  43.6","24","  38.6","24","9999.9"," 0","931.4","24"," 23.7","16","  4.9","24","  9.7","999.9","  51.1"," ","  39.6","*"," 0.63","G","999.9","010000"
"11918099999","2019-10-04","49.3666666","19.6833333","693.0","LIESEK, LO","  43.5","21","  37.7","21","9999.9"," 0","931.6","21"," 29.0","12","  3.1","21","  5.8","999.9","  52.0"," ","  39.0"," "," 0.03","G","999.9","000000"
"11918099999","2019-10-05","49.3666666","19.6833333","693.0","LIESEK, LO","  42.2","24","  40.8","24","9999.9"," 0","927.4","24","  9.9","15","  3.7","24"," 13.6","999.9","  45.7"," ","  39.4","*"," 0.12","G","999.9","010000"
"11918099999","2019-10-06","49.3666666","19.6833333","693.0","LIESEK, LO","  37.4","24","  34.7","24","9999.9"," 0","935.2","24"," 21.2","15","  7.1","24"," 11.7","999.9","  42.4"," ","  31.1","*"," 0.55","G","999.9","000000"
"11918099999","2019-10-07","49.3666666","19.6833333","693.0","LIESEK, LO","  32.6","24","  28.1","24","9999.9"," 0","937.0","24"," 22.4","15","  2.6","24","  5.8","999.9","  46.4"," ","  27.0"," "," 0.00","G","999.9","100000"
"11918099999","2019-10-08","49.3666666","19.6833333","693.0","LIESEK, LO","  38.7","24","  30.2","24","9999.9"," 0","935.1","24"," 25.1","16"," 13.1","24"," 23.3"," 35.0","  46.8","*","  24.3"," "," 0.00","G","999.9","010000"
"11918099999","2019-10-09","49.3666666","19.6833333","693.0","LIESEK, LO","  46.8","24","  44.4","24","9999.9"," 0","931.7","24"," 11.5","16"," 10.5","24"," 17.5"," 27.2","  49.6"," ","  43.0"," "," 0.04","G","999.9","010000"
"11918099999","2019-10-10","49.3666666","19.6833333","693.0","LIESEK, LO","  47.1","24","  41.4","24","9999.9"," 0","934.1","24"," 24.3","16","  9.4","24"," 15.5"," 23.3","  52.2"," ","  43.0","*"," 0.26","G","999.9","010000"
"11918099999","2019-10-11","49.3666666","19.6833333","693.0","LIESEK, LO","  48.4","24","  40.2","24","9999.9"," 0","940.0","24"," 37.5","15"," 11.9","24"," 21.4"," 29.1","  54.1"," ","  38.8"," "," 0.09","G","999.9","000000"
"11918099999","2019-10-12","49.3666666","19.6833333","693.0","LIESEK, LO","  54.0","24","  44.0","24","9999.9"," 0","938.7","24"," 39.4","15"," 14.2","24"," 23.3"," 25.3","  66.0"," ","  48.0"," "," 0.00","G","999.9","000000"
"11918099999","2019-10-13","49.3666666","19.6833333","693.0","LIESEK, LO","  53.0","24","  45.9","24","9999.9"," 0","940.4","24"," 39.8","15","  5.5","24"," 11.7","999.9","  67.5"," ","  41.7"," "," 0.00","G","999.9","000000"
"11918099999","2019-10-14","49.3666666","19.6833333","693.0","LIESEK, LO","  54.6","24","  48.9","24","9999.9"," 0","939.7","24"," 37.1","15","  5.2","24"," 13.6","999.9","  69.8"," ","  43.5"," "," 0.00","G","999.9","000000"
"11918099999","2019-10-15","49.3666666","19.6833333","693.0","LIESEK, LO","  55.9","24","  44.8","24","9999.9"," 0","934.4","24"," 32.5","15","  5.5","24"," 11.7","999.9","  72.1"," ","  43.7"," "," 0.00","G","999.9","100000"
"11918099999","2019-10-16","49.3666666","19.6833333","693.0","LIESEK, LO","  54.7","24","  47.5","24","9999.9"," 0","934.6","24"," 21.0","15","  8.7","24"," 17.5"," 23.3","  63.1"," ","  43.0","*"," 0.00","G","999.9","010000"
"11918099999","2019-10-17","49.3666666","19.6833333","693.0","LIESEK, LO","  47.5","24","  42.2","24","9999.9"," 0","938.3","24"," 29.1","15","  4.5","24"," 11.7","999.9","  62.6"," ","  36.3"," "," 0.00","G","999.9","100000"
"11918099999","2019-10-18","49.3666666","19.6833333","693.0","LIESEK, LO","  49.6","24","  42.7","24","9999.9"," 0","935.8","24"," 24.5","15","  4.8","24"," 13.6","999.9","  64.8"," ","  34.9"," "," 0.00","G","999.9","100000"
"11918099999","2019-10-19","49.3666666","19.6833333","693.0","LIESEK, LO","  49.3","24","  44.1","24","9999.9"," 0","935.2","24"," 22.6","15","  4.8","24"," 11.7","999.9","  62.8"," ","  37.6"," "," 0.00","G","999.9","100000"
"11918099999","2019-10-20","49.3666666","19.6833333","693.0","LIESEK, LO","  53.4","24","  45.4","24","9999.9"," 0","936.3","24"," 31.8","16","  7.0","24"," 15.5","999.9","  68.5"," ","  42.8"," "," 0.00","G","999.9","000000"
"11918099999","2019-10-21","49.3666666","19.6833333","693.0","LIESEK, LO","  54.3","24","  47.7","24","9999.9"," 0","939.8","24"," 34.6","16","  5.2","24"," 11.7","999.9","  72.1"," ","  42.4"," "," 0.00","G","999.9","000000"
"11918099999","2019-10-22","49.3666666","19.6833333","693.0","LIESEK, LO","  51.9","24","  48.3","22","9999.9"," 0","943.1","24"," 22.7","16","  2.3","24","  3.9","999.9","  71.2"," ","  39.0"," "," 0.00","G","999.9","100000"
"11918099999","2019-10-23","49.3666666","19.6833333","693.0","LIESEK, LO","  51.5","24","  47.8","24","9999.9"," 0","941.0","24"," 17.5","13","  3.4","23","  7.8","999.9","  69.3"," ","  42.8"," "," 0.00","G","999.9","100000"
"11918099999","2019-10-24","49.3666666","19.6833333","693.0","LIESEK, LO","  53.5","24","  43.2","24","9999.9"," 0","936.4","24"," 26.7","15","  5.2","24","  7.8","999.9","  75.2"," ","  41.0"," "," 0.00","G","999.9","100000"
"11918099999","2019-10-25","49.3666666","19.6833333","693.0","LIESEK, LO","  52.4","24","  41.9","24","9999.9"," 0","940.4","24"," 31.7","15","  5.3","24","  9.7","999.9","  70.3"," ","  39.0"," "," 0.00","G","999.9","000000"
"11918099999","2019-10-26","49.3666666","19.6833333","693.0","LIESEK, LO","  50.0","24","  42.8","23","9999.9"," 0","941.7","24"," 21.1","15","  5.5","24"," 13.6","999.9","  65.7"," ","  36.0"," "," 0.00","G","999.9","100000"
"11918099999","2019-10-27","49.3666666","19.6833333","693.0","LIESEK, LO","  55.1","24","  44.5","24","9999.9"," 0","938.0","24"," 28.7","16","  9.5","24"," 15.5","999.9","  67.3"," ","  46.4","*"," 0.00","G","999.9","000000"
"11918099999","2019-10-28","49.3666666","19.6833333","693.0","LIESEK, LO","  40.9","24","  39.4","24","9999.9"," 0","938.0","24","  9.4","16","  3.6","24","  5.8","999.9","  47.3","*","  30.4","*"," 0.01","G","999.9","010000"
"11918099999","2019-10-29","49.3666666","19.6833333","693.0","LIESEK, LO","  35.6","24","  33.0","24","9999.9"," 0","939.5","24"," 14.8","15","  3.6","24","  5.8","999.9","  43.5"," ","  27.1"," "," 0.07","G","999.9","110000"
"11918099999","2019-10-30","49.3666666","19.6833333","693.0","LIESEK, LO","  33.1","24","  29.7","24","9999.9"," 0","944.4","24"," 14.7","15","  5.2","24","  7.8","999.9","  38.5"," ","  23.9","*"," 0.01","G","999.9","000000"
"11918099999","2019-10-31","49.3666666","19.6833333","693.0","LIESEK, LO","  27.1","24","  23.4","24","9999.9"," 0","943.6","24"," 12.0","15","  2.3","23","  5.8","999.9","  41.7"," ","  19.9"," "," 0.00","G","999.9","100000"
"11918099999","2019-11-01","49.3666666","19.6833333","693.0","LIESEK, LO","  30.1","24","  24.4","24","9999.9"," 0","937.8","24"," 24.6","15","  3.1","24","  5.8","999.9","  45.0"," ","  18.9"," "," 0.00","G","999.9","100000"
"11918099999","2019-11-02","49.3666666","19.6833333","693.0","LIESEK, LO","  40.0","24","  34.3","24","9999.9"," 0","924.7","24"," 23.0","15"," 11.5","24"," 19.4"," 21.4","  48.4"," ","  27.3"," "," 0.00","G","999.9","000000"
"11918099999","2019-11-03","49.3666666","19.6833333","693.0","LIESEK, LO","  52.6","24","  44.4","24","9999.9"," 0","918.3","24"," 24.4","15"," 12.2","24"," 21.4"," 33.0","  60.8"," ","  37.0"," "," 0.00","G","999.9","000000"
"11918099999","2019-11-04","49.3666666","19.6833333","693.0","LIESEK, LO","  49.9","24","  46.0","24","9999.9"," 0","916.0","24"," 13.3","15","  8.9","24"," 13.6"," 21.4","  58.6","*","  43.2","*"," 0.00","G","999.9","010000"
"11918099999","2019-11-05","49.3666666","19.6833333","693.0","LIESEK, LO","  44.4","24","  42.3","22","9999.9"," 0","919.6","24"," 10.6","16","  6.6","24"," 15.5","999.9","  47.5","*","  42.4"," "," 0.22","G","999.9","010000"
"11918099999","2019-11-06","49.3666666","19.6833333","693.0","LIESEK, LO","  40.3","24","  37.0","24","9999.9"," 0","923.2","24"," 22.5","16","  5.4","24"," 11.7","999.9","  47.5"," ","  31.1","*"," 0.92","G","999.9","010000"
"11918099999","2019-11-07","49.3666666","19.6833333","693.0","LIESEK, LO","  38.2","19","  36.0","19","9999.9"," 0","927.1","19"," 12.1","11","  3.1","19","  5.8","999.9","  48.4","*","  31.1"," "," 0.16","G","999.9","110000"
"11918099999","2019-11-08","49.3666666","19.6833333","693.0","LIESEK, LO","  33.0","24","  32.7","23","9999.9"," 0","929.1","24","  0.5","15","  2.0","24","  5.8","999.9","  43.2"," ","  27.0"," "," 0.02","G","999.9","100000"
"11918099999","2019-11-09","49.3666666","19.6833333","693.0","LIESEK, LO","  40.0","24","9999.9"," 0","9999.9"," 0","928.5","24","  9.5","13","  4.0","24","  7.8","999.9","  49.3"," ","  29.8"," "," 0.00","G","999.9","110000"
"11918099999","2019-11-10","49.3666666","19.6833333","693.0","LIESEK, LO","  38.2","24","  37.8","24","9999.9"," 0","930.0","24","  5.2","15","  5.4","24","  9.7","999.9","  42.8","*","  32.9","*"," 0.12","G","999.9","010000"
"11918099999","2019-11-11","49.3666666","19.6833333","693.0","LIESEK, LO","  35.1","24","  33.8","22","9999.9"," 0","933.7","24"," 18.1","15","  3.5","24","  7.8","999.9","  40.3"," ","  32.2"," "," 0.60","G","999.9","100000"
"11918099999","2019-11-12","49.3666666","19.6833333","693.0","LIESEK, LO","  44.5","24","  40.1","24","9999.9"," 0","928.3","24"," 25.7","15","  5.7","24"," 15.5"," 27.2","  57.6","*","  32.0"," "," 0.00","G","999.9","010000"
"11918099999","2019-11-13","49.3666666","19.6833333","693.0","LIESEK, LO","  53.4","24","  46.5","24","9999.9"," 0","922.1","24"," 22.8","15","  8.7","24"," 23.3"," 42.7","  59.9"," ","  44.1"," "," 0.19","G","999.9","010000"
"11918099999","2019-11-14","49.3666666","19.6833333","693.0","LIESEK, LO","  38.8","24","  37.4","24","9999.9"," 0","930.2","24"," 14.1","15","  4.3","24"," 15.5","999.9","  42.6"," ","  34.7","*"," 0.15","G","999.9","110000"
"11918099999","2019-11-15","49.3666666","19.6833333","693.0","LIESEK, LO","  41.2","24","  39.4","23","9999.9"," 0","931.5","24"," 11.6","15","  2.5","24","  5.8","999.9","  52.0"," ","  32.4","*"," 0.01","G","999.9","100000"
"11918099999","2019-11-16","49.3666666","19.6833333","693.0","LIESEK, LO","  50.4","24","  41.5","24","9999.9"," 0","933.5","24"," 19.7","15","  6.2","24"," 11.7","999.9","  58.5"," ","  40.8"," "," 0.00","G","999.9","000000"
"11918099999","2019-11-17","49.3666666","19.6833333","693.0","LIESEK, LO","  46.4","24","  39.9","24","9999.9"," 0","934.7","24"," 21.0","15","  2.8","24","  9.7","999.9","  61.0"," ","  37.9"," "," 0.00","G","999.9","100000"
"11918099999","2019-11-18","49.3666666","19.6833333","693.0","LIESEK, LO","  48.9","24","  38.9","24","9999.9"," 0","932.3","24"," 26.9","15","  6.6","24"," 11.7"," 19.4","  56.8"," ","  38.5","*"," 0.00","G","999.9","010000"
"11918099999","2019-11-19","49.3666666","19.6833333","693.0","LIESEK, LO","  40.4","24","  35.3","24","9999.9"," 0","939.6","24"," 35.2","15","  3.1","24","  7.8","999.9","  47.3"," ","  35.8"," "," 0.00","G","999.9","000000"
"11918099999","2019-11-20","49.3666666","19.6833333","693.0","LIESEK, LO","  40.2","24","  37.6","24","9999.9"," 0","936.2","24"," 12.8","15","  2.3","23","  5.8","999.9","  47.5"," ","  34.5"," "," 0.00","G","999.9","100000"
"11918099999","2019-11-21","49.3666666","19.6833333","693.0","LIESEK, LO","  42.2","24","  39.9","23","9999.9"," 0","933.0","24"," 12.4","15","  2.7","24","  7.8","999.9","  46.0"," ","  38.1"," "," 0.00","G","999.9","110000"
"11918099999","2019-11-22","49.3666666","19.6833333","693.0","LIESEK, LO","  41.4","24","  39.4","24","9999.9"," 0","935.1","24"," 17.4","15","  3.0","24","  5.8","999.9","  49.8"," ","  37.2","*"," 0.03","G","999.9","100000"
"11918099999","2019-11-23","49.3666666","19.6833333","693.0","LIESEK, LO","  35.9","19","  32.7","19","9999.9"," 0","933.9","19"," 33.0","11","  3.8","19","  5.8","999.9","  50.7"," ","  29.8","*"," 0.00","G","999.9","000000"
"11918099999","2019-11-24","49.3666666","19.6833333","693.0","LIESEK, LO","  36.1","24","  32.7","24","9999.9"," 0","933.5","24"," 23.8","15","  3.3","24","  5.8","999.9","  49.8"," ","  27.3"," "," 0.00","G","999.9","100000"
"11918099999","2019-11-25","49.3666666","19.6833333","693.0","LIESEK, LO","  36.9","24","  33.8","24","9999.9"," 0","932.4","24"," 19.4","15","  4.1","24","  9.7","999.9","  49.6"," ","  29.7"," "," 0.00","G","999.9","100000"
"11918099999","2019-11-26","49.3666666","19.6833333","693.0","LIESEK, LO","  37.7","20","  35.7","20","9999.9"," 0","930.4","20","  9.4","11","  6.0","20"," 11.7","999.9","  47.8"," ","  27.7"," "," 0.00","G","999.9","000000"
"11918099999","2019-11-27","49.3666666","19.6833333","693.0","LIESEK, LO","  44.1","24","  37.9","24","9999.9"," 0","923.9","24"," 15.7","15","  7.6","24"," 13.6"," 21.4","  53.1"," ","  34.5"," "," 0.00","G","999.9","000000"
"11918099999","2019-11-28","49.3666666","19.6833333","693.0","LIESEK, LO","  43.5","24","  40.2","24","9999.9"," 0","921.3","24"," 21.5","15","  9.9","24"," 13.6","999.9","  46.4"," ","  41.4"," "," 0.00","G","999.9","010000"
"11918099999","2019-11-29","49.3666666","19.6833333","693.0","LIESEK, LO","  40.5","24","  37.5","24","9999.9"," 0","923.3","24"," 17.6","15","  9.6","24"," 15.5","999.9","  43.2"," ","  33.8","*"," 0.01","G","999.9","010000"
"11918099999","2019-11-30","49.3666666","19.6833333","693.0","LIESEK, LO","  28.5","24","  23.1","24","9999.9"," 0","936.2","24"," 18.6","15","  6.1","24"," 15.5"," 19.4","  34.3","*","  20.5","*"," 0.14","G","  0.4","011000"
"11918099999","2019-12-01","49.3666666","19.6833333","693.0","LIESEK, LO","  25.6","24","  20.6","24","9999.9"," 0","940.0","24"," 37.9","15","  3.7","24","  7.8","999.9","  34.7"," ","  19.8"," "," 0.00","G","999.9","000000"
"11918099999","2019-12-02","49.3666666","19.6833333","693.0","LIESEK, LO","  28.4","24","  23.3","24","9999.9"," 0","935.5","24"," 14.5","15","  4.9","24","  9.7","999.9","  29.8"," ","  21.6"," "," 0.00","G","999.9","001000"
"11918099999","2019-12-03","49.3666666","19.6833333","693.0","LIESEK, LO","  24.1","24","  21.3","24","9999.9"," 0","941.5","24"," 14.2","15","  4.4","24","  9.7","999.9","  30.4"," ","  10.9","*"," 0.07","G","  2.0","001000"
"11918099999","2019-12-04","49.3666666","19.6833333","693.0","LIESEK, LO","  21.6","23","  17.1","23","9999.9"," 0","944.1","23"," 32.4","14","  7.4","23"," 13.6","999.9","  30.0"," ","  10.8"," "," 0.07","G","  1.6","000000"
"11918099999","2019-12-05","49.3666666","19.6833333","693.0","LIESEK, LO","  26.4","24","  17.7","24","9999.9"," 0","941.3","24"," 41.6","15","  9.0","24"," 19.4","999.9","  36.5","*","  17.6"," "," 0.00","G","  1.2","000000"
"11918099999","2019-12-06","49.3666666","19.6833333","693.0","LIESEK, LO","  22.9","24","  19.6","24","9999.9"," 0","936.1","24"," 23.8","15"," 14.8","24"," 19.4","999.9","  28.9","*","  19.9"," "," 1.18","G","  0.8","000000"
"11918099999","2019-12-07","49.3666666","19.6833333","693.0","LIESEK, LO","  28.7","24","  26.6","24","9999.9"," 0","932.2","24"," 14.0","15"," 12.9","24"," 19.4","999.9","  36.5","*","  18.9"," "," 0.79","G","999.9","011000"
"11918099999","2019-12-08","49.3666666","19.6833333","693.0","LIESEK, LO","  36.6","24","  33.2","24","9999.9"," 0","930.8","24"," 23.4","15"," 13.3","24"," 21.4"," 31.1","  41.9","*","  34.0"," "," 0.02","G","  1.2","010000"
"11918099999","2019-12-09","49.3666666","19.6833333","693.0","LIESEK, LO","  35.1","24","  32.5","24","9999.9"," 0","925.9","24"," 18.5","15"," 11.2","24"," 17.5","999.9","  39.6"," ","  33.1","*"," 0.00","G","999.9","000000"
"11918099999","2019-12-10","49.3666666","19.6833333","693.0","LIESEK, LO","  32.1","24","  28.8","24","9999.9"," 0","936.0","24"," 15.5","15","  5.7","24"," 15.5","999.9","  34.9","*","  29.3","*"," 0.00","G","999.9","011000"
"11918099999","2019-12-11","49.3666666","19.6833333","693.0","LIESEK, LO","  24.4","24","  19.5","24","9999.9"," 0","934.8","24"," 27.7","13","  3.3","24","  7.8","999.9","  33.3","*","  18.7","*"," 0.01","G","999.9","000000"
"11918099999","2019-12-12","49.3666666","19.6833333","693.0","LIESEK, LO","  29.2","24","  25.3","24","9999.9"," 0","924.8","24"," 16.0","13","  3.6","24","  7.8","999.9","  38.7","*","  18.5"," "," 0.00","G","999.9","001000"
"11918099999","2019-12-13","49.3666666","19.6833333","693.0","LIESEK, LO","  35.0","24","  27.9","24","9999.9"," 0","912.0","24"," 14.5","13","  8.4","24"," 15.5"," 25.3","  38.7","*","  28.9"," "," 0.01","G","999.9","011000"
"11918099999","2019-12-14","49.3666666","19.6833333","693.0","LIESEK, LO","  35.0","24","  31.4","24","9999.9"," 0","917.2","24"," 17.8","15","  9.8","24"," 15.5"," 23.3","  39.4","*","  30.4"," "," 0.00","G","999.9","010000"
"11918099999","2019-12-15","49.3666666","19.6833333","693.0","LIESEK, LO","  38.9","24","  31.3","24","9999.9"," 0","928.7","24"," 36.9","15"," 13.4","24"," 17.5"," 29.1","  44.8","*","  33.8"," "," 0.01","G","999.9","000000"
"11918099999","2019-12-16","49.3666666","19.6833333","693.0","LIESEK, LO","  39.9","24","  35.6","24","9999.9"," 0","934.5","24"," 33.1","15","  6.8","24"," 15.5","999.9","  44.6","*","  32.9"," "," 0.00","G","999.9","000000"
"11918099999","2019-12-17","49.3666666","19.6833333","693.0","LIESEK, LO","  44.0","24","  37.5","24","9999.9"," 0","933.5","24"," 33.3","15"," 11.0","24"," 21.4"," 31.1","  51.3","*","  32.9","*"," 0.00","G","999.9","000000"
"11918099999","2019-12-18","49.3666666","19.6833333","693.0","LIESEK, LO","  46.7","24","  40.4","24","9999.9"," 0","938.6","24"," 30.0","13","  9.8","24"," 17.5"," 23.3","  54.7","*","  35.8","*"," 0.00","G","999.9","000000"
"11918099999","2019-12-19","49.3666666","19.6833333","693.0","LIESEK, LO","  37.3","23","  35.8","23","9999.9"," 0","941.3","23","  8.7","12","  3.5","23","  5.8","999.9","  44.8","*","  31.1"," "," 0.00","G","999.9","100000"
"11918099999","2019-12-20","49.3666666","19.6833333","693.0","LIESEK, LO","  49.2","24","  36.9","24","9999.9"," 0","926.5","24"," 28.4","15"," 12.3","24"," 21.4"," 36.9","  57.6","*","  36.1"," "," 0.00","G","999.9","000000"
"11918099999","2019-12-21","49.3666666","19.6833333","693.0","LIESEK, LO","  46.7","24","  40.6","23","9999.9"," 0","916.1","24"," 18.1","15"," 10.1","24"," 21.4"," 36.9","  51.3","*","  41.4","*"," 0.00","G","999.9","010000"
"11918099999","2019-12-22","49.3666666","19.6833333","693.0","LIESEK, LO","  39.2","24","  38.1","23","9999.9"," 0","910.5","24"," 16.5","15","  5.3","24"," 13.6","999.9","  43.0","*","  36.0","*"," 0.14","G","999.9","000000"
"11918099999","2019-12-23","49.3666666","19.6833333","693.0","LIESEK, LO","  33.6","24","  33.3","23","9999.9"," 0","917.1","24","  3.8","16","  3.5","24","  7.8","999.9","  37.4","*","  32.2"," "," 0.49","G","  0.4","011000"
"11918099999","2019-12-24","49.3666666","19.6833333","693.0","LIESEK, LO","  34.1","24","  32.5","24","9999.9"," 0","928.6","24"," 11.0","16","  3.7","24","  9.7","999.9","  35.1","*","  32.4","*"," 0.56","G","999.9","011000"
"11918099999","2019-12-25","49.3666666","19.6833333","693.0","LIESEK, LO","  33.0","24","  32.5","22","9999.9"," 0","929.0","24","  5.7","15","  4.6","24","  9.7","999.9","  35.1","*","  30.7"," "," 0.04","G","999.9","011000"
"11918099999","2019-12-26","49.3666666","19.6833333","693.0","LIESEK, LO","  31.8","24","  30.8","24","9999.9"," 0","937.1","24","  7.9","15","  4.6","24","  9.7","999.9","  33.1","*","  31.1","*"," 0.15","G","999.9","001000"
"11918099999","2019-12-27","49.3666666","19.6833333","693.0","LIESEK, LO","  30.0","24","  28.5","24","9999.9"," 0","939.5","24","  7.5","15","  3.2","24","  7.8","999.9","  31.6","*","  28.4","*"," 0.10","G","999.9","001000"
"11918099999","2019-12-28","49.3666666","19.6833333","693.0","LIESEK, LO","  25.4","24","  22.9","24","9999.9"," 0","947.3","24","  7.0","15","  9.1","24"," 15.5","999.9","  28.0","*","  22.1","*"," 0.19","G","999.9","001000"
"11918099999","2019-12-29","49.3666666","19.6833333","693.0","LIESEK, LO","  21.9","23","  18.4","23","9999.9"," 0","952.3","23"," 10.4","15","  5.7","23","  9.7","999.9","  24.1","*","  12.2","*"," 0.07","G","999.9","001000"
"11918099999","2019-12-30","49.3666666","19.6833333","693.0","LIESEK, LO","  22.0","24","  16.7","24","9999.9"," 0","949.8","24"," 26.5","15","  8.4","24"," 17.5","999.9","  29.5","*","   6.3"," "," 0.02","G","  3.5","000000"
"11918099999","2019-12-31","49.3666666","19.6833333","693.0","LIESEK, LO","  33.0","24","  23.0","24","9999.9"," 0","943.4","24"," 28.3","15"," 11.9","24"," 21.4","999.9","  39.6","*","  28.0"," "," 2.76","G","  2.4","011000"
