"STATION","DATE","LATITUDE","LONGITUDE","ELEVATION","NAME","TEMP","TEMP_ATTRIBUTES","DEWP","DEWP_ATTRIBUTES","SLP","SLP_ATTRIBUTES","STP","STP_ATTRIBUTES","VISIB","VISIB_ATTRIBUTES","WDSP","WDSP_ATTRIBUTES","MXSPD","GUST","MAX","MAX_ATTRIBUTES","MIN","MIN_ATTRIBUTES","PRCP","PRCP_ATTRIBUTES","SNDP","FRSHTT"
"15465099999","2019-01-01","44.0166666","23.3333333","58.0","BAILESTI, RO","  34.2","24","  32.4","23","1025.6","23","018.1","23","  1.4","14","  3.0","23","  5.8","999.9","  37.6"," ","  28.4","*"," 0.00","I","999.9","000000"
"15465099999","2019-01-02","44.0166666","23.3333333","58.0","BAILESTI, RO","  34.7","24","  28.9","23","1013.6","23","006.3","23","  6.2","14"," 10.1","23"," 25.3"," 33.0","  44.2"," ","  27.1","*"," 0.00","I","999.9","000000"
"15465099999","2019-01-03","44.0166666","23.3333333","58.0","BAILESTI, RO","  33.4","24","  25.7","23","1016.4","23","009.0","23","  6.2","14","  9.4","23"," 13.6"," 19.4","  41.4"," ","  28.4","*"," 0.00","I","999.9","000000"
"15465099999","2019-01-04","44.0166666","23.3333333","58.0","BAILESTI, RO","  27.6","24","  19.3","23","1024.2","23","016.7","23","  6.2","14","  6.7","23","  9.7"," 13.6","  33.1"," ","  21.7","*"," 0.00","I","  1.6","000000"
"15465099999","2019-01-05","44.0166666","23.3333333","58.0","BAILESTI, RO","  25.0","24","  17.6","23","1019.4","23","011.8","23","  5.9","14","  7.3","23"," 13.6"," 19.4","  33.3"," ","  14.5","*"," 0.00","I","  0.4","000000"
"15465099999","2019-01-06","44.0166666","23.3333333","58.0","BAILESTI, RO","  31.6","24","  24.9","23","1013.3","23","005.9","23","  6.2","14","  7.1","23"," 11.7"," 13.6","  38.3"," ","  25.7"," "," 0.00","I","  0.4","000000"
"15465099999","2019-01-07","44.0166666","23.3333333","58.0","BAILESTI, RO","  24.9","24","  19.5","23","1024.4","23","016.9","23","  5.0","13","  6.0","23","  7.8"," 13.6","  30.7","*","  16.0"," ","99.99"," ","999.9","001000"
"15465099999","2019-01-08","44.0166666","23.3333333","58.0","BAILESTI, RO","  23.0","24","  15.3","23","1019.5","23","011.9","23","  6.2","14","  4.7","23","  7.8"," 13.6","  33.3"," ","  13.6","*"," 0.00","I","  0.4","000000"
"15465099999","2019-01-09","44.0166666","23.3333333","58.0","BAILESTI, RO","  29.3","24","  22.5","23","1007.7","23","000.3","23","  6.2","14","  3.4","23","  5.8"," 11.7","  36.9"," ","  21.4"," "," 0.00","I","999.9","000000"
"15465099999","2019-01-10","44.0166666","23.3333333","58.0","BAILESTI, RO","  31.8","24","  30.7","23","1007.9","23","000.6","23","  1.7","14","  1.9","23","  3.9","999.9","  34.0"," ","  30.2","*"," 0.04","A","  0.4","001000"
"15465099999","2019-01-11","44.0166666","23.3333333","58.0","BAILESTI, RO","  29.7","24","  24.9","23","1015.8","23","008.3","23","  5.9","14"," 11.0","23"," 17.5"," 23.3","  33.6"," ","  25.7","*"," 0.04","A","  3.9","000000"
"15465099999","2019-01-12","44.0166666","23.3333333","58.0","BAILESTI, RO","  27.2","24","  19.8","23","1016.3","23","008.8","23","  6.2","14","  9.8","23"," 13.6"," 19.4","  34.2"," ","  20.3"," "," 0.00","I","  3.5","000000"
"15465099999","2019-01-13","44.0166666","23.3333333","58.0","BAILESTI, RO","  20.6","24","  18.4","23","1009.9","23","002.4","23","  1.5","14","  2.8","23","  5.8","  9.7","  29.1"," ","  13.3","*"," 0.00","I","  3.1","100000"
"15465099999","2019-01-14","44.0166666","23.3333333","58.0","BAILESTI, RO","  30.0","24","  25.0","23"," 999.9","23","992.6","23","  4.9","14","  8.6","23"," 17.5"," 21.4","  40.3"," ","  11.8","*"," 0.00","I","  1.6","000000"
"15465099999","2019-01-15","44.0166666","23.3333333","58.0","BAILESTI, RO","  31.2","24","  22.1","23","1011.3","23","004.0","23","  6.2","14"," 14.4","23"," 21.4"," 27.2","  34.9","*","  25.3","*"," 0.00","I","  1.2","000000"
"15465099999","2019-01-16","44.0166666","23.3333333","58.0","BAILESTI, RO","  36.3","24","  26.7","23","1015.3","23","008.0","23","  6.2","14"," 10.9","23"," 17.5"," 25.3","  43.5"," ","  28.9","*"," 0.00","I","  0.4","000000"
"15465099999","2019-01-17","44.0166666","23.3333333","58.0","BAILESTI, RO","  37.9","24","  30.3","23","1016.8","23","009.5","23","  6.2","14","  3.4","23","  7.8","999.9","  51.6"," ","  31.1"," "," 0.00","I","999.9","000000"
"15465099999","2019-01-18","44.0166666","23.3333333","58.0","BAILESTI, RO","  35.6","24","  31.1","23","1015.4","23","008.1","23","  4.0","14","  3.0","23","  5.8","999.9","  46.2"," ","  28.6","*"," 0.00","I","999.9","000000"
"15465099999","2019-01-19","44.0166666","23.3333333","58.0","BAILESTI, RO","  35.4","24","  31.8","23","1020.7","23","013.3","23","  4.8","14","  6.9","23"," 11.7"," 15.5","  40.8"," ","  33.1","*","99.99"," ","999.9","011000"
"15465099999","2019-01-20","44.0166666","23.3333333","58.0","BAILESTI, RO","  32.6","24","  30.4","23","1018.6","23","011.2","23","  2.4","14","  4.4","23","  7.8"," 11.7","  34.2"," ","  30.4","*"," 0.01","A","999.9","011000"
"15465099999","2019-01-21","44.0166666","23.3333333","58.0","BAILESTI, RO","  35.5","24","  30.9","23","1020.1","23","012.7","23","  6.2","14","  7.8","23"," 11.7"," 15.5","  41.4"," ","  32.0","*"," 0.00","I","999.9","000000"
"15465099999","2019-01-22","44.0166666","23.3333333","58.0","BAILESTI, RO","  30.8","24","  27.9","23","1016.2","23","008.7","23","  3.5","14","  7.1","23","  9.7"," 17.5","  34.0","*","  29.8"," ","99.99"," ","999.9","001000"
"15465099999","2019-01-23","44.0166666","23.3333333","58.0","BAILESTI, RO","  31.5","24","  30.6","23","1004.1","23","996.8","23","  0.4","14","  2.1","23","  3.9","999.9","  32.7"," ","  30.2","*"," 0.08","A","999.9","110000"
"15465099999","2019-01-24","44.0166666","23.3333333","58.0","BAILESTI, RO","  33.3","24","  32.4","23","1001.0","23","993.7","23","  1.7","14","  4.1","23","  5.8"," 11.7","  35.4"," ","  32.0","*"," 0.01","A","999.9","011000"
"15465099999","2019-01-25","44.0166666","23.3333333","58.0","BAILESTI, RO","  31.5","24","  30.3","23","1007.0","23","999.6","23","  1.1","18","  6.1","23","  9.7"," 15.5","  32.0","*","  30.7"," "," 0.00","A","  0.4","011000"
"15465099999","2019-01-26","44.0166666","23.3333333","58.0","BAILESTI, RO","  30.9","24","  28.4","23","1007.2","23","999.9","23","  1.8","19","  7.8","23"," 11.7"," 17.5","  32.9"," ","  26.6","*","99.99"," ","999.9","011000"
"15465099999","2019-01-27","44.0166666","23.3333333","58.0","BAILESTI, RO","  30.0","24","  25.4","23","1008.7","23","001.3","23","  5.9","14","  6.2","23"," 11.7","999.9","  36.9"," ","  25.5"," "," 0.00","I","  4.7","000000"
"15465099999","2019-01-28","44.0166666","23.3333333","58.0","BAILESTI, RO","  29.9","24","  28.6","23","1005.6","23","998.2","23","  0.8","14","  3.0","23","  5.8","  9.7","  31.1"," ","  28.6"," "," 0.00","I","  4.7","100000"
"15465099999","2019-01-29","44.0166666","23.3333333","58.0","BAILESTI, RO","  31.4","24","  30.3","23","1006.6","23","999.2","23","  0.9","14","  2.1","23","  3.9","  9.7","  34.5"," ","  29.7"," "," 0.00","I","  3.9","100000"
"15465099999","2019-01-30","44.0166666","23.3333333","58.0","BAILESTI, RO","  33.2","24","  32.3","23","1003.3","23","996.0","23","  0.3","14","  2.6","23","  3.9","999.9","  35.4"," ","  32.0","*"," 0.04","A","999.9","110000"
"15465099999","2019-01-31","44.0166666","23.3333333","58.0","BAILESTI, RO","  33.9","24","  32.4","23","1004.3","23","997.0","23","  0.8","14","  1.9","23","  3.9","999.9","  43.2"," ","  29.8","*"," 0.12","A","  0.8","100000"
"15465099999","2019-02-01","44.0166666","23.3333333","58.0","BAILESTI, RO","  35.1","24","  32.5","23","1012.6","23","005.3","23","  4.2","14","  3.3","23","  5.8","  9.7","  48.2"," ","  24.4","*"," 0.00","I","  0.8","100000"
"15465099999","2019-02-02","44.0166666","23.3333333","58.0","BAILESTI, RO","  37.0","24","  33.9","23","1013.5","23","006.2","23","  5.4","14","  2.7","23","  3.9","999.9","  45.3"," ","  31.6","*"," 0.00","I","999.9","000000"
"15465099999","2019-02-03","44.0166666","23.3333333","58.0","BAILESTI, RO","  37.0","24","  35.1","23","1013.4","23","006.1","23","  1.9","14","  2.4","23","  3.9"," 11.7","  43.3"," ","  32.0","*"," 0.00","I","999.9","100000"
"15465099999","2019-02-04","44.0166666","23.3333333","58.0","BAILESTI, RO","  40.8","24","  37.4","23","1022.2","23","014.9","23","  5.4","14","  6.8","23"," 13.6"," 19.4","  52.3"," ","  34.7","*"," 0.00","I","999.9","000000"
"15465099999","2019-02-05","44.0166666","23.3333333","58.0","BAILESTI, RO","  40.7","24","  38.9","23","1026.1","23","018.7","23","  1.5","14","  5.3","23","  9.7"," 17.5","  42.4"," ","  38.3","*"," 0.01","A","999.9","010000"
"15465099999","2019-02-06","44.0166666","23.3333333","58.0","BAILESTI, RO","  40.3","24","  38.5","23","1024.2","23","016.9","23","  4.0","14","  3.6","23","  7.8"," 11.7","  43.5"," ","  36.5","*"," 0.00","I","999.9","100000"
"15465099999","2019-02-07","44.0166666","23.3333333","58.0","BAILESTI, RO","  35.8","24","  31.2","23","1025.9","23","018.5","23","  5.7","14","  5.7","23","  9.7"," 15.5","  39.0"," ","  32.9","*"," 0.03","A","999.9","000000"
"15465099999","2019-02-08","44.0166666","23.3333333","58.0","BAILESTI, RO","  36.9","24","  30.8","23","1023.1","23","015.7","23","  4.9","14","  2.9","23","  5.8","999.9","  40.8"," ","  34.7"," "," 0.00","I","999.9","000000"
"15465099999","2019-02-09","44.0166666","23.3333333","58.0","BAILESTI, RO","  37.3","24","  28.8","23","1022.2","23","014.8","23","  6.2","14","  2.3","23","  3.9","999.9","  45.5"," ","  31.6","*"," 0.00","I","999.9","000000"
"15465099999","2019-02-10","44.0166666","23.3333333","58.0","BAILESTI, RO","  37.2","24","  32.1","23","1019.4","23","012.0","23","  5.7","14","  2.7","23","  5.8","999.9","  49.3"," ","  27.1"," "," 0.00","I","999.9","000000"
"15465099999","2019-02-11","44.0166666","23.3333333","58.0","BAILESTI, RO","  39.2","24","  35.4","23","1008.6","23","001.4","23","  3.9","14","  4.5","23"," 11.7","999.9","  48.7"," ","  29.8"," "," 0.00","I","999.9","000000"
"15465099999","2019-02-12","44.0166666","23.3333333","58.0","BAILESTI, RO","  39.5","24","  32.8","23","1013.0","23","005.7","23","  6.2","14"," 17.4","23"," 21.4"," 33.0","  45.0"," ","  34.0","*"," 0.10","B","999.9","010000"
"15465099999","2019-02-13","44.0166666","23.3333333","58.0","BAILESTI, RO","  34.6","24","  28.5","23","1030.7","23","023.2","23","  6.2","14","  5.3","23"," 11.7","999.9","  42.4"," ","  31.3","*"," 0.00","I","999.9","000000"
"15465099999","2019-02-14","44.0166666","23.3333333","58.0","BAILESTI, RO","  37.7","24","  31.3","23","1029.7","23","022.3","23","  6.2","14","  9.2","23"," 17.5"," 23.3","  49.5"," ","  29.8","*"," 0.00","I","999.9","000000"
"15465099999","2019-02-15","44.0166666","23.3333333","58.0","BAILESTI, RO","  37.9","24","  33.0","23","1031.3","23","023.9","23","  6.2","14","  2.8","23","  5.8","  9.7","  45.5","*","  32.4","*"," 0.00","I","999.9","000000"
"15465099999","2019-02-16","44.0166666","23.3333333","58.0","BAILESTI, RO","  37.8","24","  31.8","23","1031.0","23","023.6","23","  5.2","14","  3.2","23","  5.8"," 11.7","  52.0"," ","  26.6"," "," 0.00","I","999.9","100000"
"15465099999","2019-02-17","44.0166666","23.3333333","58.0","BAILESTI, RO","  40.3","24","  33.7","23","1027.2","23","019.8","23","  5.2","14","  4.7","23","  9.7"," 13.6","  57.6"," ","  28.2"," "," 0.00","I","999.9","000000"
"15465099999","2019-02-18","44.0166666","23.3333333","58.0","BAILESTI, RO","  42.6","24","  34.3","23","1024.4","23","017.1","23","  5.6","14","  2.4","23","  3.9","999.9","  59.7"," ","  29.3"," "," 0.00","I","999.9","000000"
"15465099999","2019-02-19","44.0166666","23.3333333","58.0","BAILESTI, RO","  42.0","24","  35.3","23","1021.8","23","014.5","23","  5.7","14","  2.8","23","  5.8","999.9","  59.0"," ","  29.7"," "," 0.00","I","999.9","000000"
"15465099999","2019-02-20","44.0166666","23.3333333","58.0","BAILESTI, RO","  45.1","24","  33.2","23","1019.9","23","012.7","23","  5.4","14"," 10.2","23"," 21.4"," 33.0","  62.2"," ","  30.0"," "," 0.00","I","999.9","100000"
"15465099999","2019-02-21","44.0166666","23.3333333","58.0","BAILESTI, RO","  43.8","24","  29.6","23","1024.6","23","017.3","23","  5.9","14","  8.2","23"," 11.7"," 17.5","  56.3"," ","  30.7","*"," 0.00","I","999.9","000000"
"15465099999","2019-02-22","44.0166666","23.3333333","58.0","BAILESTI, RO","  39.2","24","  34.1","23","1018.4","23","011.1","23","  5.1","18"," 11.4","23"," 21.4"," 35.0","  49.8"," ","  26.2","*"," 0.04","A","999.9","011000"
"15465099999","2019-02-23","44.0166666","23.3333333","58.0","BAILESTI, RO","  24.7","24","  17.2","23","1037.2","23","029.5","23","  4.8","19","  6.2","23"," 15.5"," 27.2","  30.9"," ","  16.7","*","99.99"," ","  2.4","001000"
"15465099999","2019-02-24","44.0166666","23.3333333","58.0","BAILESTI, RO","  23.6","24","  16.4","23","1039.0","23","031.3","23","  5.7","14","  3.1","23","  5.8","  9.7","  32.7"," ","  11.3","*"," 0.00","I","  1.2","000000"
"15465099999","2019-02-25","44.0166666","23.3333333","58.0","BAILESTI, RO","  30.3","24","  19.7","23","1034.8","23","027.3","23","  6.2","14","  5.2","23","  9.7"," 11.7","  37.2"," ","  21.7"," "," 0.00","E","  0.4","000000"
"15465099999","2019-02-26","44.0166666","23.3333333","58.0","BAILESTI, RO","  37.3","24","  26.9","23","1021.0","23","013.7","23","  6.2","14","  9.7","23"," 17.5"," 23.3","  46.4"," ","  30.7","*"," 0.00","I","999.9","000000"
"15465099999","2019-02-27","44.0166666","23.3333333","58.0","BAILESTI, RO","  40.3","24","  29.9","23","1019.9","23","012.6","23","  6.2","14","  3.8","23","  7.8"," 11.7","  54.0"," ","  31.1","*"," 0.00","I","999.9","000000"
"15465099999","2019-02-28","44.0166666","23.3333333","58.0","BAILESTI, RO","  45.6","24","  28.9","23","1012.9","23","005.7","23","  5.9","14","  9.6","23"," 17.5"," 25.3","  63.7"," ","  28.9","*"," 0.00","I","999.9","000000"
"15465099999","2019-03-01","44.0166666","23.3333333","58.0","BAILESTI, RO","  52.5","24","  33.6","23","1007.7","23","000.6","23","  6.2","14"," 12.3","23"," 23.3"," 33.0","  65.1"," ","  38.7","*"," 0.00","I","999.9","000000"
"15465099999","2019-03-02","44.0166666","23.3333333","58.0","BAILESTI, RO","  45.6","24","  35.4","23","1011.8","23","004.6","23","  6.2","14","  7.6","23"," 19.4"," 27.2","  58.1"," ","  34.7","*"," 0.00","I","999.9","000000"
"15465099999","2019-03-03","44.0166666","23.3333333","58.0","BAILESTI, RO","  40.9","24","  30.7","23","1018.9","23","011.6","23","  6.2","14","  2.9","23","  5.8"," 11.7","  53.1"," ","  33.1","*"," 0.00","I","999.9","000000"
"15465099999","2019-03-04","44.0166666","23.3333333","58.0","BAILESTI, RO","  46.8","24","  31.0","23","1012.4","23","005.3","23","  6.2","14","  3.0","23","  5.8"," 13.6","  67.5"," ","  28.0"," "," 0.00","I","999.9","000000"
"15465099999","2019-03-05","44.0166666","23.3333333","58.0","BAILESTI, RO","  48.7","24","  36.0","23","1011.3","23","004.2","23","  6.2","14","  8.8","23"," 19.4"," 31.1","  59.4"," ","  33.8","*"," 0.00","I","999.9","000000"
"15465099999","2019-03-06","44.0166666","23.3333333","58.0","BAILESTI, RO","  50.3","24","  33.0","23","1018.4","23","011.2","23","  6.2","14","  7.2","23"," 17.5"," 27.2","  65.5"," ","  39.6","*"," 0.00","I","999.9","000000"
"15465099999","2019-03-07","44.0166666","23.3333333","58.0","BAILESTI, RO","  48.5","24","  31.5","23","1020.0","23","012.8","23","  6.2","14","  4.5","23","  5.8"," 13.6","  63.1"," ","  37.8","*"," 0.00","I","999.9","000000"
"15465099999","2019-03-08","44.0166666","23.3333333","58.0","BAILESTI, RO","  51.7","23","  36.2","22","1018.0","22","010.8","22","  6.2","13","  1.8","22","  3.9","999.9","  69.3"," ","  36.5","*"," 0.00","I","999.9","000000"
"15465099999","2019-03-09","44.0166666","23.3333333","58.0","BAILESTI, RO","  54.5","24","  41.1","23","1019.4","23","012.3","23","  6.2","14","  8.2","23"," 13.6"," 21.4","  67.1"," ","  44.8","*"," 0.00","I","999.9","000000"
"15465099999","2019-03-10","44.0166666","23.3333333","58.0","BAILESTI, RO","  58.3","23","  35.3","22","1014.7","22","007.7","22","  6.2","14","  8.1","22"," 17.5"," 29.1","  71.2"," ","  42.3","*"," 0.00","I","999.9","000000"
"15465099999","2019-03-11","44.0166666","23.3333333","58.0","BAILESTI, RO","  51.2","24","  35.9","23","1011.9","23","004.8","23","  6.2","14"," 11.1","23"," 17.5"," 27.2","  60.8"," ","  41.0","*","99.99"," ","999.9","010000"
"15465099999","2019-03-12","44.0166666","23.3333333","58.0","BAILESTI, RO","  39.5","24","  36.8","23","1017.6","23","010.3","23","  5.9","14","  3.0","23","  5.8","  9.7","  44.2"," ","  36.7"," "," 0.31","B","999.9","010000"
"15465099999","2019-03-13","44.0166666","23.3333333","58.0","BAILESTI, RO","  34.7","12","  33.2","11","1020.0","11","012.6","11","  1.8"," 5","  2.8","11","  5.8","999.9","  41.2","*","  30.2","*"," 0.00","I","999.9","100000"
"15465099999","2019-03-14","44.0166666","23.3333333","58.0","BAILESTI, RO","  40.8","24","  35.1","23","1012.2","23","004.9","23","  6.2","14","  3.3","23","  5.8","999.9","  47.3"," ","  35.1","*"," 0.00","I","999.9","000000"
"15465099999","2019-03-15","44.0166666","23.3333333","58.0","BAILESTI, RO","  42.9","24","  33.4","23","1010.0","23","002.9","23","  5.6","14","  4.0","23","  7.8"," 11.7","  58.8"," ","  29.8","*"," 0.00","I","999.9","000000"
"15465099999","2019-03-16","44.0166666","23.3333333","58.0","BAILESTI, RO","  51.8","23","  38.1","23","1011.3","23","004.2","23","  6.2","14"," 10.9","23"," 21.4"," 31.1","  66.6"," ","  35.2"," "," 0.00","G","999.9","000000"
"15465099999","2019-03-17","44.0166666","23.3333333","58.0","BAILESTI, RO","  58.7","24","  41.6","23","1013.7","23","006.7","23","  6.2","14","  5.2","23","  9.7"," 13.6","  77.5"," ","  41.4","*"," 0.00","I","999.9","000000"
"15465099999","2019-03-18","44.0166666","23.3333333","58.0","BAILESTI, RO","  59.9","24","  40.9","24","1011.8","24","004.8","24","  6.2","15","  3.6","24","  9.7"," 11.7","  77.0"," ","  41.9"," "," 0.00","G","999.9","000000"
"15465099999","2019-03-19","44.0166666","23.3333333","58.0","BAILESTI, RO","  53.8","24","  39.6","23","1017.8","23","010.7","23","  6.2","14","  9.5","23"," 15.5"," 21.4","  66.9"," ","  44.1","*"," 0.00","I","999.9","000000"
"15465099999","2019-03-20","44.0166666","23.3333333","58.0","BAILESTI, RO","  48.9","24","  39.2","23","1027.5","23","020.3","23","  6.2","14","  4.3","23","  7.8"," 11.7","  59.2"," ","  39.2","*"," 0.00","I","999.9","000000"
"15465099999","2019-03-21","44.0166666","23.3333333","58.0","BAILESTI, RO","  46.0","24","  40.5","23","1032.8","23","025.5","23","  6.2","14","  3.9","21","  7.8"," 11.7","  50.7"," ","  36.5","*"," 0.00","E","999.9","000000"
"15465099999","2019-03-22","44.0166666","23.3333333","58.0","BAILESTI, RO","  46.4","24","  34.8","23","1029.4","23","022.1","23","  4.1","14","  2.6","22","  3.9","  9.7","  63.9"," ","  33.8","*"," 0.00","E","999.9","100000"
"15465099999","2019-03-23","44.0166666","23.3333333","58.0","BAILESTI, RO","  52.6","24","  35.6","24","1023.4","24","016.3","24","  6.2","15","  4.9","24"," 11.7","999.9","  71.1"," ","  35.4"," "," 0.00","G","999.9","000000"
"15465099999","2019-03-24","44.0166666","23.3333333","58.0","BAILESTI, RO","  52.3","24","  27.9","24","1021.3","24","014.1","24","  6.2","15","  3.7","24","  9.7","999.9","  67.8"," ","  37.6"," "," 0.00","G","999.9","000000"
"15465099999","2019-03-25","44.0166666","23.3333333","58.0","BAILESTI, RO","  53.8","24","  32.8","24","1010.6","24","003.6","24","  6.2","15","  4.8","24","  9.7"," 15.5","  74.3"," ","  34.9"," "," 0.00","G","999.9","000000"
"15465099999","2019-03-26","44.0166666","23.3333333","58.0","BAILESTI, RO","  51.7","24","  34.7","23","1015.4","23","008.3","23","  6.2","14"," 10.3","23"," 17.5"," 25.3","  61.9"," ","  41.4","*"," 0.00","I","999.9","000000"
"15465099999","2019-03-27","44.0166666","23.3333333","58.0","BAILESTI, RO","  46.8","24","  27.2","23","1023.2","23","016.0","23","  5.9","14","  6.8","23"," 13.6"," 23.3","  60.6"," ","  32.4","*"," 0.00","I","999.9","000000"
"15465099999","2019-03-28","44.0166666","23.3333333","58.0","BAILESTI, RO","  46.2","24","  23.3","23","1028.4","23","021.1","23","  6.2","14","  4.8","23","  9.7"," 13.6","  59.0"," ","  35.1","*"," 0.00","I","999.9","000000"
"15465099999","2019-03-29","44.0166666","23.3333333","58.0","BAILESTI, RO","  46.6","24","  27.9","23","1027.8","23","020.5","23","  6.2","14","  3.7","23","  5.8"," 11.7","  60.6"," ","  31.6","*"," 0.00","I","999.9","000000"
"15465099999","2019-03-30","44.0166666","23.3333333","58.0","BAILESTI, RO","  50.5","24","  32.2","23","1024.5","23","017.3","23","  6.2","14","  3.5","23","  5.8","  9.7","  63.7"," ","  35.6","*"," 0.00","I","999.9","000000"
"15465099999","2019-03-31","44.0166666","23.3333333","58.0","BAILESTI, RO","  53.2","24","  34.4","23","1018.1","23","011.0","23","  5.9","14","  3.3","23","  5.8","999.9","  69.4"," ","  34.7","*"," 0.00","I","999.9","000000"
"15465099999","2019-04-01","44.0166666","23.3333333","58.0","BAILESTI, RO","  56.2","24","  35.1","23","1015.9","23","008.8","23","  6.2","14","  4.6","23","  9.7"," 11.7","  72.7"," ","  36.0","*"," 0.00","I","999.9","000000"
"15465099999","2019-04-02","44.0166666","23.3333333","58.0","BAILESTI, RO","  51.5","24","  27.2","23","1021.8","23","014.7","23","  6.2","14"," 10.0","23"," 15.5"," 25.3","  59.9"," ","  43.2","*"," 0.00","I","999.9","000000"
"15465099999","2019-04-03","44.0166666","23.3333333","58.0","BAILESTI, RO","  49.4","24","  23.2","23","1019.2","23","012.0","23","  6.2","14","  8.6","23"," 13.6"," 21.4","  60.4"," ","  38.3","*"," 0.00","I","999.9","000000"
"15465099999","2019-04-04","44.0166666","23.3333333","58.0","BAILESTI, RO","  51.2","24","  31.3","23","1015.1","23","008.0","23","  6.2","14","  8.3","23","  9.7"," 17.5","  63.3"," ","  42.1","*"," 0.00","I","999.9","000000"
"15465099999","2019-04-05","44.0166666","23.3333333","58.0","BAILESTI, RO","  54.3","24","  37.7","23","1011.7","23","004.6","23","  6.2","14","  8.9","23"," 11.7"," 19.4","  65.1"," ","  40.1","*"," 0.00","I","999.9","000000"
"15465099999","2019-04-06","44.0166666","23.3333333","58.0","BAILESTI, RO","  53.0","24","  39.8","23","1011.9","23","004.8","23","  6.2","14","  9.1","23"," 15.5"," 21.4","  63.7"," ","  45.9","*"," 0.00","I","999.9","000000"
"15465099999","2019-04-07","44.0166666","23.3333333","58.0","BAILESTI, RO","  50.5","24","  39.6","23","1010.3","23","003.2","23","  6.2","14","  4.9","23","  7.8"," 13.6","  59.4"," ","  38.3","*"," 0.00","I","999.9","000000"
"15465099999","2019-04-08","44.0166666","23.3333333","58.0","BAILESTI, RO","  56.9","24","  45.5","23","1004.9","23","997.9","23","  6.2","14","  5.4","23","  7.8"," 13.6","  69.1"," ","  48.6","*"," 0.00","I","999.9","000000"
"15465099999","2019-04-09","44.0166666","23.3333333","58.0","BAILESTI, RO","  54.7","24","  49.8","23","1004.5","23","997.5","23","  5.9","14","  4.6","23","  9.7"," 17.5","  60.3"," ","  51.8","*"," 0.08","B","999.9","010000"
"15465099999","2019-04-10","44.0166666","23.3333333","58.0","BAILESTI, RO","  58.9","24","  48.5","23","1006.1","23","999.1","23","  5.9","14","  4.0","23","  5.8"," 11.7","  70.9"," ","  46.4","*"," 0.01","A","999.9","000000"
"15465099999","2019-04-11","44.0166666","23.3333333","58.0","BAILESTI, RO","  55.2","24","  50.3","23","1007.6","23","000.6","23","  5.9","14","  5.0","23"," 13.6"," 19.4","  64.6"," ","  49.1","*"," 0.01","A","  0.4","010010"
"15465099999","2019-04-12","44.0166666","23.3333333","58.0","BAILESTI, RO","  53.2","24","  49.9","23","1011.5","23","004.4","23","  5.9","14","  4.7","23","  9.7"," 17.5","  61.7"," ","  50.4","*"," 0.55","A","999.9","010010"
"15465099999","2019-04-13","44.0166666","23.3333333","58.0","BAILESTI, RO","  50.1","24","  46.7","23","1014.5","23","007.3","23","  4.6","14","  4.6","23","  5.8","  9.7","  54.1"," ","  48.4"," "," 0.02","B","999.9","010000"
"15465099999","2019-04-14","44.0166666","23.3333333","58.0","BAILESTI, RO","  50.0","24","  46.2","23","1015.1","23","007.9","23","  6.2","14","  5.7","23","  7.8"," 11.7","  54.0"," ","  47.1"," "," 0.00","I","999.9","000000"
"15465099999","2019-04-15","44.0166666","23.3333333","58.0","BAILESTI, RO","  50.3","24","  41.7","23","1018.2","23","011.1","23","  6.2","14","  6.5","23"," 11.7"," 17.5","  56.8"," ","  47.5","*"," 0.00","I","999.9","000000"
"15465099999","2019-04-16","44.0166666","23.3333333","58.0","BAILESTI, RO","  53.3","24","  39.7","23","1017.3","23","010.2","23","  5.9","14","  6.8","23"," 11.7"," 17.5","  66.2"," ","  40.5","*"," 0.00","I","999.9","000000"
"15465099999","2019-04-17","44.0166666","23.3333333","58.0","BAILESTI, RO","  49.9","24","  40.2","23","1018.6","23","011.4","23","  6.2","14","  3.2","23","  7.8"," 15.5","  64.0"," ","  38.3","*","99.99"," ","999.9","010000"
"15465099999","2019-04-18","44.0166666","23.3333333","58.0","BAILESTI, RO","  51.3","24","  44.0","23","1026.4","23","019.2","23","  6.2","14","  3.9","23"," 11.7"," 15.5","  58.5"," ","  43.9","*"," 0.00","I","999.9","000000"
"15465099999","2019-04-19","44.0166666","23.3333333","58.0","BAILESTI, RO","  53.6","24","  43.8","23","1025.7","23","018.5","23","  5.4","14","  5.2","23"," 11.7"," 17.5","  69.1"," ","  41.4","*"," 0.03","A","999.9","110000"
"15465099999","2019-04-20","44.0166666","23.3333333","58.0","BAILESTI, RO","  52.2","24","  38.8","23","1027.6","23","020.5","23","  6.2","14","  4.3","23","  7.8"," 11.7","  61.3"," ","  43.7","*"," 0.00","I","999.9","000000"
"15465099999","2019-04-21","44.0166666","23.3333333","58.0","BAILESTI, RO","  55.2","24","  36.7","23","1022.3","23","015.2","23","  5.9","14","  3.9","23","  7.8"," 13.6","  70.3"," ","  38.7","*"," 0.00","I","999.9","000000"
"15465099999","2019-04-22","44.0166666","23.3333333","58.0","BAILESTI, RO","  56.5","24","  40.7","23","1018.9","23","011.9","23","  6.2","14","  9.4","23"," 15.5"," 25.3","  69.3"," ","  45.0","*"," 0.00","I","999.9","000000"
"15465099999","2019-04-23","44.0166666","23.3333333","58.0","BAILESTI, RO","  51.8","24","  37.7","23","1022.4","23","015.2","23","  6.2","14","  8.0","23"," 13.6"," 17.5","  58.6"," ","  47.3","*"," 0.02","A","999.9","010000"
"15465099999","2019-04-24","44.0166666","23.3333333","58.0","BAILESTI, RO","  58.5","24","  44.6","23","1023.4","23","016.4","23","  6.2","14","  7.3","23","  9.7"," 17.5","  69.8"," ","  48.6","*"," 0.00","I","999.9","000000"
"15465099999","2019-04-25","44.0166666","23.3333333","58.0","BAILESTI, RO","  59.5","24","  47.6","23","1022.7","23","015.6","23","  6.2","14","  3.5","23","  5.8","  9.7","  72.5"," ","  47.7","*"," 0.00","I","999.9","000000"
"15465099999","2019-04-26","44.0166666","23.3333333","58.0","BAILESTI, RO","  66.0","24","  52.3","23","1018.1","23","011.1","23","  6.2","14","  3.5","23","  5.8","  9.7","  79.2"," ","  53.1","*"," 0.00","I","999.9","000000"
"15465099999","2019-04-27","44.0166666","23.3333333","58.0","BAILESTI, RO","  62.4","24","  54.4","23","1012.5","23","005.6","23","  6.2","14","  4.6","23"," 13.6"," 21.4","  78.1"," ","  54.9","*","99.99"," ","  0.4","010010"
"15465099999","2019-04-28","44.0166666","23.3333333","58.0","BAILESTI, RO","  57.5","24","  46.5","23","1012.5","23","005.5","23","  6.2","14","  8.8","23"," 13.6"," 23.3","  69.1"," ","  48.2","*"," 0.01","A","999.9","000000"
"15465099999","2019-04-29","44.0166666","23.3333333","58.0","BAILESTI, RO","  59.7","24","  47.6","24","1010.6","24","003.6","24","  6.2","15","  2.8","24","  7.8","999.9","  70.9"," ","  46.8"," "," 0.00","G","999.9","000000"
"15465099999","2019-04-30","44.0166666","23.3333333","58.0","BAILESTI, RO","  54.4","24","  49.4","23","1008.4","23","001.4","23","  6.2","14","  6.5","23"," 13.6"," 21.4","  63.1"," ","  48.6","*"," 0.13","B","999.9","010000"
"15465099999","2019-05-01","44.0166666","23.3333333","58.0","BAILESTI, RO","  57.0","24","  47.0","23","1007.7","23","000.7","23","  6.2","14"," 12.5","23"," 19.4"," 31.1","  64.8"," ","  49.5","*"," 0.00","I","999.9","000000"
"15465099999","2019-05-02","44.0166666","23.3333333","58.0","BAILESTI, RO","  59.4","24","  47.5","23","1009.5","23","002.6","23","  6.2","14","  9.2","23"," 15.5"," 23.3","  70.5"," ","  50.9","*"," 0.00","I","999.9","000000"
"15465099999","2019-05-03","44.0166666","23.3333333","58.0","BAILESTI, RO","  60.8","24","  48.7","24","1009.9","24","003.0","24","  6.0","15","  2.8","24","  5.8"," 11.7","  77.0"," ","  44.4"," "," 0.00","G","999.9","000000"
"15465099999","2019-05-04","44.0166666","23.3333333","58.0","BAILESTI, RO","  62.9","24","  48.8","23","1006.2","23","999.3","23","  6.2","14","  3.5","23","  5.8"," 19.4","  75.6"," ","  49.1","*"," 0.00","I","999.9","000000"
"15465099999","2019-05-05","44.0166666","23.3333333","58.0","BAILESTI, RO","  57.7","24","  54.8","23","1002.8","23","995.9","23","  6.2","14","  4.3","23","  7.8"," 11.7","  61.5"," ","  55.6"," "," 0.20","A","999.9","010000"
"15465099999","2019-05-06","44.0166666","23.3333333","58.0","BAILESTI, RO","  53.8","24","  48.7","23","1004.9","23","997.9","23","  6.2","14"," 11.0","23"," 17.5"," 25.3","  61.5"," ","  47.5","*"," 0.12","A","999.9","010000"
"15465099999","2019-05-07","44.0166666","23.3333333","58.0","BAILESTI, RO","  51.0","24","  40.2","23","1011.2","23","004.1","23","  6.2","14"," 16.6","23"," 23.3"," 35.0","  56.3"," ","  46.4","*"," 0.00","I","999.9","000000"
"15465099999","2019-05-08","44.0166666","23.3333333","58.0","BAILESTI, RO","  55.7","24","  39.3","23","1015.3","23","008.3","23","  6.2","14","  5.9","23"," 11.7"," 17.5","  66.7"," ","  45.7","*"," 0.00","I","999.9","000000"
"15465099999","2019-05-09","44.0166666","23.3333333","58.0","BAILESTI, RO","  53.4","24","  45.4","23","1010.0","23","002.9","23","  6.2","14","  4.0","23","  7.8"," 11.7","  63.9"," ","  42.3","*","99.99"," ","999.9","010000"
"15465099999","2019-05-10","44.0166666","23.3333333","58.0","BAILESTI, RO","  57.4","24","  49.5","23","1009.0","23","002.0","23","  5.9","14","  8.3","23"," 15.5"," 27.2","  68.2"," ","  50.0","*"," 0.04","B","999.9","010000"
"15465099999","2019-05-11","44.0166666","23.3333333","58.0","BAILESTI, RO","  61.1","24","  48.6","24","1013.8","24","006.8","24","  6.2","15","  5.7","24"," 11.7"," 19.4","  75.2"," ","  44.8"," "," 0.00","I","999.9","000000"
"15465099999","2019-05-12","44.0166666","23.3333333","58.0","BAILESTI, RO","  64.4","24","  51.6","23","1015.7","23","008.8","23","  6.2","14","  6.2","23"," 11.7"," 19.4","  78.4"," ","  50.9","*"," 0.00","I","999.9","000000"
"15465099999","2019-05-13","44.0166666","23.3333333","58.0","BAILESTI, RO","  64.7","24","  50.6","23","1016.9","23","010.0","23","  6.2","14","  9.5","23"," 15.5"," 25.3","  73.0"," ","  54.9","*"," 0.04","A","999.9","000000"
"15465099999","2019-05-14","44.0166666","23.3333333","58.0","BAILESTI, RO","  59.2","23","  53.4","22","1013.5","22","006.5","22","  6.2","14","  7.4","22"," 11.7"," 21.4","  65.8"," ","  55.6"," "," 0.04","A","999.9","010000"
"15465099999","2019-05-15","44.0166666","23.3333333","58.0","BAILESTI, RO","  54.6","23","  49.9","22","1012.8","22","005.7","22","  6.2","14","  5.8","22","  9.7"," 15.5","  61.9"," ","  49.1","*"," 0.28","A","999.9","010000"
"15465099999","2019-05-16","44.0166666","23.3333333","58.0","BAILESTI, RO","  55.8","24","  51.7","23","1012.0","23","005.0","23","  5.7","14","  4.8","23","  7.8"," 13.6","  66.7"," ","  48.6","*"," 0.00","I","999.9","000000"
"15465099999","2019-05-17","44.0166666","23.3333333","58.0","BAILESTI, RO","  59.4","24","  52.5","23","1012.2","23","005.2","23","  6.2","14","  3.0","23","  5.8"," 11.7","  69.4"," ","  51.3","*"," 0.00","I","999.9","000000"
"15465099999","2019-05-18","44.0166666","23.3333333","58.0","BAILESTI, RO","  64.0","24","  54.3","23","1009.2","23","002.3","23","  5.8","14","  2.4","23","  3.9","999.9","  78.6"," ","  49.3","*"," 0.00","I","999.9","100000"
"15465099999","2019-05-19","44.0166666","23.3333333","58.0","BAILESTI, RO","  71.1","24","  58.8","23","1006.1","23","999.3","23","  6.2","14","  6.8","23"," 11.7"," 21.4","  83.5"," ","  56.3","*"," 0.00","I","999.9","000000"
"15465099999","2019-05-20","44.0166666","23.3333333","58.0","BAILESTI, RO","  62.7","24","  56.4","23","1007.7","23","000.8","23","  6.2","14","  4.2","23"," 13.6"," 23.3","  74.7"," ","  52.7","*","99.99"," ","999.9","010010"
"15465099999","2019-05-21","44.0166666","23.3333333","58.0","BAILESTI, RO","  63.8","24","  50.2","23","1011.1","23","004.2","23","  6.2","14","  5.2","23","  9.7"," 17.5","  75.0"," ","  51.8","*"," 0.00","I","999.9","000000"
"15465099999","2019-05-22","44.0166666","23.3333333","58.0","BAILESTI, RO","  64.8","22","  53.2","21","1012.6","21","005.7","21","  6.2","14","  5.0","21","  9.7"," 21.4","  77.2"," ","  52.0","*","99.99"," ","999.9","010010"
"15465099999","2019-05-23","44.0166666","23.3333333","58.0","BAILESTI, RO","  64.2","23","  52.9","22","1012.3","22","005.4","22","  6.2","14"," 10.9","22"," 15.5"," 25.3","  74.1"," ","  54.5","*"," 0.00","I","999.9","000000"
"15465099999","2019-05-24","44.0166666","23.3333333","58.0","BAILESTI, RO","  62.3","24","  52.0","23","1010.1","23","003.2","23","  6.2","14","  9.4","23"," 13.6"," 23.3","  71.4"," ","  54.0","*"," 0.00","I","999.9","000000"
"15465099999","2019-05-25","44.0166666","23.3333333","58.0","BAILESTI, RO","  65.4","24","  53.9","23","1012.0","23","005.1","23","  6.2","14","  8.6","23"," 13.6"," 21.4","  78.4"," ","  53.6","*"," 0.00","I","999.9","000000"
"15465099999","2019-05-26","44.0166666","23.3333333","58.0","BAILESTI, RO","  68.3","24","  53.5","23","1015.0","23","008.1","23","  6.2","14","  2.4","23","  3.9","  9.7","  82.0"," ","  51.3","*"," 0.00","I","999.9","000000"
"15465099999","2019-05-27","44.0166666","23.3333333","58.0","BAILESTI, RO","  70.4","24","  60.9","23","1013.4","23","006.6","23","  6.2","14","  3.5","23","  7.8"," 11.7","  82.4"," ","  61.2","*"," 0.00","I","999.9","000000"
"15465099999","2019-05-28","44.0166666","23.3333333","58.0","BAILESTI, RO","  70.0","24","  60.6","23","1008.3","23","001.4","23","  6.2","14","  5.7","23","  7.8"," 21.4","  85.8"," ","  60.8","*"," 0.00","I","999.9","000010"
"15465099999","2019-05-29","44.0166666","23.3333333","58.0","BAILESTI, RO","  69.2","24","  60.1","23","1010.9","23","004.1","23","  6.2","14","  2.7","23","  7.8"," 11.7","  83.3"," ","  59.4","*","99.99"," ","999.9","010010"
"15465099999","2019-05-30","44.0166666","23.3333333","58.0","BAILESTI, RO","  67.7","24","  57.9","23","1016.9","23","010.0","23","  6.2","14","  5.2","23","  7.8"," 15.5","  79.2"," ","  56.7","*"," 0.00","I","999.9","000000"
"15465099999","2019-05-31","44.0166666","23.3333333","58.0","BAILESTI, RO","  60.0","24","  55.7","23","1018.8","23","011.8","23","  6.2","14","  7.3","23"," 11.7"," 19.4","  67.3"," ","  56.7"," "," 0.01","E","999.9","010000"
"15465099999","2019-06-01","44.0166666","23.3333333","58.0","BAILESTI, RO","  64.6","24","  57.8","23","1016.3","23","009.4","23","  5.9","14","  3.0","23","  5.8","999.9","  76.8"," ","  56.7","*"," 0.12","A","999.9","000000"
"15465099999","2019-06-02","44.0166666","23.3333333","58.0","BAILESTI, RO","  65.2","24","  59.5","23","1015.9","23","009.0","23","  6.2","14","  3.0","23","  7.8"," 13.6","  78.3"," ","  55.8","*","99.99"," ","999.9","010010"
"15465099999","2019-06-03","44.0166666","23.3333333","58.0","BAILESTI, RO","  65.8","24","  60.9","23","1013.0","23","006.1","23","  5.9","14","  2.6","23","  5.8","  9.7","  77.7"," ","  59.9","*"," 0.83","B","999.9","010010"
"15465099999","2019-06-04","44.0166666","23.3333333","58.0","BAILESTI, RO","  65.3","24","  59.8","23","1012.3","23","005.4","23","  6.2","14","  3.1","23","  7.8"," 15.5","  76.1"," ","  59.4","*"," 0.12","A","999.9","010000"
"15465099999","2019-06-05","44.0166666","23.3333333","58.0","BAILESTI, RO","  64.9","24","  60.2","23","1012.8","23","005.9","23","  5.4","14","  3.5","23","  5.8"," 11.7","  73.6"," ","  58.5","*"," 0.01","A","999.9","010010"
"15465099999","2019-06-06","44.0166666","23.3333333","58.0","BAILESTI, RO","  69.7","24","  62.8","23","1014.6","23","007.7","23","  6.2","14","  2.5","23","  5.8","  9.7","  79.9"," ","  59.2","*"," 0.00","I","999.9","000000"
"15465099999","2019-06-07","44.0166666","23.3333333","58.0","BAILESTI, RO","  73.6","24","  65.2","23","1017.1","23","010.2","23","  6.2","14","  2.4","23","  3.9","999.9","  86.0"," ","  61.7","*"," 0.00","I","999.9","000000"
"15465099999","2019-06-08","44.0166666","23.3333333","58.0","BAILESTI, RO","  75.9","24","  67.3","23","1017.4","23","010.6","23","  6.2","14","  4.9","23","  9.7"," 15.5","  89.4"," ","  63.9","*"," 0.00","I","999.9","000000"
"15465099999","2019-06-09","44.0166666","23.3333333","58.0","BAILESTI, RO","  75.1","24","  67.1","23","1019.2","23","012.4","23","  6.2","14","  2.8","23","  5.8","  9.7","  86.4"," ","  63.7","*"," 0.00","I","999.9","000000"
"15465099999","2019-06-10","44.0166666","23.3333333","58.0","BAILESTI, RO","  72.8","24","  65.4","23","1016.4","23","009.6","23","  6.2","14","  2.6","23","  5.8"," 15.5","  86.4"," ","  65.3","*","99.99"," ","999.9","010010"
"15465099999","2019-06-11","44.0166666","23.3333333","58.0","BAILESTI, RO","  68.7","24","  64.9","23","1013.8","23","006.9","23","  5.9","14","  3.2","23","  7.8"," 11.7","  79.2"," ","  63.5","*"," 0.03","A","999.9","010010"
"15465099999","2019-06-12","44.0166666","23.3333333","58.0","BAILESTI, RO","  75.0","24","  65.4","23","1014.2","23","007.4","23","  6.2","14","  3.5","23","  5.8"," 11.7","  88.3"," ","  61.7","*"," 0.00","I","999.9","000000"
"15465099999","2019-06-13","44.0166666","23.3333333","58.0","BAILESTI, RO","  77.5","24","  65.1","23","1015.1","23","008.3","23","  6.2","14","  3.5","23","  5.8","  9.7","  90.0"," ","  65.3","*"," 0.00","I","999.9","000000"
"15465099999","2019-06-14","44.0166666","23.3333333","58.0","BAILESTI, RO","  79.1","24","  68.9","23","1016.6","23","009.8","23","  6.2","14","  2.7","23","  5.8","999.9","  91.2"," ","  67.5","*"," 0.00","I","999.9","000000"
"15465099999","2019-06-15","44.0166666","23.3333333","58.0","BAILESTI, RO","  78.2","24","  65.7","23","1015.4","23","008.7","23","  6.2","14","  3.5","23","  5.8"," 11.7","  90.5"," ","  67.3","*"," 0.00","I","999.9","000010"
"15465099999","2019-06-16","44.0166666","23.3333333","58.0","BAILESTI, RO","  75.8","24","  64.4","24","1013.1","24","006.3","24","  6.2","15","  3.2","24","  5.8"," 11.7","  88.7"," ","  64.2"," "," 0.00","G","999.9","000000"
"15465099999","2019-06-17","44.0166666","23.3333333","58.0","BAILESTI, RO","  75.2","24","  64.0","23","1014.2","23","007.4","23","  6.2","14","  3.5","23","  9.7"," 13.6","  90.0"," ","  63.5","*"," 0.00","I","999.9","000000"
"15465099999","2019-06-18","44.0166666","23.3333333","58.0","BAILESTI, RO","  73.7","24","  66.1","24","1015.6","24","008.8","24","  6.0","15","  3.9","24"," 13.6"," 36.9","  88.3"," ","  66.4","*"," 0.04","G","999.9","010110"
"15465099999","2019-06-19","44.0166666","23.3333333","58.0","BAILESTI, RO","  74.4","24","  65.4","23","1013.5","23","006.7","23","  6.2","14","  4.1","23","  7.8"," 13.6","  86.5"," ","  65.3","*"," 0.00","G","999.9","000000"
"15465099999","2019-06-20","44.0166666","23.3333333","58.0","BAILESTI, RO","  74.7","24","  64.8","23","1012.2","23","005.5","23","  6.2","14","  3.0","23","  5.8"," 15.5","  88.5"," ","  61.9","*"," 0.00","I","999.9","000010"
"15465099999","2019-06-21","44.0166666","23.3333333","58.0","BAILESTI, RO","  74.1","24","  65.5","23","1014.3","23","007.5","23","  6.2","14","  2.9","23","  7.8"," 17.5","  88.0"," ","  63.7","*"," 0.00","E","999.9","000010"
"15465099999","2019-06-22","44.0166666","23.3333333","58.0","BAILESTI, RO","  76.9","24","  65.7","23","1015.1","23","008.4","23","  5.9","14","  3.3","23","  5.8","999.9","  90.0"," ","  63.9","*"," 0.00","E","999.9","000000"
"15465099999","2019-06-23","44.0166666","23.3333333","58.0","BAILESTI, RO","  77.0","24","  65.0","24","1013.3","24","006.5","24","  6.2","15","  5.7","24"," 11.7","999.9","  91.2"," ","  61.7","*"," 0.00","G","999.9","000010"
"15465099999","2019-06-24","44.0166666","23.3333333","58.0","BAILESTI, RO","  72.2","24","  64.9","23","1017.1","23","010.3","23","  6.2","14","  3.7","23"," 17.5","999.9","  84.6"," ","  63.0","*"," 0.83","A","999.9","000010"
"15465099999","2019-06-25","44.0166666","23.3333333","58.0","BAILESTI, RO","  73.7","24","  67.2","23","1021.9","23","015.0","23","  6.2","14","  3.3","23","  7.8"," 13.6","  88.2"," ","  64.8","*"," 0.24","A","999.9","000010"
"15465099999","2019-06-26","44.0166666","23.3333333","58.0","BAILESTI, RO","  76.9","24","  67.4","23","1022.8","23","016.0","23","  6.2","14","  2.2","23","  3.9","  9.7","  89.2"," ","  66.2","*"," 0.00","I","999.9","000000"
"15465099999","2019-06-27","44.0166666","23.3333333","58.0","BAILESTI, RO","  79.4","24","  68.0","23","1016.0","23","009.2","23","  6.2","14","  4.4","23","  7.8"," 11.7","  91.4"," ","  66.6","*"," 0.00","I","999.9","000000"
"15465099999","2019-06-28","44.0166666","23.3333333","58.0","BAILESTI, RO","  76.1","24","  61.2","23","1012.1","23","005.4","23","  6.2","14","  6.2","23"," 11.7"," 21.4","  87.1"," ","  62.8","*","99.99"," ","999.9","010000"
"15465099999","2019-06-29","44.0166666","23.3333333","58.0","BAILESTI, RO","  70.9","24","  56.7","23","1018.3","23","011.4","23","  6.2","14","  4.1","23","  5.8"," 11.7","  81.7"," ","  60.8","*"," 0.00","I","999.9","000000"
"15465099999","2019-06-30","44.0166666","23.3333333","58.0","BAILESTI, RO","  72.1","24","  55.6","24","1020.7","24","013.8","24","  6.2","15","  2.6","24","  3.9","  9.7","  85.3"," ","  56.1"," "," 0.00","G","999.9","000000"
"15465099999","2019-07-01","44.0166666","23.3333333","58.0","BAILESTI, RO","  77.1","24","  62.3","23","1017.6","23","010.8","23","  6.2","14","  1.6","23","  3.9","999.9","  94.5"," ","  60.1","*"," 0.00","I","999.9","000000"
"15465099999","2019-07-02","44.0166666","23.3333333","58.0","BAILESTI, RO","  80.3","24","  65.0","23","1012.8","23","006.0","23","  6.2","14","  2.0","23","  3.9","999.9"," 100.2"," ","  62.8","*"," 0.00","I","999.9","000000"
"15465099999","2019-07-03","44.0166666","23.3333333","58.0","BAILESTI, RO","  80.5","24","  67.4","23","1012.9","23","006.2","23","  6.2","14","  6.5","23"," 11.7"," 19.4","  94.8"," ","  67.3","*"," 0.00","I","999.9","000000"
"15465099999","2019-07-04","44.0166666","23.3333333","58.0","BAILESTI, RO","  76.0","24","  63.8","23","1016.9","23","010.1","23","  6.2","14","  2.8","23","  3.9","  9.7","  87.8"," ","  65.3","*"," 0.00","I","999.9","000000"
"15465099999","2019-07-05","44.0166666","23.3333333","58.0","BAILESTI, RO","  76.9","24","  63.1","23","1014.0","23","007.2","23","  6.2","14","  3.8","23","  7.8"," 11.7","  89.2"," ","  65.8","*"," 0.00","A","999.9","000000"
"15465099999","2019-07-06","44.0166666","23.3333333","58.0","BAILESTI, RO","  75.8","23","  59.4","22","1012.2","22","005.4","22","  6.2","13","  5.2","22"," 11.7"," 17.5","  90.3"," ","  59.9","*"," 0.00","A","999.9","000000"
"15465099999","2019-07-07","44.0166666","23.3333333","58.0","BAILESTI, RO","  76.8","23","  62.5","22","1008.4","22","001.7","22","  6.2","13","  4.2","22"," 17.5","999.9","  93.0"," ","  61.7","*"," 0.00","A","999.9","000000"
"15465099999","2019-07-08","44.0166666","23.3333333","58.0","BAILESTI, RO","  73.3","24","  62.3","23","1011.2","23","004.4","23","  6.2","14"," 10.0","23"," 17.5"," 23.3","  83.5"," ","  63.0","*"," 0.59","A","999.9","000000"
"15465099999","2019-07-09","44.0166666","23.3333333","58.0","BAILESTI, RO","  70.6","24","  60.7","23","1012.9","23","006.0","23","  6.2","14","  3.4","23","  9.7"," 15.5","  81.5"," ","  61.2","*"," 0.00","I","999.9","000000"
"15465099999","2019-07-10","44.0166666","23.3333333","58.0","BAILESTI, RO","  64.4","24","  58.0","23","1011.9","23","005.0","23","  6.2","14","  5.7","23","  9.7"," 15.5","  69.8"," ","  55.8","*"," 0.04","A","999.9","010000"
"15465099999","2019-07-11","44.0166666","23.3333333","58.0","BAILESTI, RO","  65.1","24","  51.6","23","1011.7","23","004.8","23","  6.2","14","  4.3","23","  9.7"," 15.5","  79.2"," ","  51.1","*"," 0.00","I","999.9","000000"
"15465099999","2019-07-12","44.0166666","23.3333333","58.0","BAILESTI, RO","  67.1","24","  51.5","23","1011.7","23","004.8","23","  6.2","14","  4.4","23","  7.8"," 19.4","  82.0"," ","  53.1","*"," 0.00","I","999.9","000000"
"15465099999","2019-07-13","44.0166666","23.3333333","58.0","BAILESTI, RO","  68.9","24","  53.9","23","1009.9","23","003.0","23","  6.2","14","  3.0","23","  5.8","  9.7","  82.9"," ","  52.7","*"," 0.00","I","999.9","000000"
"15465099999","2019-07-14","44.0166666","23.3333333","58.0","BAILESTI, RO","  64.9","24","  61.6","23","1008.4","23","001.5","23","  6.2","14","  3.2","23","  5.8"," 13.6","  76.5"," ","  59.4","*"," 0.08","A","999.9","010010"
"15465099999","2019-07-15","44.0166666","23.3333333","58.0","BAILESTI, RO","  67.1","24","  58.8","23","1009.3","23","002.4","23","  5.9","14","  4.6","23"," 15.5"," 27.2","  79.9"," ","  55.6","*"," 0.00","I","999.9","000010"
"15465099999","2019-07-16","44.0166666","23.3333333","58.0","BAILESTI, RO","  68.3","24","  58.2","23","1011.1","23","004.3","23","  6.2","14","  2.8","23","  3.9"," 11.7","  80.6"," ","  57.4","*"," 0.00","I","999.9","000000"
"15465099999","2019-07-17","44.0166666","23.3333333","58.0","BAILESTI, RO","  70.1","24","  56.1","23","1010.6","23","003.7","23","  5.9","14","  5.2","23","  9.7"," 15.5","  84.7"," ","  57.2","*"," 0.00","I","999.9","000000"
"15465099999","2019-07-18","44.0166666","23.3333333","58.0","BAILESTI, RO","  71.1","24","  57.3","23","1012.0","23","005.1","23","  6.2","14","  2.6","23","  3.9"," 11.7","  85.5"," ","  54.5","*"," 0.00","I","999.9","000000"
"15465099999","2019-07-19","44.0166666","23.3333333","58.0","BAILESTI, RO","  73.7","24","  59.9","23","1015.7","23","008.8","23","  6.2","14","  3.2","23","  9.7"," 11.7","  89.2"," ","  58.5","*"," 0.00","I","999.9","000010"
"15465099999","2019-07-20","44.0166666","23.3333333","58.0","BAILESTI, RO","  75.5","24","  61.3","23","1018.1","23","011.3","23","  6.2","14","  2.2","23","  3.9"," 13.6","  89.4"," ","  60.8","*"," 0.00","I","999.9","000000"
"15465099999","2019-07-21","44.0166666","23.3333333","58.0","BAILESTI, RO","  77.9","24","  61.7","23","1018.4","23","011.6","23","  6.2","14","  2.0","23","  3.9","  9.7","  92.8"," ","  63.5","*"," 0.00","I","999.9","000000"
"15465099999","2019-07-22","44.0166666","23.3333333","58.0","BAILESTI, RO","  78.0","24","  64.3","23","1017.8","23","011.0","23","  6.2","14","  4.7","23"," 13.6"," 25.3","  94.3"," ","  63.9","*"," 0.00","I","999.9","000010"
"15465099999","2019-07-23","44.0166666","23.3333333","58.0","BAILESTI, RO","  77.3","24","  60.7","23","1015.2","23","008.4","23","  6.2","14","  4.8","23"," 11.7"," 21.4","  91.0"," ","  64.8","*"," 0.00","I","999.9","000000"
"15465099999","2019-07-24","44.0166666","23.3333333","58.0","BAILESTI, RO","  74.5","24","  61.1","23","1015.8","23","009.0","23","  6.2","14","  2.8","23","  5.8","  9.7","  86.2"," ","  66.2","*"," 0.00","I","999.9","000000"
"15465099999","2019-07-25","44.0166666","23.3333333","58.0","BAILESTI, RO","  76.5","24","  61.2","23","1016.0","23","009.2","23","  6.2","14","  2.4","23","  3.9"," 11.7","  90.7"," ","  62.6","*"," 0.00","I","999.9","000000"
"15465099999","2019-07-26","44.0166666","23.3333333","58.0","BAILESTI, RO","  78.6","24","  62.4","23","1010.9","23","004.2","23","  6.2","14","  2.4","23","  3.9","  9.7","  93.4"," ","  61.9","*"," 0.00","I","999.9","000000"
"15465099999","2019-07-27","44.0166666","23.3333333","58.0","BAILESTI, RO","  79.7","24","  64.4","23","1006.3","23","999.6","23","  6.2","14","  2.7","23","  5.8"," 11.7","  95.5"," ","  66.6","*"," 0.00","I","999.9","000010"
"15465099999","2019-07-28","44.0166666","23.3333333","58.0","BAILESTI, RO","  79.8","24","  62.6","23","1004.4","23","997.8","23","  6.2","14","  7.4","23"," 11.7"," 19.4","  95.0"," ","  66.6","*","99.99"," ","999.9","010010"
"15465099999","2019-07-29","44.0166666","23.3333333","58.0","BAILESTI, RO","  71.6","24","  65.9","23","1005.1","23","998.3","23","  5.9","14","  2.5","23","  7.8","999.9","  81.7"," ","  65.5","*"," 1.34","A","999.9","000000"
"15465099999","2019-07-30","44.0166666","23.3333333","58.0","BAILESTI, RO","  75.8","24","  66.8","23","1007.3","23","000.6","23","  5.9","14","  4.9","23","  7.8"," 15.5","  87.3"," ","  64.8","*"," 0.00","I","999.9","000000"
"15465099999","2019-07-31","44.0166666","23.3333333","58.0","BAILESTI, RO","  78.9","24","  68.5","23","1009.3","23","002.6","23","  6.2","14","  5.1","23","  9.7"," 15.5","  91.9"," ","  66.2","*"," 0.00","I","999.9","000000"
"15465099999","2019-08-01","44.0166666","23.3333333","58.0","BAILESTI, RO","  77.0","24","  68.1","23","1012.0","23","005.3","23","  6.2","14","  3.0","23","  9.7"," 27.2","  91.2"," ","  67.5","*"," 0.00","I","999.9","000000"
"15465099999","2019-08-02","44.0166666","23.3333333","58.0","BAILESTI, RO","  77.8","24","  65.8","23","1010.6","23","003.9","23","  5.9","14","  2.5","23","  3.9"," 15.5","  90.9"," ","  65.5","*"," 0.00","I","999.9","000010"
"15465099999","2019-08-03","44.0166666","23.3333333","58.0","BAILESTI, RO","  73.0","24","  64.1","23","1006.8","23","000.0","23","  6.2","14","  9.4","23"," 17.5"," 29.1","  81.3"," ","  68.0","*","99.99"," ","999.9","010010"
"15465099999","2019-08-04","44.0166666","23.3333333","58.0","BAILESTI, RO","  71.5","24","  56.7","23","1011.6","23","004.8","23","  6.2","14","  8.8","23"," 13.6"," 19.4","  83.5"," ","  61.0","*"," 0.00","I","999.9","000000"
"15465099999","2019-08-05","44.0166666","23.3333333","58.0","BAILESTI, RO","  70.1","24","  55.2","23","1015.2","23","008.3","23","  6.2","14","  2.8","23","  5.8"," 11.7","  84.7"," ","  55.8","*"," 0.00","I","999.9","000000"
"15465099999","2019-08-06","44.0166666","23.3333333","58.0","BAILESTI, RO","  72.5","24","  54.8","23","1015.6","23","008.8","23","  6.2","14","  3.1","23","  5.8","  9.7","  88.2"," ","  57.4","*"," 0.00","I","999.9","000000"
"15465099999","2019-08-07","44.0166666","23.3333333","58.0","BAILESTI, RO","  77.7","24","  57.7","23","1013.8","23","007.0","23","  6.2","14","  3.3","23","  3.9","  9.7","  93.9"," ","  61.2","*"," 0.00","I","999.9","000000"
"15465099999","2019-08-08","44.0166666","23.3333333","58.0","BAILESTI, RO","  81.6","24","  61.6","23","1011.4","23","004.7","23","  6.2","14","  2.6","23","  5.8","  9.7","  98.6"," ","  63.9","*"," 0.00","I","999.9","000000"
"15465099999","2019-08-09","44.0166666","23.3333333","58.0","BAILESTI, RO","  81.0","24","  63.8","23","1012.5","23","005.8","23","  6.2","14","  3.9","23","  7.8"," 15.5","  95.0"," ","  69.3","*","99.99"," ","999.9","010000"
"15465099999","2019-08-10","44.0166666","23.3333333","58.0","BAILESTI, RO","  81.0","24","  63.3","23","1014.7","23","007.9","23","  6.2","14","  3.3","23","  5.8","  9.7","  95.2"," ","  64.6","*"," 0.00","I","999.9","000000"
"15465099999","2019-08-11","44.0166666","23.3333333","58.0","BAILESTI, RO","  83.0","24","  64.4","23","1015.5","23","008.8","23","  6.2","14","  3.2","22","  5.8","  9.7","  97.5"," ","  68.9","*"," 0.00","I","999.9","000000"
"15465099999","2019-08-12","44.0166666","23.3333333","58.0","BAILESTI, RO","  84.3","24","  59.9","23","1014.6","23","007.9","23","  6.2","14","  6.2","23","  9.7"," 15.5","  98.1"," ","  69.8","*"," 0.00","I","999.9","000000"
"15465099999","2019-08-13","44.0166666","23.3333333","58.0","BAILESTI, RO","  83.3","24","  55.9","23","1012.1","23","005.4","23","  6.2","14","  5.7","23","  7.8"," 13.6","  97.5"," ","  69.8","*"," 0.00","I","999.9","000000"
"15465099999","2019-08-14","44.0166666","23.3333333","58.0","BAILESTI, RO","  78.4","24","  56.2","24","1010.0","24","003.2","24","  6.2","15","  8.2","24"," 17.5"," 29.1","  94.3"," ","  65.3","*"," 0.00","G","999.9","000000"
"15465099999","2019-08-15","44.0166666","23.3333333","58.0","BAILESTI, RO","  71.2","24","  55.0","23","1011.7","23","004.8","23","  6.2","14"," 10.4","23"," 13.6"," 25.3","  81.5"," ","  62.8","*"," 0.08","A","999.9","000000"
"15465099999","2019-08-16","44.0166666","23.3333333","58.0","BAILESTI, RO","  68.9","24","  52.9","23","1013.9","23","007.0","23","  6.2","14","  4.7","23","  7.8"," 11.7","  82.0"," ","  56.7","*"," 0.00","I","999.9","000000"
"15465099999","2019-08-17","44.0166666","23.3333333","58.0","BAILESTI, RO","  71.6","24","  54.1","23","1015.6","23","008.8","23","  6.2","14","  2.8","23","  7.8"," 13.6","  85.3"," ","  60.8","*"," 0.00","I","999.9","000000"
"15465099999","2019-08-18","44.0166666","23.3333333","58.0","BAILESTI, RO","  72.4","24","  53.3","23","1016.1","23","009.3","23","  6.2","14","  2.4","23","  3.9","  9.7","  89.1"," ","  56.7","*"," 0.00","I","999.9","000000"
"15465099999","2019-08-19","44.0166666","23.3333333","58.0","BAILESTI, RO","  76.0","24","  55.2","23","1017.3","23","010.5","23","  6.2","14","  2.6","23","  5.8"," 11.7","  93.4"," ","  57.6","*"," 0.00","I","999.9","000000"
"15465099999","2019-08-20","44.0166666","23.3333333","58.0","BAILESTI, RO","  78.9","24","  52.7","23","1019.2","23","012.4","23","  6.2","14","  3.9","23","  5.8"," 11.7","  93.7"," ","  66.2","*"," 0.00","I","999.9","000000"
"15465099999","2019-08-21","44.0166666","23.3333333","58.0","BAILESTI, RO","  79.1","24","  53.4","23","1018.8","23","012.1","23","  6.2","14","  3.5","23","  5.8"," 11.7","  94.6"," ","  64.8","*"," 0.00","I","999.9","000000"
"15465099999","2019-08-22","44.0166666","23.3333333","58.0","BAILESTI, RO","  79.2","24","  56.2","23","1019.6","23","012.8","23","  6.2","14","  2.7","23","  5.8","  9.7","  95.4"," ","  61.7","*"," 0.00","I","999.9","000000"
"15465099999","2019-08-23","44.0166666","23.3333333","58.0","BAILESTI, RO","  80.2","24","  57.5","23","1021.1","23","014.3","23","  6.2","14","  4.2","23","  5.8"," 13.6","  93.7"," ","  69.3","*"," 0.00","I","999.9","000000"
"15465099999","2019-08-24","44.0166666","23.3333333","58.0","BAILESTI, RO","  81.6","24","  56.2","23","1020.0","23","013.2","23","  6.2","14","  5.9","23","  9.7"," 15.5","  94.1"," ","  69.8","*"," 0.00","I","999.9","000000"
"15465099999","2019-08-25","44.0166666","23.3333333","58.0","BAILESTI, RO","  83.1","24","  58.1","23","1018.3","23","011.6","23","  6.2","14","  5.2","23","  9.7"," 13.6","  94.6"," ","  72.5","*"," 0.00","I","999.9","000000"
"15465099999","2019-08-26","44.0166666","23.3333333","58.0","BAILESTI, RO","  83.4","24","  58.2","23","1018.8","23","012.1","23","  6.2","14","  6.8","23"," 11.7"," 19.4","  96.4"," ","  73.8","*"," 0.00","I","999.9","000000"
"15465099999","2019-08-27","44.0166666","23.3333333","58.0","BAILESTI, RO","  79.1","24","  54.6","23","1019.6","23","012.8","23","  6.2","14","  4.6","23","  7.8"," 13.6","  93.7"," ","  63.5","*"," 0.00","I","999.9","000000"
"15465099999","2019-08-28","44.0166666","23.3333333","58.0","BAILESTI, RO","  79.1","24","  51.9","23","1019.3","23","012.5","23","  6.2","14","  5.1","23","  7.8"," 15.5","  93.2"," ","  66.2","*"," 0.00","I","999.9","000000"
"15465099999","2019-08-29","44.0166666","23.3333333","58.0","BAILESTI, RO","  77.2","24","  52.0","24","1018.1","24","011.3","24","  6.2","15","  3.7","24","  5.8"," 13.6","  94.1"," ","  59.0"," "," 0.00","G","999.9","000000"
"15465099999","2019-08-30","44.0166666","23.3333333","58.0","BAILESTI, RO","  78.0","22","  52.0","22","1017.7","22","010.9","22","  6.2","15","  2.6","22","  5.8"," 11.7","  94.5"," ","  59.2"," "," 0.00","G","999.9","000000"
"15465099999","2019-08-31","44.0166666","23.3333333","58.0","BAILESTI, RO","  77.2","24","  52.3","23","1017.0","23","010.2","23","  6.2","14","  4.0","23","  5.8"," 11.7","  91.6"," ","  63.0","*"," 0.00","I","999.9","000000"
"15465099999","2019-09-01","44.0166666","23.3333333","58.0","BAILESTI, RO","  74.1","24","  46.3","23","1014.6","23","007.8","23","  6.2","14","  3.5","23","  5.8"," 11.7","  90.3"," ","  59.0","*"," 0.00","I","999.9","000000"
"15465099999","2019-09-02","44.0166666","23.3333333","58.0","BAILESTI, RO","  74.8","24","  46.7","23","1014.0","23","007.2","23","  6.2","14","  4.1","23","  7.8"," 13.6","  92.1"," ","  59.2","*"," 0.00","I","999.9","000000"
"15465099999","2019-09-03","44.0166666","23.3333333","58.0","BAILESTI, RO","  74.4","24","  52.2","23","1015.2","23","008.4","23","  6.2","14","  5.5","23"," 13.6"," 21.4","  92.7"," ","  57.6","*"," 0.00","I","999.9","000000"
"15465099999","2019-09-04","44.0166666","23.3333333","58.0","BAILESTI, RO","  72.7","24","  55.9","23","1015.7","23","008.8","23","  6.2","14","  7.8","23"," 11.7"," 19.4","  86.2"," ","  63.5","*"," 0.00","A","999.9","000000"
"15465099999","2019-09-05","44.0166666","23.3333333","58.0","BAILESTI, RO","  70.3","24","  54.6","23","1015.0","23","008.2","23","  6.2","13","  5.2","23","  9.7"," 15.5","  82.4"," ","  60.8","*"," 0.00","I","999.9","000000"
"15465099999","2019-09-06","44.0166666","23.3333333","58.0","BAILESTI, RO","  73.2","23","  52.9","22","1016.4","22","009.6","22","  6.2","13","  3.6","22","  5.8"," 11.7","  87.8"," ","  64.8","*"," 0.00","I","999.9","000000"
"15465099999","2019-09-07","44.0166666","23.3333333","58.0","BAILESTI, RO","  74.7","24","  48.3","23","1017.0","23","010.1","23","  6.2","14","  6.7","23","  9.7"," 15.5","  85.5"," ","  64.6","*"," 0.00","I","999.9","000000"
"15465099999","2019-09-08","44.0166666","23.3333333","58.0","BAILESTI, RO","  76.4","24","  50.5","23","1016.8","23","010.0","23","  6.2","14","  7.4","23"," 11.7"," 19.4","  86.4"," ","  66.6","*"," 0.00","I","999.9","000000"
"15465099999","2019-09-09","44.0166666","23.3333333","58.0","BAILESTI, RO","  74.5","24","  49.9","23","1015.3","23","008.5","23","  6.2","14","  8.2","23"," 11.7"," 19.4","  84.6"," ","  65.7","*"," 0.00","I","999.9","000000"
"15465099999","2019-09-10","44.0166666","23.3333333","58.0","BAILESTI, RO","  73.0","24","  51.4","23","1017.3","23","010.4","23","  6.2","14","  5.2","23","  7.8"," 13.6","  84.9"," ","  63.5","*"," 0.00","I","999.9","000000"
"15465099999","2019-09-11","44.0166666","23.3333333","58.0","BAILESTI, RO","  71.4","24","  50.9","23","1021.6","23","014.7","23","  6.2","14","  5.1","23","  9.7"," 15.5","  84.0"," ","  57.6","*"," 0.00","I","999.9","000000"
"15465099999","2019-09-12","44.0166666","23.3333333","58.0","BAILESTI, RO","  70.2","24","  47.3","23","1024.7","23","017.7","23","  6.2","14","  3.4","23","  5.8","  9.7","  84.0"," ","  58.1","*"," 0.00","A","999.9","000000"
"15465099999","2019-09-13","44.0166666","23.3333333","58.0","BAILESTI, RO","  68.8","23","  43.5","22","1025.7","22","018.8","22","  6.2","14","  2.6","22","  5.8"," 11.7","  86.7"," ","  51.8","*"," 0.00","I","999.9","000000"
"15465099999","2019-09-14","44.0166666","23.3333333","58.0","BAILESTI, RO","  71.5","24","  49.7","23","1023.9","23","017.0","23","  6.2","14","  5.2","23","  9.7"," 17.5","  87.8"," ","  55.4","*"," 0.00","I","999.9","000000"
"15465099999","2019-09-15","44.0166666","23.3333333","58.0","BAILESTI, RO","  68.3","24","  46.0","23","1024.6","23","017.6","23","  6.2","14","  4.6","23","  9.7"," 15.5","  81.7"," ","  54.9","*"," 0.00","I","999.9","000000"
"15465099999","2019-09-16","44.0166666","23.3333333","58.0","BAILESTI, RO","  68.4","24","  47.0","23","1016.7","23","009.8","23","  6.2","14","  5.5","23","  9.7"," 19.4","  88.7"," ","  48.2","*"," 0.00","I","999.9","000000"
"15465099999","2019-09-17","44.0166666","23.3333333","58.0","BAILESTI, RO","  72.1","24","  49.5","24","1012.7","24","005.9","24","  6.2","15","  4.5","24","  7.8"," 15.5","  91.0"," ","  52.2"," "," 0.00","G","999.9","000000"
"15465099999","2019-09-18","44.0166666","23.3333333","58.0","BAILESTI, RO","  64.3","24","  42.7","23","1016.5","23","009.6","23","  5.7","14"," 11.2","23"," 17.5"," 29.1","  73.8"," ","  55.8","*"," 0.00","I","999.9","000000"
"15465099999","2019-09-19","44.0166666","23.3333333","58.0","BAILESTI, RO","  62.2","24","  38.6","23","1020.9","23","013.9","23","  6.2","14","  6.0","23"," 11.7"," 13.6","  69.3"," ","  54.0","*"," 0.00","I","999.9","000000"
"15465099999","2019-09-20","44.0166666","23.3333333","58.0","BAILESTI, RO","  58.7","24","  32.5","24","1022.6","24","015.6","24","  6.2","15","  5.1","24","  7.8"," 13.6","  72.0"," ","  45.1"," "," 0.00","G","999.9","000000"
"15465099999","2019-09-21","44.0166666","23.3333333","58.0","BAILESTI, RO","  55.1","24","  31.7","24","1026.3","24","019.1","24","  6.2","15","  2.5","24","  3.9","  9.7","  71.4"," ","  40.3"," "," 0.00","G","999.9","000000"
"15465099999","2019-09-22","44.0166666","23.3333333","58.0","BAILESTI, RO","  57.4","24","  33.5","23","1020.9","23","013.9","23","  6.2","14","  2.9","23","  5.8"," 11.7","  77.7"," ","  38.7","*"," 0.00","I","999.9","000000"
"15465099999","2019-09-23","44.0166666","23.3333333","58.0","BAILESTI, RO","  63.1","24","  41.4","23","1014.3","23","007.4","23","  6.2","14","  2.0","23","  3.9","999.9","  76.1","*","  51.1","*"," 0.00","I","999.9","000000"
"15465099999","2019-09-24","44.0166666","23.3333333","58.0","BAILESTI, RO","  64.0","24","  53.6","23","1012.1","23","005.2","23","  6.2","14","  4.2","23","  7.8"," 13.6","  68.5"," ","  59.9","*"," 0.02","B","999.9","010000"
"15465099999","2019-09-25","44.0166666","23.3333333","58.0","BAILESTI, RO","  64.3","24","  56.4","23","1012.8","23","005.9","23","  6.2","14","  3.7","23","  5.8"," 11.7","  72.1"," ","  59.2","*"," 0.08","A","999.9","010000"
"15465099999","2019-09-26","44.0166666","23.3333333","58.0","BAILESTI, RO","  63.0","24","  57.7","23","1012.4","23","005.5","23","  6.2","14","  5.2","23"," 13.6"," 19.4","  71.2"," ","  58.3","*"," 0.02","B","999.9","010000"
"15465099999","2019-09-27","44.0166666","23.3333333","58.0","BAILESTI, RO","  65.0","24","  51.5","23","1016.5","23","009.5","23","  6.2","14","  8.3","23"," 15.5"," 21.4","  77.9"," ","  54.0","*"," 0.00","I","999.9","000000"
"15465099999","2019-09-28","44.0166666","23.3333333","58.0","BAILESTI, RO","  62.9","24","  51.9","23","1018.0","23","011.1","23","  6.2","14","  1.8","23","  3.9","999.9","  81.1"," ","  47.7","*"," 0.00","I","999.9","000000"
"15465099999","2019-09-29","44.0166666","23.3333333","58.0","BAILESTI, RO","  67.8","24","  54.3","24","1015.0","24","008.1","24","  6.2","15","  5.1","24","  9.7"," 15.5","  84.4"," ","  54.9"," "," 0.00","G","999.9","000000"
"15465099999","2019-09-30","44.0166666","23.3333333","58.0","BAILESTI, RO","  68.0","24","  52.6","23","1010.2","23","003.4","23","  6.2","14","  4.2","23","  9.7"," 17.5","  85.3"," ","  52.7","*"," 0.00","I","999.9","000000"
"15465099999","2019-10-01","44.0166666","23.3333333","58.0","BAILESTI, RO","  68.3","24","  46.3","23","1012.7","23","005.9","23","  6.2","14","  5.2","23","  9.7"," 15.5","  84.7"," ","  55.4","*"," 0.00","I","999.9","000000"
"15465099999","2019-10-02","44.0166666","23.3333333","58.0","BAILESTI, RO","  68.8","23","  50.5","22","1007.7","22","000.9","22","  6.2","13","  2.6","22","  3.9","999.9","  86.0"," ","  58.1","*"," 0.00","E","999.9","000000"
"15465099999","2019-10-03","44.0166666","23.3333333","58.0","BAILESTI, RO","  63.3","24","  52.3","23","1006.8","23","999.9","23","  6.2","14","  8.2","23"," 15.5"," 25.3","  75.9"," ","  54.9","*"," 0.00","I","999.9","000000"
"15465099999","2019-10-04","44.0166666","23.3333333","58.0","BAILESTI, RO","  58.0","22","  46.9","21","1010.3","21","003.3","21","  6.2","12","  7.6","21"," 15.5"," 23.3","  67.8"," ","  53.6","*"," 0.04","A","999.9","000000"
"15465099999","2019-10-05","44.0166666","23.3333333","58.0","BAILESTI, RO","  56.3","24","  43.6","23","1010.5","23","003.4","23","  6.2","14","  3.3","23","  5.8"," 15.5","  63.3"," ","  49.8"," "," 0.00","A","999.9","000000"
"15465099999","2019-10-06","44.0166666","23.3333333","58.0","BAILESTI, RO","  53.8","24","  42.0","23","1012.9","23","005.8","23","  6.2","14"," 12.0","23"," 21.4"," 31.1","  62.4"," ","  46.4","*","99.99"," ","999.9","010000"
"15465099999","2019-10-07","44.0166666","23.3333333","58.0","BAILESTI, RO","  49.0","24","  40.0","23","1016.3","23","009.2","23","  6.2","14","  4.3","23","  7.8"," 15.5","  59.5"," ","  39.2","*"," 0.00","I","999.9","000000"
"15465099999","2019-10-08","44.0166666","23.3333333","58.0","BAILESTI, RO","  51.5","24","  39.4","23","1023.2","23","016.0","23","  6.2","14","  4.1","23","  5.8"," 11.7","  63.0"," ","  45.5","*"," 0.00","I","999.9","000000"
"15465099999","2019-10-09","44.0166666","23.3333333","58.0","BAILESTI, RO","  52.7","24","  40.6","23","1020.1","23","013.0","23","  6.2","14","  2.7","23","  5.8","999.9","  70.7"," ","  36.9","*"," 0.00","I","999.9","000000"
"15465099999","2019-10-10","44.0166666","23.3333333","58.0","BAILESTI, RO","  60.9","24","  47.4","23","1016.2","23","009.2","23","  5.9","14","  4.7","23"," 11.7"," 15.5","  80.8"," ","  42.3","*","99.99"," ","999.9","010000"
"15465099999","2019-10-11","44.0166666","23.3333333","58.0","BAILESTI, RO","  58.3","24","  47.2","23","1024.0","23","016.9","23","  6.2","14","  5.7","23"," 11.7","999.9","  71.1"," ","  45.7","*"," 0.24","A","999.9","000000"
"15465099999","2019-10-12","44.0166666","23.3333333","58.0","BAILESTI, RO","  55.7","24","  44.2","24","1025.1","24","017.9","24","  6.2","15","  2.2","24","  3.9","999.9","  75.0"," ","  41.0"," "," 0.00","G","999.9","000000"
"15465099999","2019-10-13","44.0166666","23.3333333","58.0","BAILESTI, RO","  58.9","24","  47.3","23","1023.2","23","016.1","23","  6.2","14","  2.1","23","  3.9","999.9","  80.2"," ","  43.2","*"," 0.00","I","999.9","000000"
"15465099999","2019-10-14","44.0166666","23.3333333","58.0","BAILESTI, RO","  61.6","24","  49.3","23","1021.4","23","014.4","23","  5.9","14","  2.9","23","  3.9"," 11.7","  81.3"," ","  44.8","*"," 0.00","I","999.9","000000"
"15465099999","2019-10-15","44.0166666","23.3333333","58.0","BAILESTI, RO","  63.1","24","  47.7","23","1018.3","23","011.3","23","  5.9","14","  4.1","23","  5.8"," 11.7","  81.0"," ","  46.4","*"," 0.00","I","999.9","000000"
"15465099999","2019-10-16","44.0166666","23.3333333","58.0","BAILESTI, RO","  59.7","24","  49.5","23","1018.1","23","011.0","23","  6.2","14","  3.1","23","  5.8","  9.7","  76.5"," ","  45.5","*"," 0.00","I","999.9","000000"
"15465099999","2019-10-17","44.0166666","23.3333333","58.0","BAILESTI, RO","  58.2","24","  48.5","23","1018.8","23","011.8","23","  5.8","14","  2.3","23","  3.9","999.9","  77.4"," ","  43.2","*"," 0.00","I","999.9","100000"
"15465099999","2019-10-18","44.0166666","23.3333333","58.0","BAILESTI, RO","  60.4","24","  49.6","23","1018.2","23","011.1","23","  5.3","14","  3.0","23","  5.8","  9.7","  77.2"," ","  44.6"," "," 0.00","I","999.9","000000"
"15465099999","2019-10-19","44.0166666","23.3333333","58.0","BAILESTI, RO","  60.3","24","  47.3","23","1018.8","23","011.8","23","  5.7","14","  2.6","23","  3.9","  9.7","  77.5"," ","  49.1"," "," 0.00","I","999.9","000000"
"15465099999","2019-10-20","44.0166666","23.3333333","58.0","BAILESTI, RO","  60.5","24","  49.6","23","1021.1","23","014.0","23","  6.2","14","  2.4","23","  3.9","999.9","  79.0"," ","  48.2"," "," 0.00","I","999.9","000000"
"15465099999","2019-10-21","44.0166666","23.3333333","58.0","BAILESTI, RO","  59.8","24","  48.9","23","1022.9","23","015.8","23","  6.2","14","  1.9","23","  3.9","999.9","  79.3"," ","  44.6","*"," 0.00","I","999.9","000000"
"15465099999","2019-10-22","44.0166666","23.3333333","58.0","BAILESTI, RO","  59.5","24","  48.5","23","1023.8","23","016.7","23","  5.9","14","  2.1","23","  5.8","999.9","  79.2"," ","  45.9"," "," 0.00","I","999.9","000000"
"15465099999","2019-10-23","44.0166666","23.3333333","58.0","BAILESTI, RO","  59.1","24","  49.1","23","1022.5","23","015.4","23","  5.2","14","  2.4","23","  5.8","999.9","  78.1"," ","  44.6","*"," 0.00","I","999.9","000000"
"15465099999","2019-10-24","44.0166666","23.3333333","58.0","BAILESTI, RO","  58.1","24","  46.9","24","1019.9","24","012.9","24","  4.8","15","  3.6","24","  5.8","  9.7","  76.3"," ","  41.9"," "," 0.00","G","999.9","100000"
"15465099999","2019-10-25","44.0166666","23.3333333","58.0","BAILESTI, RO","  50.4","24","  46.7","23","1021.1","23","013.9","23","  3.6","14","  2.1","23","  3.9","999.9","  63.1"," ","  41.2","*"," 0.00","I","999.9","100000"
"15465099999","2019-10-26","44.0166666","23.3333333","58.0","BAILESTI, RO","  48.1","24","  44.8","23","1024.4","23","017.1","23","  3.8","14","  2.6","23","  3.9","999.9","  64.9"," ","  39.2","*"," 0.00","E","999.9","100000"
"15465099999","2019-10-27","44.0166666","23.3333333","58.0","BAILESTI, RO","  46.7","24","  44.3","23","1020.3","23","013.0","23","  3.3","14","  2.1","23","  3.9","999.9","  62.2"," ","  37.4","*"," 0.00","A","999.9","100000"
"15465099999","2019-10-28","44.0166666","23.3333333","58.0","BAILESTI, RO","  48.7","24","  43.0","23","1015.3","23","008.1","23","  3.7","14","  2.4","23","  3.9","999.9","  69.6"," ","  36.9","*"," 0.00","I","999.9","100000"
"15465099999","2019-10-29","44.0166666","23.3333333","58.0","BAILESTI, RO","  50.7","24","  46.4","23","1017.7","23","010.5","23","  5.1","14","  3.4","23","  7.8"," 11.7","  57.6"," ","  41.9","*"," 0.00","I","999.9","000000"
"15465099999","2019-10-30","44.0166666","23.3333333","58.0","BAILESTI, RO","  48.2","24","  46.3","23","1022.9","23","015.6","23","  3.7","14","  4.5","23","  9.7"," 15.5","  51.4"," ","  45.5","*","99.99"," ","  0.4","010000"
"15465099999","2019-10-31","44.0166666","23.3333333","58.0","BAILESTI, RO","  43.0","24","  40.6","23","1026.4","23","019.0","23","  5.1","14","  5.9","23","  9.7"," 15.5","  45.0","*","  41.4","*"," 0.16","A","999.9","010000"
"15465099999","2019-11-01","44.0166666","23.3333333","58.0","BAILESTI, RO","  42.4","24","  37.0","23","1026.1","23","018.8","23","  6.2","14","  4.5","23","  7.8"," 11.7","  45.1"," ","  40.5"," "," 0.00","I","999.9","000000"
"15465099999","2019-11-02","44.0166666","23.3333333","58.0","BAILESTI, RO","  45.1","24","  39.3","23","1019.1","23","011.8","23","  6.2","14","  3.6","23","  7.8","  9.7","  49.6"," ","  41.9"," "," 0.00","I","999.9","000000"
"15465099999","2019-11-03","44.0166666","23.3333333","58.0","BAILESTI, RO","  49.2","24","  45.5","23","1011.3","23","004.1","23","  5.4","14","  1.9","23","  3.9","999.9","  57.7"," ","  43.7","*"," 0.00","A","999.9","000000"
"15465099999","2019-11-04","44.0166666","23.3333333","58.0","BAILESTI, RO","  47.5","24","  46.4","23","1004.9","23","997.8","23","  4.1","14","  2.4","23","  5.8"," 13.6","  54.7"," ","  41.4","*","99.99"," ","999.9","110000"
"15465099999","2019-11-05","44.0166666","23.3333333","58.0","BAILESTI, RO","  55.7","24","  45.4","23","1008.0","23","001.0","23","  5.7","14","  3.8","23","  5.8","  9.7","  74.3"," ","  38.5","*"," 0.00","I","999.9","000000"
"15465099999","2019-11-06","44.0166666","23.3333333","58.0","BAILESTI, RO","  57.0","24","  50.4","23","1007.6","23","000.6","23","  6.2","14","  4.0","23","  9.7"," 15.5","  70.2"," ","  48.6","*","99.99"," ","999.9","010000"
"15465099999","2019-11-07","44.0166666","23.3333333","58.0","BAILESTI, RO","  55.8","19","  53.8","18","1009.4","18","002.4","18","  5.0"," 9","  2.6","18","  3.9","999.9","  61.7","*","  50.4","*"," 0.01","A","999.9","010000"
"15465099999","2019-11-08","44.0166666","23.3333333","58.0","BAILESTI, RO","  55.2","24","  53.4","23","1010.8","23","003.8","23","  5.5","14","  3.4","23","  5.8"," 11.7","  61.5"," ","  47.7","*"," 0.01","B","999.9","110000"
"15465099999","2019-11-09","44.0166666","23.3333333","58.0","BAILESTI, RO","  52.5","24","  51.9","23","1013.9","23","006.8","23","  1.3","14","  2.6","23","  5.8","  9.7","  62.6"," ","  47.7"," "," 0.00","I","999.9","100000"
"15465099999","2019-11-10","44.0166666","23.3333333","58.0","BAILESTI, RO","  51.7","24","  49.4","23","1011.7","23","004.6","23","  5.9","14","  3.5","23"," 13.6"," 25.3","  61.0"," ","  44.1","*","99.99"," ","999.9","010000"
"15465099999","2019-11-11","44.0166666","23.3333333","58.0","BAILESTI, RO","  49.6","24","  45.7","23","1018.3","23","011.2","23","  5.7","14","  3.1","23","  5.8","  9.7","  61.5"," ","  41.2","*"," 0.00","I","999.9","000000"
"15465099999","2019-11-12","44.0166666","23.3333333","58.0","BAILESTI, RO","  51.8","24","  48.0","23","1014.5","23","007.4","23","  5.8"," 9","  4.1","23","  9.7","999.9","  62.8"," ","  39.4"," "," 0.00","I","999.9","000000"
"15465099999","2019-11-13","44.0166666","23.3333333","58.0","BAILESTI, RO","  57.4","24","  53.1","23","1008.9","23","001.9","23","  6.2"," 9","  8.7","23"," 11.7"," 21.4","  61.3"," ","  50.2","*","99.99"," ","999.9","010000"
"15465099999","2019-11-14","44.0166666","23.3333333","58.0","BAILESTI, RO","  51.3","24","  50.8","23","1011.4","23","004.3","23","  0.9"," 9","  2.6","23","  7.8","  9.7","  56.5"," ","  45.7","*","99.99"," ","  0.4","010000"
"15465099999","2019-11-15","44.0166666","23.3333333","58.0","BAILESTI, RO","  55.5","24","  52.2","23","1017.0","23","009.9","23","  5.0"," 9","  3.4","23","  7.8"," 11.7","  61.0"," ","  52.2","*"," 0.12","A","999.9","000000"
"15465099999","2019-11-16","44.0166666","23.3333333","58.0","BAILESTI, RO","  50.4","24","  48.9","23","1022.4","23","015.2","23","  2.3"," 9","  4.0","23","  5.8","  9.7","  52.2","*","  49.5"," "," 0.00","I","999.9","000000"
"15465099999","2019-11-17","44.0166666","23.3333333","58.0","BAILESTI, RO","  50.4","24","  49.6","23","1021.3","23","014.2","23","  0.9"," 9","  3.2","22","  5.8"," 11.7","  54.0","*","  48.2"," "," 0.00","A","999.9","010000"
"15465099999","2019-11-18","44.0166666","23.3333333","58.0","BAILESTI, RO","  53.0","24","  51.6","23","1019.8","23","012.6","23","  4.1"," 9","  4.7","23","  9.7"," 15.5","  53.8","*","  52.2"," ","99.99"," ","999.9","010000"
"15465099999","2019-11-19","44.0166666","23.3333333","58.0","BAILESTI, RO","  52.5","24","  51.2","23","1024.4","23","017.2","23","  2.6"," 9","  2.7","23","  5.8","  9.7","  54.1"," ","  50.9"," ","99.99"," ","999.9","010000"
"15465099999","2019-11-20","44.0166666","23.3333333","58.0","BAILESTI, RO","  54.1","24","  52.6","23","1018.9","23","011.8","23","  1.5"," 9","  5.2","23","  9.7"," 17.5","  56.3"," ","  51.8","*"," 0.01","B","999.9","010000"
"15465099999","2019-11-21","44.0166666","23.3333333","58.0","BAILESTI, RO","  50.4","24","  48.6","23","1018.8","23","011.6","23","  3.5"," 9","  9.0","23"," 15.5"," 19.4","  53.2"," ","  43.9","*","99.99"," ","999.9","010000"
"15465099999","2019-11-22","44.0166666","23.3333333","58.0","BAILESTI, RO","  38.2","22","  36.7","21","1024.0","21","016.7","21","  3.3"," 8","  7.6","21"," 15.5"," 19.4","  43.2","*","  33.8","*"," 0.16","A","  0.4","010000"
"15465099999","2019-11-23","44.0166666","23.3333333","58.0","BAILESTI, RO","  34.6","21","  33.2","21","1025.4","21","018.0","21","  3.6"," 7","  5.2","21","  7.8"," 11.7","  36.0"," ","  33.1"," "," 0.36","G","999.9","000000"
"15465099999","2019-11-24","44.0166666","23.3333333","58.0","BAILESTI, RO","  37.9","24","  36.6","23","1022.5","23","015.1","23","  4.1"," 9","  2.7","23","  5.8","  9.7","  39.6"," ","  35.8","*"," 0.00","G","999.9","010000"
"15465099999","2019-11-25","44.0166666","23.3333333","58.0","BAILESTI, RO","  41.5","24","  41.2","23","1015.9","23","008.7","23","  0.8"," 9","  3.0","23","  5.8","999.9","  47.3","*","  39.2"," "," 0.02","A","999.9","010000"
"15465099999","2019-11-26","44.0166666","23.3333333","58.0","BAILESTI, RO","  45.1","20","  43.7","19","1014.3","19","007.1","19","  2.9"," 5","  3.5","19","  5.8","  9.7","  47.3","*","  42.8","*"," 0.04","A","999.9","010000"
"15465099999","2019-11-27","44.0166666","23.3333333","58.0","BAILESTI, RO","  45.2","24","  42.3","23","1013.7","23","006.5","23","  4.1"," 9","  1.9","23","  1.9","999.9","  47.1"," ","  43.0","*"," 0.00","I","999.9","000000"
"15465099999","2019-11-28","44.0166666","23.3333333","58.0","BAILESTI, RO","  44.9","24","  42.8","23","1010.0","23","002.8","23","  4.6"," 9","  2.6","23","  5.8","999.9","  47.3","*","  43.0"," ","99.99"," ","999.9","010000"
"15465099999","2019-11-29","44.0166666","23.3333333","58.0","BAILESTI, RO","  47.9","24","  45.0","23","1008.4","23","001.3","23","  5.2"," 9","  5.2","23"," 11.7"," 15.5","  59.9"," ","  40.3","*"," 0.08","A","999.9","000000"
"15465099999","2019-11-30","44.0166666","23.3333333","58.0","BAILESTI, RO","  42.4","24","  36.8","23","1015.3","23","008.0","23","  5.0"," 9"," 11.4","23"," 23.3"," 29.1","  48.4"," ","  36.5","*","99.99"," ","  0.4","010000"
"15465099999","2019-12-01","44.0166666","23.3333333","58.0","BAILESTI, RO","  35.9","24","  29.2","23","1026.6","23","019.2","23","  6.2"," 9","  6.1","23"," 11.7"," 15.5","  44.1"," ","  30.4","*"," 0.00","I","999.9","000000"
"15465099999","2019-12-02","44.0166666","23.3333333","58.0","BAILESTI, RO","  35.0","24","  31.9","23","1022.9","23","015.5","23","  6.2"," 9","  2.9","23","  5.8","999.9","  39.9"," ","  30.2"," "," 0.00","I","999.9","000000"
"15465099999","2019-12-03","44.0166666","23.3333333","58.0","BAILESTI, RO","  36.8","24","  31.0","23","1024.3","23","016.9","23","  6.2"," 9","  9.9","23"," 19.4"," 29.1","  41.7"," ","  30.7","*"," 0.00","I","999.9","000000"
"15465099999","2019-12-04","44.0166666","23.3333333","58.0","BAILESTI, RO","  33.4","24","  30.4","23","1031.6","23","024.1","23","  5.4"," 9","  4.2","23","  5.8"," 11.7","  38.1"," ","  28.6","*"," 0.00","I","999.9","000000"
"15465099999","2019-12-05","44.0166666","23.3333333","58.0","BAILESTI, RO","  26.6","24","  25.8","23","1032.0","23","024.4","23","  0.7"," 9","  2.3","23","  3.9","999.9","  29.8"," ","  22.6"," "," 0.00","I","999.9","100000"
"15465099999","2019-12-06","44.0166666","23.3333333","58.0","BAILESTI, RO","  28.1","24","  27.4","23","1026.6","23","019.0","23","  0.3"," 9","  2.0","23","  3.9","999.9","  29.5"," ","  27.0"," "," 0.00","I","999.9","100000"
"15465099999","2019-12-07","44.0166666","23.3333333","58.0","BAILESTI, RO","  34.9","24","  33.5","23","1018.1","23","010.8","23","  2.2"," 9","  2.5","23","  5.8","999.9","  44.1"," ","  27.1","*"," 0.00","I","999.9","000000"
"15465099999","2019-12-08","44.0166666","23.3333333","58.0","BAILESTI, RO","  43.2","24","  38.7","24","1019.2","24","012.0","24","  5.8","10","  5.3","24","  9.7"," 13.6","  56.5"," ","  33.1","*"," 0.00","G","999.9","000000"
"15465099999","2019-12-09","44.0166666","23.3333333","58.0","BAILESTI, RO","  37.5","24","  34.4","23","1013.8","23","006.5","23","  5.0"," 9","  2.8","22","  5.8","999.9","  50.2"," ","  28.6"," "," 0.00","E","999.9","000000"
"15465099999","2019-12-10","44.0166666","23.3333333","58.0","BAILESTI, RO","  35.5","24","  33.6","23","1014.2","23","006.8","23","  4.6"," 9","  2.4","23","  3.9","999.9","  44.4"," ","  27.7"," "," 0.00","I","999.9","000000"
"15465099999","2019-12-11","44.0166666","23.3333333","58.0","BAILESTI, RO","  40.1","24","  38.8","23","1017.9","23","010.6","23","  1.3"," 9","  5.6","23","  9.7"," 13.6","  41.0"," ","  35.6","*","99.99"," ","999.9","010000"
"15465099999","2019-12-12","44.0166666","23.3333333","58.0","BAILESTI, RO","  41.8","24","  41.1","23","1010.4","23","003.2","23","  1.9"," 9","  6.8","23","  7.8"," 11.7","  42.8"," ","  40.5","*"," 0.04","A","999.9","010000"
"15465099999","2019-12-13","44.0166666","23.3333333","58.0","BAILESTI, RO","  42.1","24","  41.4","24","1001.8","24","994.6","24","  1.2","10","  5.8","24","  9.7"," 11.7","  43.2","*","  41.0"," "," 0.24","G","999.9","010000"
"15465099999","2019-12-14","44.0166666","23.3333333","58.0","BAILESTI, RO","  44.1","24","  42.9","23","1002.8","23","995.6","23","  2.1"," 9","  5.2","23","  9.7","999.9","  46.4","*","  42.3","*"," 0.00","G","999.9","000000"
"15465099999","2019-12-15","44.0166666","23.3333333","58.0","BAILESTI, RO","  42.6","24","  38.5","23","1018.5","23","011.2","23","  6.2"," 9","  4.9","23","  9.7"," 11.7","  52.9"," ","  34.7","*"," 0.00","I","999.9","000000"
"15465099999","2019-12-16","44.0166666","23.3333333","58.0","BAILESTI, RO","  37.6","24","  35.0","23","1023.9","23","016.5","23","  2.2"," 9","  1.7","23","  3.9","999.9","  51.6"," ","  28.4"," "," 0.00","I","999.9","100000"
"15465099999","2019-12-17","44.0166666","23.3333333","58.0","BAILESTI, RO","  33.2","24","  32.6","23","1024.0","23","016.5","23","  0.5"," 9","  1.4","23","  1.9","999.9","  42.4"," ","  28.2"," "," 0.00","I","999.9","100000"
"15465099999","2019-12-18","44.0166666","23.3333333","58.0","BAILESTI, RO","  34.7","24","  34.4","23","1025.0","23","017.5","23","  0.6"," 9","  1.5","23","  3.9","999.9","  45.9"," ","  29.3"," "," 0.00","I","999.9","100000"
"15465099999","2019-12-19","44.0166666","23.3333333","58.0","BAILESTI, RO","  40.3","24","  38.1","23","1026.5","23","019.2","23","  3.2"," 9","  3.0","23","  5.8","999.9","  54.1"," ","  32.0","*"," 0.00","I","999.9","000000"
"15465099999","2019-12-20","44.0166666","23.3333333","58.0","BAILESTI, RO","  38.1","24","  37.1","23","1019.1","23","011.7","23","  1.0"," 9","  3.3","23","  7.8","  9.7","  45.3"," ","  32.9","*"," 0.00","I","999.9","100000"
"15465099999","2019-12-21","44.0166666","23.3333333","58.0","BAILESTI, RO","  37.7","24","  37.5","23","1008.4","23","001.1","23","  0.6"," 9","  2.1","23","  3.9","999.9","  40.1"," ","  35.8"," "," 0.00","I","999.9","100000"
"15465099999","2019-12-22","44.0166666","23.3333333","58.0","BAILESTI, RO","  40.8","24","  40.7","23"," 996.2","23","989.1","23","  0.5"," 9","  2.9","23","  9.7"," 19.4","  46.8","*","  36.3"," "," 0.01","A","999.9","110000"
"15465099999","2019-12-23","44.0166666","23.3333333","58.0","BAILESTI, RO","  45.2","24","  41.2","22"," 993.3","23","986.3","23","  4.9"," 9","  8.4","23"," 15.5"," 19.4","  49.8"," ","  41.4","*","99.99"," ","999.9","110000"
"15465099999","2019-12-24","44.0166666","23.3333333","58.0","BAILESTI, RO","  45.4","24","  38.2","23","1004.4","23","997.2","23","  6.2"," 9"," 14.6","23"," 21.4"," 29.1","  49.5"," ","  42.8","*"," 0.00","I","999.9","000000"
"15465099999","2019-12-25","44.0166666","23.3333333","58.0","BAILESTI, RO","  42.4","24","  35.7","23","1009.7","23","002.5","23","  6.2"," 9"," 11.7","23"," 15.5"," 21.4","  49.6"," ","  34.2","*"," 0.00","I","999.9","000000"
"15465099999","2019-12-26","44.0166666","23.3333333","58.0","BAILESTI, RO","  38.0","24","  34.0","23","1016.4","23","009.1","23","  6.2"," 9","  9.1","23"," 17.5"," 21.4","  47.5"," ","  30.0"," "," 0.00","I","999.9","000000"
"15465099999","2019-12-27","44.0166666","23.3333333","58.0","BAILESTI, RO","  38.2","24","  31.7","23","1020.2","23","012.8","23","  6.2"," 9","  9.9","23"," 13.6"," 19.4","  45.1"," ","  32.4","*"," 0.00","I","999.9","000000"
"15465099999","2019-12-28","44.0166666","23.3333333","58.0","BAILESTI, RO","  37.3","24","  29.6","23","1021.9","23","014.5","23","  6.2"," 9","  7.8","23"," 15.5","999.9","  46.4"," ","  30.7","*"," 0.00","I","999.9","000000"
"15465099999","2019-12-29","44.0166666","23.3333333","58.0","BAILESTI, RO","  33.3","24","  27.6","23","1028.7","23","021.2","23","  6.2"," 9","  7.3","23"," 11.7"," 17.5","  38.8"," ","  28.6","*"," 0.00","I","999.9","000000"
"15465099999","2019-12-30","44.0166666","23.3333333","58.0","BAILESTI, RO","  32.3","24","  25.3","23","1034.9","23","027.4","23","  6.2"," 9","  4.2","23","  9.7"," 13.6","  41.5"," ","  26.6","*"," 0.00","I","999.9","000000"
"15465099999","2019-12-31","44.0166666","23.3333333","58.0","BAILESTI, RO","  34.3","24","  22.3","23","1027.2","23","019.8","23","  6.2"," 9"," 11.4","23"," 19.4"," 25.3","  41.4"," ","  25.9","*"," 0.00","I","999.9","000000"
