"STATION","DATE","LATITUDE","LONGITUDE","ELEVATION","NAME","TEMP","TEMP_ATTRIBUTES","DEWP","DEWP_ATTRIBUTES","SLP","SLP_ATTRIBUTES","STP","STP_ATTRIBUTES","VISIB","VISIB_ATTRIBUTES","WDSP","WDSP_ATTRIBUTES","MXSPD","GUST","MAX","MAX_ATTRIBUTES","MIN","MIN_ATTRIBUTES","PRCP","PRCP_ATTRIBUTES","SNDP","FRSHTT"
"27369099999","2019-01-01","57.1333333","45.1666666","110.0","KRASNYE BAKI, RS","  19.1"," 8","  15.5"," 8","1021.1"," 8","006.7"," 8","  8.5"," 8","  5.8"," 8","  7.8","999.9","  22.3","*","  16.5","*"," 0.01","F"," 10.2","001000"
"27369099999","2019-01-02","57.1333333","45.1666666","110.0","KRASNYE BAKI, RS","  20.6"," 8","  16.4"," 8","1015.6"," 8","001.4"," 8","  7.9"," 8","  7.0"," 8","  7.8","999.9","  23.7","*","  16.3"," "," 0.00","F","  9.8","001000"
"27369099999","2019-01-03","57.1333333","45.1666666","110.0","KRASNYE BAKI, RS","  24.7"," 8","  21.0"," 8","1020.1"," 8","005.9"," 8","  6.4"," 8","  5.1"," 8","  5.8","999.9","  25.5"," ","  21.9"," "," 0.11","F"," 10.2","001000"
"27369099999","2019-01-04","57.1333333","45.1666666","110.0","KRASNYE BAKI, RS","  21.5"," 8","  18.4"," 8","1016.8"," 8","002.6"," 8","  8.2"," 8","  4.4"," 8","  5.8","999.9","  23.4","*","  19.2","*"," 0.16","F"," 10.6","001000"
"27369099999","2019-01-05","57.1333333","45.1666666","110.0","KRASNYE BAKI, RS","  18.3"," 7","  15.6"," 7","1010.3"," 7","996.1"," 7","  8.2"," 7","  3.6"," 7","  5.8","999.9","  20.3"," ","  15.1","*"," 0.05","F"," 10.6","001000"
"27369099999","2019-01-06","57.1333333","45.1666666","110.0","KRASNYE BAKI, RS","   9.3"," 8","   5.5"," 8","1016.6"," 8","002.0"," 8","  9.1"," 8","  5.6"," 8","  7.8","999.9","  14.4"," ","  -0.2","*"," 0.05","F"," 11.0","001000"
"27369099999","2019-01-07","57.1333333","45.1666666","110.0","KRASNYE BAKI, RS","   6.8"," 8","   2.7"," 8","1020.4"," 8","005.0"," 8","  7.9"," 8","  4.6"," 8","  9.7","999.9","   9.9","*","  -0.4"," "," 0.01","F"," 11.0","001000"
"27369099999","2019-01-08","57.1333333","45.1666666","110.0","KRASNYE BAKI, RS","  12.4"," 8","   8.7"," 8","1011.7"," 8","997.1"," 7","  6.0"," 8","  4.9"," 8","  7.8","999.9","  14.9"," ","   9.0"," "," 0.05","F"," 11.0","001000"
"27369099999","2019-01-09","57.1333333","45.1666666","110.0","KRASNYE BAKI, RS","  13.7"," 8","   9.3"," 8","1016.8"," 8","002.4"," 8","  8.5"," 8","  3.9"," 8","  3.9","999.9","  15.3"," ","  11.7","*"," 0.01","F"," 11.4","001000"
"27369099999","2019-01-10","57.1333333","45.1666666","110.0","KRASNYE BAKI, RS","  12.8"," 8","   9.4"," 8","1022.6"," 8","008.0"," 8","  7.9"," 8","  4.1"," 8","  5.8","999.9","  18.3","*","   5.2"," "," 0.00","F"," 11.0","001000"
"27369099999","2019-01-11","57.1333333","45.1666666","110.0","KRASNYE BAKI, RS","  16.2"," 8","  12.4"," 8","1014.5"," 8","999.3"," 8","  7.7"," 8","  4.1"," 8","  5.8","999.9","  18.3","*","  14.4","*"," 0.03","F"," 11.0","001000"
"27369099999","2019-01-12","57.1333333","45.1666666","110.0","KRASNYE BAKI, RS","  15.0"," 8","  10.6"," 8"," 997.0"," 8","982.9"," 8","  6.9"," 8","  5.1"," 8","  5.8","999.9","  15.6"," ","  14.0"," "," 0.04","F"," 11.0","001000"
"27369099999","2019-01-13","57.1333333","45.1666666","110.0","KRASNYE BAKI, RS","  14.1"," 8","   9.7"," 8"," 994.7"," 8","980.6"," 8","  7.9"," 8","  5.6"," 8","  7.8","999.9","  16.9","*","  10.8"," "," 0.09","F"," 11.8","001000"
"27369099999","2019-01-14","57.1333333","45.1666666","110.0","KRASNYE BAKI, RS","  21.0"," 8","  17.2"," 8"," 998.2"," 8","984.2"," 8"," 10.1"," 8","  5.8"," 8","  7.8","999.9","  24.8","*","  15.3"," "," 0.01","F"," 11.8","001000"
"27369099999","2019-01-15","57.1333333","45.1666666","110.0","KRASNYE BAKI, RS","  25.3"," 8","  21.6"," 8"," 998.6"," 8","984.7"," 8","  8.5"," 8","  6.3"," 8","  7.8","999.9","  29.3","*","  22.5"," "," 0.09","F"," 12.2","001000"
"27369099999","2019-01-16","57.1333333","45.1666666","110.0","KRASNYE BAKI, RS","  23.6"," 8","  20.8"," 8"," 997.9"," 8","984.0"," 8","  5.4"," 8","  2.9"," 8","  5.8","999.9","  25.7"," ","  19.8","*"," 0.18","F"," 11.8","001000"
"27369099999","2019-01-17","57.1333333","45.1666666","110.0","KRASNYE BAKI, RS","  20.5"," 8","  16.1"," 8","1001.8"," 8","987.7"," 8","  7.9"," 8","  6.8"," 8","  9.7","999.9","  23.4","*","  17.1"," "," 0.01","F"," 13.4","001000"
"27369099999","2019-01-18","57.1333333","45.1666666","110.0","KRASNYE BAKI, RS","  29.8"," 8","  25.3"," 8"," 998.3"," 8","984.6"," 8","  7.3"," 8","  9.2"," 8"," 11.7","999.9","  33.3"," ","  21.9"," "," 0.22","F"," 14.2","001000"
"27369099999","2019-01-19","57.1333333","45.1666666","110.0","KRASNYE BAKI, RS","  23.8"," 8","  19.1"," 8","1004.5"," 8","990.5"," 8","  8.5"," 8","  5.8"," 8","  9.7","999.9","  33.1"," ","  19.0","*"," 0.16","F"," 14.6","001000"
"27369099999","2019-01-20","57.1333333","45.1666666","110.0","KRASNYE BAKI, RS","  17.8"," 8","  13.3"," 8","1009.8"," 8","995.5"," 8","  7.9"," 8","  5.8"," 8","  7.8","999.9","  22.1","*","  13.1"," "," 0.00","F"," 14.6","001000"
"27369099999","2019-01-21","57.1333333","45.1666666","110.0","KRASNYE BAKI, RS","  17.7"," 8","  12.8"," 8","1006.1"," 8","991.9"," 8","  7.7"," 8","  5.8"," 8","  9.7","999.9","  23.5"," ","   4.6","*"," 0.06","F"," 14.6","001000"
"27369099999","2019-01-22","57.1333333","45.1666666","110.0","KRASNYE BAKI, RS","   2.6"," 8","  -2.4"," 8","1011.8"," 8","997.1"," 8","  8.5"," 8","  4.6"," 8","  5.8","999.9","   6.3"," ","  -2.0"," "," 0.00","F"," 14.6","001000"
"27369099999","2019-01-23","57.1333333","45.1666666","110.0","KRASNYE BAKI, RS","   2.5"," 8","  -2.1"," 8","1020.7"," 8","005.8"," 8","  8.5"," 8","  3.9"," 8","  7.8","999.9","  11.3"," ","  -3.8"," "," 0.02","F"," 14.6","000000"
"27369099999","2019-01-24","57.1333333","45.1666666","110.0","KRASNYE BAKI, RS","   1.6"," 8","  -2.4"," 8","1019.2"," 8","004.4"," 8","  9.3"," 8","  4.2"," 7","  5.8","999.9","   4.3","*","  -3.1"," "," 0.02","F"," 14.6","001000"
"27369099999","2019-01-25","57.1333333","45.1666666","110.0","KRASNYE BAKI, RS","   0.9"," 8","  -3.8"," 8","1021.2"," 8","006.3"," 8","  8.5"," 8","  6.1"," 8","  9.7","999.9","   6.6"," ","  -4.4"," "," 0.04","F"," 14.6","000000"
"27369099999","2019-01-26","57.1333333","45.1666666","110.0","KRASNYE BAKI, RS","   2.3"," 8","  -3.0"," 8","1028.7"," 8","013.7"," 8","  7.9"," 8","  4.6"," 8"," 11.7","999.9","  10.9","*","  -6.9"," "," 0.00","F"," 14.6","001000"
"27369099999","2019-01-27","57.1333333","45.1666666","110.0","KRASNYE BAKI, RS","  12.3"," 8","   2.7"," 8","1018.1"," 8","003.6"," 8","  7.9"," 8"," 10.0"," 8"," 11.7","999.9","  14.5","*","   7.2"," "," 0.16","F"," 15.4","001000"
"27369099999","2019-01-28","57.1333333","45.1666666","110.0","KRASNYE BAKI, RS","  15.3"," 8","  11.7"," 8","1018.1"," 8","003.6"," 8","  6.1"," 8","  4.6"," 8","  7.8","999.9","  19.6"," ","  12.4"," "," 0.20","F"," 15.4","001000"
"27369099999","2019-01-29","57.1333333","45.1666666","110.0","KRASNYE BAKI, RS","  14.6"," 8","  11.4"," 8","1020.7"," 8","006.2"," 8","  8.6"," 8","  3.3"," 7","  3.9","999.9","  17.6","*","   8.4"," "," 0.02","F"," 16.5","001000"
"27369099999","2019-01-30","57.1333333","45.1666666","110.0","KRASNYE BAKI, RS","  20.6"," 8","  15.1"," 8","1021.3"," 8","007.0"," 8","  8.5"," 8","  4.1"," 8","  5.8","999.9","  23.5"," ","  16.9"," "," 0.00","F"," 16.5","001000"
"27369099999","2019-01-31","57.1333333","45.1666666","110.0","KRASNYE BAKI, RS","  26.4"," 8","  23.6"," 8","1019.2"," 8","005.1"," 8","  8.5"," 8","  5.1"," 8","  5.8","999.9","  29.5"," ","  22.3"," "," 0.12","F"," 16.5","011000"
"27369099999","2019-02-01","57.1333333","45.1666666","110.0","KRASNYE BAKI, RS","  20.8"," 8","  18.1"," 8","1021.3"," 8","007.0"," 8","  8.5"," 8","  4.4"," 8","  5.8","999.9","  23.2","*","  18.1","*"," 0.00","F"," 15.7","001000"
"27369099999","2019-02-02","57.1333333","45.1666666","110.0","KRASNYE BAKI, RS","  20.1"," 8","  16.6"," 8","1023.2"," 8","008.9"," 8","  7.5"," 8","  1.9"," 7","  1.9","999.9","  22.5"," ","  17.8"," "," 0.09","F"," 16.1","001000"
"27369099999","2019-02-03","57.1333333","45.1666666","110.0","KRASNYE BAKI, RS","  21.8"," 8","  19.2"," 8","1024.3"," 8","010.0"," 8","  4.8"," 8","  2.4"," 8","  3.9","999.9","  23.5"," ","  19.9"," "," 0.15","F"," 16.1","001000"
"27369099999","2019-02-04","57.1333333","45.1666666","110.0","KRASNYE BAKI, RS","  14.9"," 8","  10.7"," 8","1028.1"," 8","013.5"," 8","  4.9"," 8","  6.9"," 7","  9.7","999.9","  22.3"," ","   3.2","*"," 0.16","F"," 16.9","001000"
"27369099999","2019-02-05","57.1333333","45.1666666","110.0","KRASNYE BAKI, RS","   7.6"," 8","   3.4"," 8","1027.9"," 8","013.1"," 8","  5.6"," 8","  5.5"," 6","  9.7","999.9","  12.0","*","   3.0"," "," 0.28","F"," 18.9","001000"
"27369099999","2019-02-06","57.1333333","45.1666666","110.0","KRASNYE BAKI, RS","  14.1"," 8","  10.3"," 8","1028.6"," 8","014.0"," 8","  7.3"," 8","  4.4"," 8","  7.8","999.9","  18.0"," ","   9.7"," "," 0.00","F"," 19.3","001000"
"27369099999","2019-02-07","57.1333333","45.1666666","110.0","KRASNYE BAKI, RS","  16.1"," 8","  12.9"," 8","1016.9"," 8","002.5"," 8","  5.0"," 8","  3.6"," 8","  5.8","999.9","  19.2"," ","  11.1"," "," 0.59","F"," 22.8","001000"
"27369099999","2019-02-08","57.1333333","45.1666666","110.0","KRASNYE BAKI, RS","  25.0"," 8","  20.8"," 8","1021.2"," 8","007.0"," 8","  8.5"," 8","  4.4"," 8","  5.8","999.9","  28.6"," ","  16.0"," "," 0.00","F"," 22.8","000000"
"27369099999","2019-02-09","57.1333333","45.1666666","110.0","KRASNYE BAKI, RS","  26.1"," 8","  22.8"," 8","1019.3"," 8","005.1"," 8","  6.5"," 8","  5.8"," 8","  5.8","999.9","  27.5"," ","  24.1"," "," 0.04","F"," 22.8","001000"
"27369099999","2019-02-10","57.1333333","45.1666666","110.0","KRASNYE BAKI, RS","  23.0"," 8","  18.9"," 8","1019.4"," 8","005.1"," 8","  7.9"," 8","  5.8"," 8","  7.8","999.9","  24.8","*","  21.6","*"," 0.01","F"," 22.8","001000"
"27369099999","2019-02-11","57.1333333","45.1666666","110.0","KRASNYE BAKI, RS","  23.5"," 8","  19.9"," 8","1019.9"," 8","005.7"," 8","  7.3"," 8","  4.9"," 8","  5.8","999.9","  24.8"," ","  21.6"," "," 0.00","F"," 23.2","001000"
"27369099999","2019-02-12","57.1333333","45.1666666","110.0","KRASNYE BAKI, RS","  25.5"," 8","  21.4"," 8","1019.2"," 7","005.2"," 8","  7.9"," 8","  7.3"," 8","  9.7","999.9","  27.3","*","  22.5"," "," 0.00","F"," 23.2","001000"
"27369099999","2019-02-13","57.1333333","45.1666666","110.0","KRASNYE BAKI, RS","  25.8"," 8","  20.8"," 8","1012.8"," 8","998.8"," 8","  6.5"," 8","  7.8"," 8","  9.7","999.9","  28.4","*","  24.3"," "," 0.20","F"," 23.6","001000"
"27369099999","2019-02-14","57.1333333","45.1666666","110.0","KRASNYE BAKI, RS","  24.3"," 8","  19.3"," 8","1018.1"," 8","003.9"," 8","  8.5"," 8","  5.1"," 8","  7.8","999.9","  27.3","*","  20.8","*"," 0.04","F"," 24.0","001000"
"27369099999","2019-02-15","57.1333333","45.1666666","110.0","KRASNYE BAKI, RS","  27.8"," 8","  24.9"," 8","1006.4"," 8","992.5"," 8","  4.3"," 8","  6.8"," 8","  7.8","999.9","  33.8","*","  20.3"," "," 0.24","F"," 23.2","001000"
"27369099999","2019-02-16","57.1333333","45.1666666","110.0","KRASNYE BAKI, RS","  30.6"," 8","  25.3"," 8","1003.9"," 8","990.1"," 8","  8.5"," 8","  7.0"," 8","  9.7","999.9","  34.2"," ","  22.1","*"," 0.02","F"," 24.4","001000"
"27369099999","2019-02-17","57.1333333","45.1666666","110.0","KRASNYE BAKI, RS","  29.9"," 8","  25.9"," 8"," 990.3"," 8","976.7"," 8","  8.5"," 8","  7.0"," 8","  7.8","999.9","  33.6"," ","  21.9"," "," 0.01","F"," 22.8","001000"
"27369099999","2019-02-18","57.1333333","45.1666666","110.0","KRASNYE BAKI, RS","  22.9"," 7","  10.5"," 7","1004.9"," 7","990.9"," 7","  8.0"," 7"," 13.6"," 7"," 19.4","999.9","  31.3","*","  14.5","*"," 0.02","F"," 23.2","001000"
"27369099999","2019-02-19","57.1333333","45.1666666","110.0","KRASNYE BAKI, RS","  17.5"," 8","   7.7"," 8","1012.4"," 8","998.1"," 8","  8.5"," 8","  5.1"," 8","  7.8","999.9","  26.6","*","   8.2"," "," 0.00","F"," 23.2","000000"
"27369099999","2019-02-20","57.1333333","45.1666666","110.0","KRASNYE BAKI, RS","  29.3"," 8","  21.0"," 8"," 999.5"," 8","985.7"," 8","  8.5"," 8","  5.8"," 8","  7.8","999.9","  32.4","*","  22.1"," "," 0.00","F"," 20.5","000000"
"27369099999","2019-02-21","57.1333333","45.1666666","110.0","KRASNYE BAKI, RS","  32.6"," 8","  30.3"," 8"," 995.6"," 8","982.0"," 8","  5.4"," 8","  4.1"," 8","  7.8","999.9","  34.2"," ","  29.1"," "," 0.09","F"," 20.5","001000"
"27369099999","2019-02-22","57.1333333","45.1666666","110.0","KRASNYE BAKI, RS","  18.0"," 8","  14.4"," 8","1008.6"," 8","994.4"," 8","  8.1"," 8"," 10.2"," 8"," 11.7"," 23.3","  32.2","*","  12.6","*"," 0.39","F"," 22.8","001000"
"27369099999","2019-02-23","57.1333333","45.1666666","110.0","KRASNYE BAKI, RS","  12.4"," 8","   1.2"," 8","1024.8"," 8","010.1"," 8","  8.5"," 8","  5.3"," 8","  7.8","999.9","  20.7"," ","   5.4"," "," 0.02","F"," 23.2","000000"
"27369099999","2019-02-24","57.1333333","45.1666666","110.0","KRASNYE BAKI, RS","  18.3"," 8","  12.9"," 8","1019.4"," 8","005.0"," 8","  7.3"," 8","  4.6"," 8","  7.8","999.9","  21.9"," ","  12.6"," "," 0.00","F"," 22.4","000000"
"27369099999","2019-02-25","57.1333333","45.1666666","110.0","KRASNYE BAKI, RS","  26.5"," 8","  23.8"," 8","1003.3"," 8","989.4"," 8","  2.9"," 8","  4.4"," 8","  5.8","999.9","  29.7"," ","  20.7"," "," 0.09","F"," 22.0","001000"
"27369099999","2019-02-26","57.1333333","45.1666666","110.0","KRASNYE BAKI, RS","  32.3"," 8","  28.2"," 8","1000.7"," 8","987.0"," 8","  7.3"," 8","  2.9"," 8","  3.9","999.9","  35.6"," ","  28.9"," "," 0.02","F"," 22.4","000000"
"27369099999","2019-02-27","57.1333333","45.1666666","110.0","KRASNYE BAKI, RS","  24.4"," 8","  19.0"," 8","1005.7"," 8","991.8"," 8","  8.5"," 8","  4.6"," 8","  5.8","999.9","  30.9","*","  15.6","*"," 0.01","F"," 22.4","001000"
"27369099999","2019-02-28","57.1333333","45.1666666","110.0","KRASNYE BAKI, RS","  22.0"," 8","  18.3"," 8"," 987.6"," 8","973.9"," 8","  7.9"," 8","  3.6"," 6","  3.9","999.9","  27.5"," ","  15.4"," "," 0.12","F"," 22.4","001000"
"27369099999","2019-03-01","57.1333333","45.1666666","110.0","KRASNYE BAKI, RS","  24.5"," 8","  20.3"," 8"," 988.9"," 8","975.2"," 8","  7.7"," 8","  4.2"," 6","  7.8","999.9","  28.6"," ","  19.8"," "," 0.01","F"," 22.4","001000"
"27369099999","2019-03-02","57.1333333","45.1666666","110.0","KRASNYE BAKI, RS","  15.6"," 8","   7.7"," 8"," 999.9"," 8","985.7"," 8","  8.5"," 8","  6.1"," 8","  7.8","999.9","  23.5"," ","   9.3","*"," 0.00","F"," 22.4","000000"
"27369099999","2019-03-03","57.1333333","45.1666666","110.0","KRASNYE BAKI, RS","  13.3"," 8","   8.9"," 8"," 996.1"," 8","982.0"," 8","  6.5"," 8","  4.6"," 8","  5.8","999.9","  20.5","*","  -1.7"," "," 0.08","F"," 22.4","001000"
"27369099999","2019-03-04","57.1333333","45.1666666","110.0","KRASNYE BAKI, RS","  21.2"," 8","  15.3"," 8"," 997.1"," 8","983.1"," 8","  8.5"," 8","  3.1"," 7","  5.8","999.9","  24.4"," ","  17.1"," "," 0.03","F"," 22.8","001000"
"27369099999","2019-03-05","57.1333333","45.1666666","110.0","KRASNYE BAKI, RS","  29.3"," 8","  26.5"," 8"," 993.0"," 8","979.4"," 8","  6.7"," 8","  7.3"," 8","  9.7","999.9","  35.2","*","  18.5"," "," 0.12","F"," 22.8","011000"
"27369099999","2019-03-06","57.1333333","45.1666666","110.0","KRASNYE BAKI, RS","  28.0"," 8","  23.0"," 8"," 993.4"," 8","979.7"," 8","  6.7"," 8","  9.0"," 8"," 13.6","999.9","  36.9"," ","  14.7","*"," 0.39","F"," 21.7","011000"
"27369099999","2019-03-07","57.1333333","45.1666666","110.0","KRASNYE BAKI, RS","  21.2"," 8","   4.8"," 8","1019.2"," 8","004.9"," 8","  8.5"," 8","  7.0"," 8","  9.7","999.9","  30.7"," ","  10.2"," "," 0.00","F"," 20.9","000000"
"27369099999","2019-03-08","57.1333333","45.1666666","110.0","KRASNYE BAKI, RS","  28.2"," 8","  16.5"," 8","1014.9"," 8","000.9"," 8","  8.5"," 8","  8.0"," 8","  9.7","999.9","  32.4"," ","  23.0"," "," 0.00","F"," 20.9","001000"
"27369099999","2019-03-09","57.1333333","45.1666666","110.0","KRASNYE BAKI, RS","  35.3"," 8","  31.4"," 8","1003.4"," 8","989.8"," 8","  7.9"," 8","  6.1"," 8","  7.8","999.9","  39.6"," ","  30.0"," "," 0.06","F"," 20.9","011000"
"27369099999","2019-03-10","57.1333333","45.1666666","110.0","KRASNYE BAKI, RS","  34.9"," 8","  23.3"," 8","1003.3"," 8","989.7"," 8","  7.9"," 8","  6.8"," 8"," 11.7","999.9","  41.7"," ","  28.0"," "," 0.03","F"," 19.3","001000"
"27369099999","2019-03-11","57.1333333","45.1666666","110.0","KRASNYE BAKI, RS","  34.2"," 8","  31.1"," 8"," 996.2"," 8","982.8"," 8","  8.5"," 8","  2.9"," 8","  5.8","999.9","  36.3"," ","  32.7","*"," 0.00","F"," 18.9","000000"
"27369099999","2019-03-12","57.1333333","45.1666666","110.0","KRASNYE BAKI, RS","  31.0"," 8","  24.3"," 8"," 998.4"," 8","984.8"," 8","  8.1"," 8","  5.1"," 8","  7.8","999.9","  33.1"," ","  25.2","*"," 0.08","F"," 18.9","011000"
"27369099999","2019-03-13","57.1333333","45.1666666","110.0","KRASNYE BAKI, RS","  24.7"," 7","  17.4"," 7","1009.5"," 7","995.5"," 7","  8.0"," 7","  3.3"," 7","  5.8","999.9","  34.9"," ","  19.8"," "," 0.02","F"," 18.5","001000"
"27369099999","2019-03-14","57.1333333","45.1666666","110.0","KRASNYE BAKI, RS","  23.2"," 8","  14.9"," 8","1016.6"," 8","002.4"," 8"," 10.1"," 8","  3.4"," 8","  5.8","999.9","  31.3"," ","  14.7"," "," 0.00","F"," 17.3","000000"
"27369099999","2019-03-15","57.1333333","45.1666666","110.0","KRASNYE BAKI, RS","  25.3"," 8","  12.6"," 8","1020.1"," 8","006.0"," 8","  9.3"," 8","  3.9"," 7","  7.8","999.9","  35.1"," ","  10.8"," "," 0.00","F"," 17.3","000000"
"27369099999","2019-03-16","57.1333333","45.1666666","110.0","KRASNYE BAKI, RS","  28.2"," 7","  20.1"," 7","1015.6"," 7","001.6"," 7","  8.9"," 7","  6.1"," 7","  9.7","999.9","  32.5"," ","  21.0"," "," 0.00","F"," 17.3","001000"
"27369099999","2019-03-17","57.1333333","45.1666666","110.0","KRASNYE BAKI, RS","  31.0"," 8","  26.4"," 8","1017.3"," 8","003.3"," 8","  9.3"," 8","  4.4"," 8","  5.8","999.9","  33.8"," ","  27.0"," "," 0.08","F"," 17.3","001000"
"27369099999","2019-03-18","57.1333333","45.1666666","110.0","KRASNYE BAKI, RS","  35.8"," 8","  30.2"," 8","1024.1"," 8","010.1"," 8","  9.3"," 8","  4.4"," 8","  5.8","999.9","  40.1"," ","  31.8"," "," 0.00","F"," 17.3","000000"
"27369099999","2019-03-19","57.1333333","45.1666666","110.0","KRASNYE BAKI, RS","  36.1"," 8","  30.3"," 8","1022.0"," 8","008.7"," 8","  9.3"," 8","  6.3"," 8","  7.8","999.9","  38.7"," ","  33.1"," "," 0.00","F"," 17.3","000000"
"27369099999","2019-03-20","57.1333333","45.1666666","110.0","KRASNYE BAKI, RS","  37.3"," 8","  32.2"," 8","1020.5"," 8","006.7"," 8","  8.5"," 8","  4.9"," 8","  5.8","999.9","  42.1"," ","  35.2","*"," 0.00","F"," 16.9","000000"
"27369099999","2019-03-21","57.1333333","45.1666666","110.0","KRASNYE BAKI, RS","  36.1"," 8","  27.4"," 8","1018.2"," 8","004.4"," 8","  9.3"," 8","  3.2"," 8","  5.8","999.9","  41.0"," ","  32.5"," "," 0.00","F"," 15.4","000000"
"27369099999","2019-03-22","57.1333333","45.1666666","110.0","KRASNYE BAKI, RS","  35.2"," 8","  24.1"," 8","1012.1"," 8","998.4"," 8","  9.3"," 8","  3.4"," 8","  3.9","999.9","  39.0"," ","  32.0"," "," 0.00","F"," 15.0","000000"
"27369099999","2019-03-23","57.1333333","45.1666666","110.0","KRASNYE BAKI, RS","  37.2"," 8","  21.0"," 8","1019.3"," 8","005.5"," 8","  9.3"," 8","  3.4"," 8","  5.8","999.9","  46.0"," ","  30.6"," "," 0.00","F"," 13.8","000000"
"27369099999","2019-03-24","57.1333333","45.1666666","110.0","KRASNYE BAKI, RS","  33.1"," 8","  25.9"," 8","1012.6"," 8","998.8"," 8","  9.3"," 8","  5.1"," 8","  7.8","999.9","  37.4"," ","  27.3"," "," 0.00","F"," 13.0","001000"
"27369099999","2019-03-25","57.1333333","45.1666666","110.0","KRASNYE BAKI, RS","  31.8"," 8","  24.8"," 8","1000.4"," 8","986.7"," 8","  9.3"," 8","  6.4"," 7","  9.7","999.9","  37.8"," ","  25.0"," "," 0.00","F"," 12.2","000000"
"27369099999","2019-03-26","57.1333333","45.1666666","110.0","KRASNYE BAKI, RS","  37.6"," 8","  22.7"," 8","1005.6"," 8","991.9"," 8","  9.5"," 8","  5.1"," 8","  7.8","999.9","  46.8"," ","  28.2"," "," 0.00","F"," 11.4","001000"
"27369099999","2019-03-27","57.1333333","45.1666666","110.0","KRASNYE BAKI, RS","  34.4"," 8","  30.3"," 8","1011.9"," 8","998.1"," 8","  8.6"," 8","  3.6"," 8","  3.9","999.9","  37.8"," ","  31.6","*"," 0.00","F"," 11.0","100000"
"27369099999","2019-03-28","57.1333333","45.1666666","110.0","KRASNYE BAKI, RS","  34.1"," 8","  16.3"," 8","1014.8"," 8","001.0"," 8"," 10.1"," 8","  5.8"," 8","  9.7","999.9","  39.6"," ","  26.2"," "," 0.00","F"," 10.6","000000"
"27369099999","2019-03-29","57.1333333","45.1666666","110.0","KRASNYE BAKI, RS","  34.6"," 8","  16.9"," 8","1011.7"," 8","997.9"," 8"," 10.9"," 8","  5.8"," 8","  7.8","999.9","  42.3"," ","  28.6"," "," 0.01","F"," 10.6","000000"
"27369099999","2019-03-30","57.1333333","45.1666666","110.0","KRASNYE BAKI, RS","  36.6"," 8","  29.9"," 8","1004.8"," 8","991.2"," 8","  9.5"," 8","  8.3"," 8","  9.7","999.9","  41.7"," ","  30.7"," "," 0.01","F"," 10.2","001000"
"27369099999","2019-03-31","57.1333333","45.1666666","110.0","KRASNYE BAKI, RS","  43.3"," 8","  31.0"," 8","1004.5"," 8","991.0"," 8"," 10.1"," 8","  6.8"," 8","  9.7","999.9","  53.2"," ","  33.3"," "," 0.00","F","  9.8","000000"
"27369099999","2019-04-01","57.1333333","45.1666666","110.0","KRASNYE BAKI, RS","  41.7"," 8","  23.1"," 8","1010.1"," 8","996.5"," 8"," 10.1"," 8","  5.8"," 8","  9.7","999.9","  46.9"," ","  36.0","*"," 0.00","F","  9.1","000000"
"27369099999","2019-04-02","57.1333333","45.1666666","110.0","KRASNYE BAKI, RS","  35.8"," 8","  17.1"," 8","1025.3"," 8","011.4"," 8"," 10.1"," 8","  4.4"," 8","  5.8","999.9","  46.0"," ","  26.2","*"," 0.00","F","  8.7","000000"
"27369099999","2019-04-03","57.1333333","45.1666666","110.0","KRASNYE BAKI, RS","  35.3"," 8","  16.2"," 8","1026.5"," 8","012.6"," 8"," 10.1"," 8","  3.9"," 8","  7.8","999.9","  47.7"," ","  21.4"," "," 0.00","F","  7.9","000000"
"27369099999","2019-04-04","57.1333333","45.1666666","110.0","KRASNYE BAKI, RS","  37.1"," 8","  18.0"," 8","1024.4"," 8","010.5"," 8"," 10.1"," 8","  3.2"," 8","  5.8","999.9","  50.0"," ","  26.1"," "," 0.00","F","  7.1","000000"
"27369099999","2019-04-05","57.1333333","45.1666666","110.0","KRASNYE BAKI, RS","  36.3"," 8","  25.1"," 8","1024.5"," 8","010.6"," 8"," 10.1"," 8","  3.6"," 7","  5.8","999.9","  45.9"," ","  23.0"," "," 0.00","F","  5.9","000000"
"27369099999","2019-04-06","57.1333333","45.1666666","110.0","KRASNYE BAKI, RS","  38.7"," 8","  29.5"," 8","1028.8"," 8","014.9"," 8"," 10.1"," 8","  4.4"," 7","  9.7","999.9","  46.9"," ","  28.6"," "," 0.00","F","  3.9","010000"
"27369099999","2019-04-07","57.1333333","45.1666666","110.0","KRASNYE BAKI, RS","  37.2"," 8","  32.4"," 8","1020.8"," 8","006.9"," 8","  9.2"," 8","  4.1"," 8","  7.8","999.9","  39.4"," ","  35.4"," "," 0.20","F","  2.8","010000"
"27369099999","2019-04-08","57.1333333","45.1666666","110.0","KRASNYE BAKI, RS","  41.2"," 8","  26.0"," 8","1021.2"," 8","007.5"," 8"," 10.1"," 8","  4.1"," 8","  5.8","999.9","  50.5"," ","  32.5"," "," 0.00","F","  1.2","000000"
"27369099999","2019-04-09","57.1333333","45.1666666","110.0","KRASNYE BAKI, RS","  42.9"," 8","  29.0"," 8","1017.3"," 8","004.4"," 8"," 10.1"," 8","  5.6"," 8","  7.8","999.9","  54.7"," ","  29.3"," "," 0.00","F","  0.4","000000"
"27369099999","2019-04-10","57.1333333","45.1666666","110.0","KRASNYE BAKI, RS","  48.0"," 8","  38.7"," 8","1015.5"," 8","002.1"," 8"," 10.1"," 8","  5.1"," 8","  9.7","999.9","  57.6"," ","  34.9"," "," 0.00","F","999.9","010000"
"27369099999","2019-04-11","57.1333333","45.1666666","110.0","KRASNYE BAKI, RS","  45.4"," 8","  41.9"," 8","1016.7"," 8","003.1"," 8","  9.2"," 8","  3.2"," 8","  3.9","999.9","  49.5"," ","  39.2","*"," 0.16","F","999.9","010000"
"27369099999","2019-04-12","57.1333333","45.1666666","110.0","KRASNYE BAKI, RS","  37.5"," 8","  31.7"," 8","1021.2"," 8","007.4"," 8"," 11.7"," 8","  3.2"," 6","  3.9","999.9","  40.3"," ","  34.0"," "," 0.02","F","999.9","010000"
"27369099999","2019-04-13","57.1333333","45.1666666","110.0","KRASNYE BAKI, RS","  37.5"," 8","  21.8"," 8","1023.7"," 8","009.9"," 8"," 10.9"," 8","  5.8"," 8","  9.7","999.9","  43.7"," ","  32.4"," "," 0.00","F","999.9","000000"
"27369099999","2019-04-14","57.1333333","45.1666666","110.0","KRASNYE BAKI, RS","  36.2"," 8","  15.2"," 8","1026.9"," 8","013.0"," 8"," 10.1"," 8","  5.8"," 8","  7.8","999.9","  43.9"," ","  27.7","*"," 0.00","E","999.9","000000"
"27369099999","2019-04-15","57.1333333","45.1666666","110.0","KRASNYE BAKI, RS","  39.7"," 8","  14.2"," 8","1026.4"," 8","012.6"," 8"," 10.1"," 8","  3.9"," 8","  7.8","999.9","  49.3"," ","  23.7"," "," 0.00","F","999.9","000000"
"27369099999","2019-04-16","57.1333333","45.1666666","110.0","KRASNYE BAKI, RS","  40.5"," 8","  23.5"," 8","1025.0"," 8","011.2"," 8"," 10.1"," 8","  7.0"," 8","  9.7","999.9","  43.7"," ","  33.8","*"," 0.00","F","999.9","000000"
"27369099999","2019-04-17","57.1333333","45.1666666","110.0","KRASNYE BAKI, RS","  32.5"," 8","   7.3"," 8","1034.2"," 8","020.0"," 8"," 10.1"," 8","  3.2"," 6","  3.9","999.9","  42.1"," ","  23.5","*"," 0.00","F","999.9","000000"
"27369099999","2019-04-18","57.1333333","45.1666666","110.0","KRASNYE BAKI, RS","  36.4"," 8","  12.0"," 8","1029.7"," 8","015.7"," 8"," 10.1"," 8","  2.2"," 8","  3.9","999.9","  48.4"," ","  22.1"," "," 0.00","F","999.9","000000"
"27369099999","2019-04-19","57.1333333","45.1666666","110.0","KRASNYE BAKI, RS","  39.3"," 8","  18.1"," 8","1028.2"," 8","014.4"," 8"," 10.1"," 8","  4.4"," 8","  7.8","999.9","  52.3"," ","  24.4"," "," 0.00","F","999.9","000000"
"27369099999","2019-04-20","57.1333333","45.1666666","110.0","KRASNYE BAKI, RS","  43.8"," 8","  25.0"," 8","1025.2"," 8","011.5"," 8"," 10.1"," 8","  2.6"," 6","  3.9","999.9","  57.2"," ","  26.8"," "," 0.00","F","999.9","000000"
"27369099999","2019-04-21","57.1333333","45.1666666","110.0","KRASNYE BAKI, RS","  46.8"," 8","  24.5"," 8","1026.7"," 8","013.1"," 8"," 10.1"," 8","  3.2"," 6","  3.9","999.9","  59.5"," ","  28.8"," "," 0.00","F","999.9","000000"
"27369099999","2019-04-22","57.1333333","45.1666666","110.0","KRASNYE BAKI, RS","  50.8"," 8","  26.2"," 8","1025.0"," 8","011.4"," 8"," 10.1"," 8","  5.3"," 7","  7.8","999.9","  63.7"," ","  31.8"," "," 0.00","F","999.9","000000"
"27369099999","2019-04-23","57.1333333","45.1666666","110.0","KRASNYE BAKI, RS","  50.2"," 8","  27.6"," 8","1022.8"," 8","009.3"," 8"," 10.1"," 8","  4.6"," 8","  7.8","999.9","  59.5"," ","  43.0"," "," 0.00","F","999.9","000000"
"27369099999","2019-04-24","57.1333333","45.1666666","110.0","KRASNYE BAKI, RS","  58.6"," 8","  28.8"," 8","1020.6"," 8","007.3"," 8"," 10.1"," 8","  7.3"," 8","  9.7","999.9","  71.8"," ","  43.9"," "," 0.00","F","999.9","000000"
"27369099999","2019-04-25","57.1333333","45.1666666","110.0","KRASNYE BAKI, RS","  56.7"," 8","  31.5"," 8","1019.4"," 8","006.1"," 8"," 10.1"," 8","  5.6"," 8","  9.7","999.9","  68.5"," ","  44.8"," "," 0.00","F","999.9","000000"
"27369099999","2019-04-26","57.1333333","45.1666666","110.0","KRASNYE BAKI, RS","  47.0"," 8","  25.6"," 8","1020.4"," 8","006.9"," 8"," 10.1"," 8","  4.7"," 7","  7.8","999.9","  59.2"," ","  33.8","*"," 0.00","F","999.9","000000"
"27369099999","2019-04-27","57.1333333","45.1666666","110.0","KRASNYE BAKI, RS","  55.6"," 8","  30.4"," 8","1009.2"," 8","996.1"," 8"," 10.1"," 8","  7.5"," 7","  9.7","999.9","  70.9"," ","  32.0"," "," 0.00","F","999.9","010000"
"27369099999","2019-04-28","57.1333333","45.1666666","110.0","KRASNYE BAKI, RS","  39.3"," 8","  25.7"," 8","1013.6"," 8","999.9"," 8","  9.5"," 8","  7.5"," 8"," 11.7","999.9","  44.1"," ","  35.6","*"," 0.28","F","999.9","010000"
"27369099999","2019-04-29","57.1333333","45.1666666","110.0","KRASNYE BAKI, RS","  37.8"," 8","  18.5"," 8","1021.9"," 8","008.0"," 8"," 10.1"," 8","  3.9"," 8","  5.8","999.9","  43.9"," ","  30.4"," "," 0.00","F","999.9","000000"
"27369099999","2019-04-30","57.1333333","45.1666666","110.0","KRASNYE BAKI, RS","  40.6"," 8","  17.5"," 8","1020.1"," 8","006.3"," 8"," 10.1"," 8","  3.9"," 7","  5.8","999.9","  49.3"," ","  32.5"," "," 0.00","F","999.9","000000"
"27369099999","2019-05-01","57.1333333","45.1666666","110.0","KRASNYE BAKI, RS","  48.5"," 8","  14.6"," 8","1014.7"," 8","001.2"," 8"," 10.1"," 8","  5.8"," 8","  7.8","999.9","  59.7"," ","  34.5"," "," 0.00","F","999.9","000000"
"27369099999","2019-05-02","57.1333333","45.1666666","110.0","KRASNYE BAKI, RS","  41.7"," 8","  30.9"," 8","1003.3"," 8","989.9"," 8","  9.4"," 8","  6.8"," 8"," 11.7","999.9","  47.7"," ","  37.9","*"," 0.31","F","999.9","010000"
"27369099999","2019-05-03","57.1333333","45.1666666","110.0","KRASNYE BAKI, RS","  54.9"," 8","  43.5"," 8"," 998.8"," 8","985.8"," 8","  9.4"," 8","  5.8"," 7","  9.7","999.9","  62.6"," ","  39.2"," "," 0.12","F","999.9","000000"
"27369099999","2019-05-04","57.1333333","45.1666666","110.0","KRASNYE BAKI, RS","  52.8"," 8","  39.1"," 8","1009.3"," 8","996.0"," 8"," 10.1"," 8","  4.4"," 8","  7.8","999.9","  57.7"," ","  48.2"," "," 0.00","F","999.9","010000"
"27369099999","2019-05-05","57.1333333","45.1666666","110.0","KRASNYE BAKI, RS","  58.2"," 8","  46.0"," 8","1017.0"," 8","003.8"," 8"," 10.1"," 8","  3.6"," 7","  5.8","999.9","  70.9"," ","  47.8"," "," 0.04","F","999.9","010000"
"27369099999","2019-05-06","57.1333333","45.1666666","110.0","KRASNYE BAKI, RS","  65.4"," 8","  44.1"," 8","1014.8"," 8","001.8"," 8"," 10.1"," 8","  3.4"," 8","  5.8","999.9","  77.4"," ","  50.4"," "," 0.00","F","999.9","010000"
"27369099999","2019-05-07","57.1333333","45.1666666","110.0","KRASNYE BAKI, RS","  62.4"," 8","  48.9"," 8","1009.0"," 8","996.0"," 8"," 10.1"," 8","  4.4"," 8","  9.7","999.9","  75.0"," ","  52.3","*"," 0.09","F","999.9","010000"
"27369099999","2019-05-08","57.1333333","45.1666666","110.0","KRASNYE BAKI, RS","  65.5"," 8","  48.0"," 8","1012.0"," 8","999.1"," 8"," 10.1"," 8","  2.3"," 6","  3.9","999.9","  80.1","*","  47.8"," "," 0.00","F","999.9","000000"
"27369099999","2019-05-09","57.1333333","45.1666666","110.0","KRASNYE BAKI, RS","  69.2"," 8","  47.4"," 8","1016.1"," 7","003.0"," 8"," 10.1"," 8","  2.6"," 6","  3.9","999.9","  85.3"," ","  51.3"," "," 0.00","F","999.9","000000"
"27369099999","2019-05-10","57.1333333","45.1666666","110.0","KRASNYE BAKI, RS","  70.1"," 8","  47.7"," 8","1018.2"," 8","005.3"," 8"," 10.1"," 8","  5.8"," 6","  9.7","999.9","  80.4"," ","  52.9"," "," 0.00","F","999.9","000000"
"27369099999","2019-05-11","57.1333333","45.1666666","110.0","KRASNYE BAKI, RS","  74.0"," 8","  49.9"," 8","1015.9"," 8","003.1"," 8"," 10.1"," 8","  5.8"," 8"," 11.7","999.9","  86.7"," ","  55.8"," "," 0.00","F","999.9","000010"
"27369099999","2019-05-12","57.1333333","45.1666666","110.0","KRASNYE BAKI, RS","  69.6"," 8","  54.6"," 8","1021.6"," 8","008.7"," 8"," 10.1"," 8","  3.9"," 8","  5.8","999.9","  79.0"," ","  61.9"," "," 0.00","F","999.9","000000"
"27369099999","2019-05-13","57.1333333","45.1666666","110.0","KRASNYE BAKI, RS","  70.9"," 8","  53.7"," 8","1019.8"," 8","006.9"," 8"," 10.1"," 8","  3.4"," 8","  3.9","999.9","  84.0"," ","  59.4"," "," 0.00","F","999.9","000000"
"27369099999","2019-05-14","57.1333333","45.1666666","110.0","KRASNYE BAKI, RS","  70.0"," 8","  52.5"," 8","1015.3"," 8","002.5"," 8"," 10.1"," 8","  5.3"," 8","  7.8","999.9","  79.2"," ","  59.4"," "," 0.00","F","999.9","000000"
"27369099999","2019-05-15","57.1333333","45.1666666","110.0","KRASNYE BAKI, RS","  64.8"," 8","  56.0"," 8","1015.0"," 8","002.0"," 8"," 10.1"," 8","  4.4"," 8"," 11.7","999.9","  77.0"," ","  57.6"," "," 0.51","F","999.9","010010"
"27369099999","2019-05-16","57.1333333","45.1666666","110.0","KRASNYE BAKI, RS","  56.1"," 8","  41.4"," 8","1018.7"," 8","005.4"," 8","  9.5"," 8","  7.5"," 8","  9.7","999.9","  62.6"," ","  46.0","*"," 0.02","F","999.9","010000"
"27369099999","2019-05-17","57.1333333","45.1666666","110.0","KRASNYE BAKI, RS","  53.1"," 8","  31.6"," 8","1019.9"," 8","006.5"," 8"," 10.1"," 8","  5.6"," 8","  7.8","999.9","  61.0"," ","  40.5"," "," 0.00","F","999.9","000000"
"27369099999","2019-05-18","57.1333333","45.1666666","110.0","KRASNYE BAKI, RS","  50.2"," 8","  31.9"," 8","1014.3"," 8","000.9"," 8"," 10.1"," 8","  7.3"," 8","  9.7","999.9","  55.2"," ","  43.3","*"," 0.00","F","999.9","000000"
"27369099999","2019-05-19","57.1333333","45.1666666","110.0","KRASNYE BAKI, RS","  43.5"," 8","  28.5"," 8","1016.3"," 8","002.7"," 8"," 10.1"," 8","  7.0"," 8","  9.7","999.9","  49.5"," ","  36.7"," "," 0.00","F","999.9","000000"
"27369099999","2019-05-20","57.1333333","45.1666666","110.0","KRASNYE BAKI, RS","  47.6"," 8","  31.7"," 8","1019.6"," 8","006.1"," 8"," 10.1"," 8","  5.6"," 8","  9.7","999.9","  56.5"," ","  40.5"," "," 0.00","F","999.9","000000"
"27369099999","2019-05-21","57.1333333","45.1666666","110.0","KRASNYE BAKI, RS","  53.3"," 8","  31.3"," 8","1018.9"," 8","005.5"," 8"," 10.1"," 8","  3.9"," 8","  5.8","999.9","  63.9"," ","  36.7"," "," 0.00","F","999.9","000000"
"27369099999","2019-05-22","57.1333333","45.1666666","110.0","KRASNYE BAKI, RS","  52.0"," 8","  48.2"," 8","1012.1"," 8","998.9"," 8"," 10.1"," 8","  2.7"," 8","  3.9","999.9","  54.0"," ","  49.1"," "," 0.15","F","999.9","010000"
"27369099999","2019-05-23","57.1333333","45.1666666","110.0","KRASNYE BAKI, RS","  52.8"," 7","  48.5"," 7","1004.6"," 7","991.5"," 7","  8.9"," 7","  5.5"," 6","  7.8","999.9","  60.4"," ","  42.8","*"," 0.12","F","999.9","100000"
"27369099999","2019-05-24","57.1333333","45.1666666","110.0","KRASNYE BAKI, RS","  44.6"," 8","  27.0"," 8","1014.9"," 8","001.3"," 8"," 10.1"," 8","  5.3"," 7","  7.8","999.9","  55.6"," ","  33.6","*"," 0.00","F","999.9","000000"
"27369099999","2019-05-25","57.1333333","45.1666666","110.0","KRASNYE BAKI, RS","  52.9"," 8","  32.9"," 8","1015.3"," 8","002.0"," 8"," 10.1"," 8","  4.9"," 8","  7.8","999.9","  63.0"," ","  32.9"," "," 0.00","F","999.9","000000"
"27369099999","2019-05-26","57.1333333","45.1666666","110.0","KRASNYE BAKI, RS","  54.9"," 8","  46.2"," 8","1007.9"," 8","994.8"," 8"," 10.1"," 8","  4.6"," 8","  9.7","999.9","  58.1"," ","  52.9"," "," 0.08","F","999.9","010000"
"27369099999","2019-05-27","57.1333333","45.1666666","110.0","KRASNYE BAKI, RS","  59.6"," 8","  47.5"," 8","1006.3"," 8","993.3"," 8"," 10.1"," 8","  4.4"," 7","  5.8","999.9","  68.2"," ","  52.5"," "," 0.12","F","999.9","010000"
"27369099999","2019-05-28","57.1333333","45.1666666","110.0","KRASNYE BAKI, RS","  63.8"," 8","  51.0"," 8","1014.8"," 8","001.9"," 8"," 10.1"," 8","  5.0"," 7","  9.7","999.9","  75.2"," ","  46.9"," "," 0.00","F","999.9","000000"
"27369099999","2019-05-29","57.1333333","45.1666666","110.0","KRASNYE BAKI, RS","  72.9"," 8","  56.9"," 8","1017.1"," 8","004.6"," 8"," 10.1"," 8","  4.6"," 8","  7.8","999.9","  84.4"," ","  57.2"," "," 0.00","F","999.9","000000"
"27369099999","2019-05-30","57.1333333","45.1666666","110.0","KRASNYE BAKI, RS","  75.0"," 8","  54.6"," 8","1016.8"," 8","004.1"," 8"," 10.1"," 8","  6.6"," 8","  7.8","999.9","  85.1"," ","  62.1","*"," 0.00","F","999.9","000000"
"27369099999","2019-05-31","57.1333333","45.1666666","110.0","KRASNYE BAKI, RS","  68.8"," 8","  58.3"," 8","1016.6"," 8","003.7"," 8"," 10.1"," 8","  3.3"," 7","  3.9","999.9","  77.2"," ","  61.7"," "," 0.00","F","999.9","000010"
"27369099999","2019-06-01","57.1333333","45.1666666","110.0","KRASNYE BAKI, RS","  65.7"," 8","  53.8"," 8","1012.8"," 8","999.9"," 8"," 10.1"," 8","  5.0"," 7","  7.8","999.9","  73.4"," ","  54.5","*"," 0.02","F","999.9","000010"
"27369099999","2019-06-02","57.1333333","45.1666666","110.0","KRASNYE BAKI, RS","  63.9"," 8","  43.5"," 8","1015.7"," 8","002.7"," 8"," 10.9"," 8","  4.6"," 8","  7.8","999.9","  73.8"," ","  50.7"," "," 0.00","F","999.9","000000"
"27369099999","2019-06-03","57.1333333","45.1666666","110.0","KRASNYE BAKI, RS","  58.6"," 8","  47.9"," 8","1013.0"," 8","999.9"," 8"," 10.1"," 8","  7.0"," 8"," 11.7","999.9","  68.0"," ","  47.3","*"," 0.05","F","999.9","010000"
"27369099999","2019-06-04","57.1333333","45.1666666","110.0","KRASNYE BAKI, RS","  58.9"," 8","  40.8"," 8","1022.7"," 8","009.5"," 8"," 10.1"," 8","  5.6"," 8","  7.8","999.9","  68.4"," ","  45.9"," "," 0.00","F","999.9","000000"
"27369099999","2019-06-05","57.1333333","45.1666666","110.0","KRASNYE BAKI, RS","  68.9"," 8","  45.4"," 8","1022.1"," 8","009.1"," 8"," 10.9"," 8","  6.1"," 8","  7.8","999.9","  79.2"," ","  56.1"," "," 0.00","F","999.9","000000"
"27369099999","2019-06-06","57.1333333","45.1666666","110.0","KRASNYE BAKI, RS","  69.2"," 8","  49.1"," 8","1021.0"," 8","008.0"," 8"," 11.7"," 8","  5.8"," 8","  9.7","999.9","  81.3"," ","  58.3","*"," 0.00","F","999.9","000000"
"27369099999","2019-06-07","57.1333333","45.1666666","110.0","KRASNYE BAKI, RS","  68.1"," 8","  46.3"," 8","1023.2"," 8","010.2"," 8"," 11.7"," 8","  4.7"," 7","  7.8","999.9","  80.4"," ","  48.0"," "," 0.00","F","999.9","000000"
"27369099999","2019-06-08","57.1333333","45.1666666","110.0","KRASNYE BAKI, RS","  71.0"," 8","  48.9"," 8","1024.0"," 8","011.1"," 8"," 11.7"," 8","  3.4"," 8","  5.8","999.9","  81.7"," ","  58.1","*"," 0.00","F","999.9","000000"
"27369099999","2019-06-09","57.1333333","45.1666666","110.0","KRASNYE BAKI, RS","  74.9"," 8","  53.0"," 8","1022.9"," 8","010.0"," 8"," 11.7"," 8","  3.9"," 8","  5.8","999.9","  85.6"," ","  55.2"," "," 0.00","F","999.9","000000"
"27369099999","2019-06-10","57.1333333","45.1666666","110.0","KRASNYE BAKI, RS","  74.1"," 8","  57.9"," 8","1018.3"," 8","005.6"," 8"," 12.4"," 8","  5.3"," 8","  9.7","999.9","  86.5"," ","  59.5","*"," 0.08","F","999.9","000010"
"27369099999","2019-06-11","57.1333333","45.1666666","110.0","KRASNYE BAKI, RS","  70.2"," 7","  48.7"," 7","1018.6"," 7","005.8"," 7"," 11.5"," 7","  5.3"," 7","  7.8","999.9","  77.4"," ","  59.4"," "," 0.00","E","999.9","000000"
"27369099999","2019-06-12","57.1333333","45.1666666","110.0","KRASNYE BAKI, RS","  61.3"," 8","  43.1"," 8","1018.0"," 8","004.9"," 8"," 11.7"," 8","  6.3"," 8"," 11.7","999.9","  70.3"," ","  44.1","*"," 0.00","F","999.9","000000"
"27369099999","2019-06-13","57.1333333","45.1666666","110.0","KRASNYE BAKI, RS","  52.9"," 8","  33.3"," 8","1025.1"," 8","011.7"," 8"," 11.7"," 8","  6.3"," 8","  9.7","999.9","  64.6"," ","  38.7"," "," 0.00","F","999.9","000000"
"27369099999","2019-06-14","57.1333333","45.1666666","110.0","KRASNYE BAKI, RS","  50.2"," 8","  43.4"," 8","1019.4"," 8","006.0"," 8"," 11.7"," 8","  3.2"," 6","  3.9","999.9","  57.9"," ","  42.6"," "," 0.08","F","999.9","010000"
"27369099999","2019-06-15","57.1333333","45.1666666","110.0","KRASNYE BAKI, RS","  56.3"," 8","  43.3"," 8","1014.0"," 8","000.8"," 8"," 11.7"," 8","  3.6"," 8","  5.8","999.9","  67.1"," ","  41.2"," "," 0.00","F","999.9","000000"
"27369099999","2019-06-16","57.1333333","45.1666666","110.0","KRASNYE BAKI, RS","  60.5"," 8","  47.7"," 8","1011.1"," 8","998.0"," 8"," 11.7"," 8","  4.4"," 8","  7.8","999.9","  69.1"," ","  49.8","*"," 0.00","E","999.9","000000"
"27369099999","2019-06-17","57.1333333","45.1666666","110.0","KRASNYE BAKI, RS","  67.4"," 8","  48.2"," 8","1010.1"," 8","997.2"," 8"," 11.7"," 8","  6.3"," 8","  9.7","999.9","  77.0"," ","  49.6"," "," 0.00","F","999.9","010000"
"27369099999","2019-06-18","57.1333333","45.1666666","110.0","KRASNYE BAKI, RS","  67.5"," 8","  52.7"," 8","1009.1"," 8","996.4"," 8"," 11.7"," 8","  3.6"," 8","  5.8","999.9","  76.1"," ","  57.4"," "," 0.02","F","999.9","000000"
"27369099999","2019-06-19","57.1333333","45.1666666","110.0","KRASNYE BAKI, RS","  70.3"," 8","  51.6"," 8","1011.0"," 8","998.2"," 8"," 11.7"," 8","  5.8"," 8","  7.8","999.9","  80.2"," ","  57.9"," "," 0.00","F","999.9","000000"
"27369099999","2019-06-20","57.1333333","45.1666666","110.0","KRASNYE BAKI, RS","  72.3"," 8","  48.7"," 8","1014.3"," 8","001.5"," 8"," 11.7"," 8","  5.6"," 8","  7.8","999.9","  83.3"," ","  58.1","*"," 0.00","F","999.9","000000"
"27369099999","2019-06-21","57.1333333","45.1666666","110.0","KRASNYE BAKI, RS","  72.0"," 8","  53.7"," 8","1017.0"," 8","004.1"," 8"," 11.7"," 8","  3.6"," 8","  7.8","999.9","  84.7"," ","  54.5"," "," 0.00","F","999.9","000000"
"27369099999","2019-06-22","57.1333333","45.1666666","110.0","KRASNYE BAKI, RS","  74.6"," 8","  55.8"," 8","1013.8"," 8","001.1"," 8"," 11.7"," 8","  4.9"," 8","  7.8","999.9","  86.9"," ","  58.1"," "," 0.00","F","999.9","000000"
"27369099999","2019-06-23","57.1333333","45.1666666","110.0","KRASNYE BAKI, RS","  72.1"," 8","  54.5"," 8","1015.7"," 8","003.0"," 8"," 11.7"," 8","  5.3"," 8","  7.8","999.9","  81.0"," ","  60.6","*"," 0.08","F","999.9","000000"
"27369099999","2019-06-24","57.1333333","45.1666666","110.0","KRASNYE BAKI, RS","  66.6"," 8","  44.5"," 8","1018.8"," 8","005.8"," 8"," 11.7"," 8","  4.6"," 8","  7.8","999.9","  76.1"," ","  57.0"," "," 0.00","F","999.9","000000"
"27369099999","2019-06-25","57.1333333","45.1666666","110.0","KRASNYE BAKI, RS","  59.7"," 8","  47.0"," 8","1022.6"," 8","009.2"," 8"," 11.7"," 8","  5.6"," 8","  7.8","999.9","  66.7"," ","  51.8","*"," 0.00","F","999.9","010000"
"27369099999","2019-06-26","57.1333333","45.1666666","110.0","KRASNYE BAKI, RS","  55.1"," 8","  44.7"," 8","1020.3"," 8","007.0"," 8"," 11.7"," 8","  4.2"," 7","  5.8","999.9","  63.9"," ","  47.5"," "," 0.13","F","999.9","010010"
"27369099999","2019-06-27","57.1333333","45.1666666","110.0","KRASNYE BAKI, RS","  56.1"," 8","  49.2"," 8","1010.3"," 8","997.2"," 8"," 11.7"," 8","  4.1"," 8","  5.8","999.9","  64.8"," ","  49.5","*"," 0.16","F","999.9","000000"
"27369099999","2019-06-28","57.1333333","45.1666666","110.0","KRASNYE BAKI, RS","  53.8"," 8","  51.7"," 8"," 996.2"," 8","983.2"," 8","  9.1"," 8","  6.8"," 8","  9.7","999.9","  60.3","*","  47.5"," "," 0.55","F","999.9","010000"
"27369099999","2019-06-29","57.1333333","45.1666666","110.0","KRASNYE BAKI, RS","  58.2"," 8","  54.1"," 8"," 992.6"," 8","979.8"," 8","  8.0"," 8","  5.1"," 8","  7.8","999.9","  61.2"," ","  55.2","*"," 0.22","F","999.9","010000"
"27369099999","2019-06-30","57.1333333","45.1666666","110.0","KRASNYE BAKI, RS","  55.4"," 8","  49.5"," 8","1002.2"," 8","989.1"," 8"," 11.7"," 8","  4.6"," 8","  5.8","999.9","  61.0"," ","  52.5"," "," 0.03","F","999.9","010000"
"27369099999","2019-07-01","57.1333333","45.1666666","110.0","KRASNYE BAKI, RS","  59.1"," 8","  47.4"," 8","1005.0"," 8","992.0"," 8"," 11.7"," 8","  4.4"," 8","  5.8","999.9","  68.9"," ","  48.2","*"," 0.01","F","999.9","010000"
"27369099999","2019-07-02","57.1333333","45.1666666","110.0","KRASNYE BAKI, RS","  61.9"," 8","  51.9"," 8"," 999.5"," 8","986.7"," 8"," 11.7"," 8","  4.4"," 8","  7.8","999.9","  75.2"," ","  48.0"," "," 0.00","F","999.9","000000"
"27369099999","2019-07-03","57.1333333","45.1666666","110.0","KRASNYE BAKI, RS","  60.4"," 8","  52.2"," 8","1000.8"," 8","987.8"," 8"," 11.7"," 8","  6.1"," 8","  7.8","999.9","  72.3"," ","  53.8"," "," 0.20","F","999.9","010010"
"27369099999","2019-07-04","57.1333333","45.1666666","110.0","KRASNYE BAKI, RS","  55.5"," 8","  48.5"," 8","1002.2"," 8","989.1"," 8"," 10.1"," 8","  7.5"," 8"," 11.7","999.9","  60.1"," ","  52.3","*"," 0.03","F","999.9","010000"
"27369099999","2019-07-05","57.1333333","45.1666666","110.0","KRASNYE BAKI, RS","  55.0"," 8","  47.7"," 8","1003.9"," 8","990.8"," 8"," 10.9"," 8","  6.8"," 8","  9.7","999.9","  63.0"," ","  51.1"," "," 0.00","F","999.9","000000"
"27369099999","2019-07-06","57.1333333","45.1666666","110.0","KRASNYE BAKI, RS","  59.7"," 8","  49.7"," 8","1002.2"," 8","989.3"," 8"," 10.1"," 8","  5.1"," 8","  5.8","999.9","  68.7"," ","  53.8"," "," 0.02","F","999.9","010000"
"27369099999","2019-07-07","57.1333333","45.1666666","110.0","KRASNYE BAKI, RS","  56.1"," 7","  50.5"," 7"," 998.0"," 7","985.0"," 7"," 11.7"," 7","  5.0"," 7","  5.8","999.9","  60.3"," ","  53.8","*"," 0.20","F","999.9","010000"
"27369099999","2019-07-08","57.1333333","45.1666666","110.0","KRASNYE BAKI, RS","  61.4"," 8","  49.3"," 8","1002.9"," 8","990.0"," 8"," 10.9"," 8","  4.4"," 7","  5.8","999.9","  72.5"," ","  51.4"," "," 0.16","F","999.9","000000"
"27369099999","2019-07-09","57.1333333","45.1666666","110.0","KRASNYE BAKI, RS","  57.2"," 8","  54.3"," 8"," 998.8"," 8","985.9"," 8"," 10.5"," 8","  4.5"," 6","  5.8","999.9","  59.9","*","  54.0"," "," 0.88","F","999.9","010000"
"27369099999","2019-07-10","57.1333333","45.1666666","110.0","KRASNYE BAKI, RS","  58.6"," 8","  53.9"," 8"," 995.3"," 8","982.4"," 8"," 10.1"," 8","  6.1"," 8","  9.7","999.9","  63.3"," ","  55.4","*"," 0.16","F","999.9","000010"
"27369099999","2019-07-11","57.1333333","45.1666666","110.0","KRASNYE BAKI, RS","  57.0"," 8","  51.9"," 8","1000.7"," 8","987.7"," 8","  8.0"," 8","  2.4"," 8","  3.9","999.9","  61.9"," ","  52.5"," "," 0.43","F","999.9","010000"
"27369099999","2019-07-12","57.1333333","45.1666666","110.0","KRASNYE BAKI, RS","  58.5"," 8","  51.5"," 8","1006.2"," 8","993.2"," 8"," 11.0"," 8","  2.2"," 8","  3.9","999.9","  65.5"," ","  53.1"," "," 0.55","F","999.9","000000"
"27369099999","2019-07-13","57.1333333","45.1666666","110.0","KRASNYE BAKI, RS","  61.0"," 8","  53.6"," 8","1006.9"," 8","993.9"," 8"," 10.9"," 8","  2.7"," 8","  3.9","999.9","  70.5"," ","  51.4"," "," 0.12","F","999.9","000010"
"27369099999","2019-07-14","57.1333333","45.1666666","110.0","KRASNYE BAKI, RS","  61.6"," 8","  54.7"," 8","1009.3"," 8","996.3"," 8","  9.4"," 8","  3.6"," 8","  5.8","999.9","  69.1"," ","  55.8"," "," 0.00","F","999.9","100000"
"27369099999","2019-07-15","57.1333333","45.1666666","110.0","KRASNYE BAKI, RS","  63.5"," 8","  49.2"," 8","1009.1"," 8","996.1"," 8"," 10.1"," 8","  4.9"," 8","  5.8","999.9","  71.4"," ","  51.4"," "," 0.00","F","999.9","000000"
"27369099999","2019-07-16","57.1333333","45.1666666","110.0","KRASNYE BAKI, RS","  64.3"," 8","  50.3"," 8","1011.7"," 8","998.8"," 8"," 10.9"," 8","  2.8"," 7","  5.8","999.9","  74.5"," ","  53.4"," "," 0.00","F","999.9","000000"
"27369099999","2019-07-17","57.1333333","45.1666666","110.0","KRASNYE BAKI, RS","  64.8"," 8","  54.5"," 8","1011.5"," 8","997.5"," 8"," 10.1"," 8","  3.9"," 7","  7.8","999.9","  74.1"," ","  52.3"," "," 0.04","F","999.9","010000"
"27369099999","2019-07-18","57.1333333","45.1666666","110.0","KRASNYE BAKI, RS","  66.0"," 8","  59.6"," 8","1007.6"," 8","994.7"," 8"," 10.1"," 8","  4.4"," 7","  7.8","999.9","  72.7"," ","  59.9","*"," 0.03","F","999.9","010000"
"27369099999","2019-07-19","57.1333333","45.1666666","110.0","KRASNYE BAKI, RS","  68.6"," 8","  53.0"," 8","1007.4"," 8","994.6"," 8","  7.8"," 8","  3.9"," 6","  5.8","999.9","  78.6"," ","  57.0"," "," 0.00","F","999.9","100000"
"27369099999","2019-07-20","57.1333333","45.1666666","110.0","KRASNYE BAKI, RS","  62.6"," 8","  57.7"," 8","1009.1"," 8","996.2"," 8"," 10.1"," 8","  3.9"," 8","  5.8","999.9","  68.7"," ","  54.5"," "," 0.08","F","999.9","000010"
"27369099999","2019-07-21","57.1333333","45.1666666","110.0","KRASNYE BAKI, RS","  61.7"," 8","  57.2"," 8","1011.2"," 8","998.2"," 8"," 10.1"," 8","  4.4"," 8","  5.8","999.9","  66.6"," ","  55.8"," "," 0.28","F","999.9","010000"
"27369099999","2019-07-22","57.1333333","45.1666666","110.0","KRASNYE BAKI, RS","  59.7"," 8","  54.3"," 8","1012.9"," 8","999.8"," 8"," 10.1"," 8","  5.1"," 8","  7.8","999.9","  64.2"," ","  55.2","*"," 0.04","F","999.9","010000"
"27369099999","2019-07-23","57.1333333","45.1666666","110.0","KRASNYE BAKI, RS","  64.4"," 8","  52.7"," 8","1013.5"," 8","000.5"," 8"," 10.1"," 8","  3.6"," 8","  5.8","999.9","  73.9"," ","  55.0"," "," 0.00","F","999.9","010000"
"27369099999","2019-07-24","57.1333333","45.1666666","110.0","KRASNYE BAKI, RS","  65.1"," 8","  57.5"," 8","1016.4"," 8","003.4"," 8"," 10.1"," 8","  3.2"," 8","  5.8","999.9","  73.8"," ","  59.2","*"," 0.11","F","999.9","010000"
"27369099999","2019-07-25","57.1333333","45.1666666","110.0","KRASNYE BAKI, RS","  69.6"," 8","  57.7"," 8","1018.2"," 8","005.6"," 8"," 10.1"," 8","  3.6"," 7","  5.8"," 13.6","  79.3","*","  55.9"," "," 0.00","E","999.9","000000"
"27369099999","2019-07-26","57.1333333","45.1666666","110.0","KRASNYE BAKI, RS","  71.6"," 8","  58.6"," 8","1017.9"," 8","005.2"," 8"," 10.1"," 8","  3.6"," 8","  7.8","999.9","  81.0"," ","  61.3"," "," 0.00","F","999.9","000000"
"27369099999","2019-07-27","57.1333333","45.1666666","110.0","KRASNYE BAKI, RS","  69.4"," 8","  60.5"," 8","1008.6"," 8","995.9"," 8"," 10.1"," 8","  4.1"," 8","  5.8","999.9","  77.9"," ","  62.2"," "," 0.02","F","999.9","000010"
"27369099999","2019-07-28","57.1333333","45.1666666","110.0","KRASNYE BAKI, RS","  58.0"," 8","  49.6"," 8","1001.6"," 8","988.6"," 8"," 10.1"," 8","  7.3"," 8","  9.7","999.9","  64.6"," ","  48.4","*"," 0.02","F","999.9","010000"
"27369099999","2019-07-29","57.1333333","45.1666666","110.0","KRASNYE BAKI, RS","  48.7"," 8","  39.8"," 8","1000.7"," 8","987.4"," 8"," 10.1"," 8","  7.3"," 8","  9.7","999.9","  52.7"," ","  45.1","*"," 0.01","F","999.9","000000"
"27369099999","2019-07-30","57.1333333","45.1666666","110.0","KRASNYE BAKI, RS","  49.1"," 8","  42.8"," 8"," 998.3"," 8","985.2"," 7"," 10.1"," 8","  6.1"," 8","  7.8","999.9","  56.3"," ","  43.5"," "," 0.04","F","999.9","010000"
"27369099999","2019-07-31","57.1333333","45.1666666","110.0","KRASNYE BAKI, RS","  49.4"," 8","  44.9"," 8"," 996.4"," 8","983.2"," 8"," 10.5"," 8","  3.2"," 8","  5.8","999.9","  53.8"," ","  45.5"," "," 0.35","F","999.9","010000"
"27369099999","2019-08-01","57.1333333","45.1666666","110.0","KRASNYE BAKI, RS","  53.5"," 8","  47.4"," 8","1000.1"," 8","987.0"," 8","  9.5"," 8","  7.3"," 8","  9.7","999.9","  60.6"," ","  46.8"," "," 0.00","F","999.9","010000"
"27369099999","2019-08-02","57.1333333","45.1666666","110.0","KRASNYE BAKI, RS","  54.3"," 8","  48.4"," 8"," 999.6"," 8","986.6"," 8"," 10.5"," 8","  6.1"," 8","  7.8","999.9","  57.0"," ","  51.4"," "," 0.01","F","999.9","010000"
"27369099999","2019-08-03","57.1333333","45.1666666","110.0","KRASNYE BAKI, RS","  54.1"," 8","  45.9"," 8"," 999.3"," 8","986.3"," 8"," 10.5"," 8","  5.1"," 8","  5.8","999.9","  61.3"," ","  49.3","*"," 0.00","F","999.9","000000"
"27369099999","2019-08-04","57.1333333","45.1666666","110.0","KRASNYE BAKI, RS","  52.0"," 8","  44.3"," 8"," 999.7"," 8","986.6"," 8"," 10.1"," 8","  4.9"," 8","  5.8","999.9","  58.3"," ","  45.1","*"," 0.04","F","999.9","010000"
"27369099999","2019-08-05","57.1333333","45.1666666","110.0","KRASNYE BAKI, RS","  48.3"," 8","  42.5"," 8"," 997.8"," 8","984.6"," 8","  8.6"," 8","  3.4"," 8","  5.8","999.9","  54.3"," ","  42.1"," "," 0.02","F","999.9","110000"
"27369099999","2019-08-06","57.1333333","45.1666666","110.0","KRASNYE BAKI, RS","  51.0"," 8","  45.6"," 8"," 998.8"," 8","985.7"," 8"," 10.1"," 8","  6.3"," 8","  7.8","999.9","  54.9"," ","  46.8"," "," 0.13","F","999.9","010000"
"27369099999","2019-08-07","57.1333333","45.1666666","110.0","KRASNYE BAKI, RS","  53.4"," 8","  45.5"," 8","1008.2"," 8","995.1"," 8"," 10.1"," 8","  5.8"," 7","  7.8","999.9","  59.9"," ","  48.0","*"," 0.00","F","999.9","000000"
"27369099999","2019-08-08","57.1333333","45.1666666","110.0","KRASNYE BAKI, RS","  59.2"," 8","  49.1"," 8","1010.1"," 8","997.0"," 8"," 10.1"," 8","  2.9"," 6","  3.9","999.9","  71.4"," ","  43.9"," "," 0.01","F","999.9","010000"
"27369099999","2019-08-09","57.1333333","45.1666666","110.0","KRASNYE BAKI, RS","  61.2"," 8","  56.8"," 8"," 999.9"," 8","987.0"," 8"," 10.9"," 8","  5.8"," 8","  9.7","999.9","  70.9"," ","  55.6"," "," 0.20","F","999.9","010000"
"27369099999","2019-08-10","57.1333333","45.1666666","110.0","KRASNYE BAKI, RS","  60.7"," 8","  55.9"," 8","1000.7"," 8","987.8"," 8"," 10.9"," 8","  2.9"," 8","  5.8","999.9","  63.3"," ","  57.9"," "," 0.04","F","999.9","010000"
"27369099999","2019-08-11","57.1333333","45.1666666","110.0","KRASNYE BAKI, RS","  53.1"," 8","  50.1"," 8","1007.4"," 8","994.2"," 8","  9.7"," 8","  7.5"," 8"," 11.7","999.9","  57.4","*","  47.7","*"," 0.12","F","999.9","010000"
"27369099999","2019-08-12","57.1333333","45.1666666","110.0","KRASNYE BAKI, RS","  51.1"," 8","  39.3"," 8","1015.5"," 8","002.2"," 8"," 10.1"," 8","  6.3"," 8","  7.8","999.9","  61.0"," ","  42.4"," "," 0.00","F","999.9","000000"
"27369099999","2019-08-13","57.1333333","45.1666666","110.0","KRASNYE BAKI, RS","  54.4"," 8","  41.9"," 8","1016.5"," 8","003.3"," 8"," 10.1"," 8","  4.2"," 6","  7.8","999.9","  66.4"," ","  43.0"," "," 0.00","F","999.9","000000"
"27369099999","2019-08-14","57.1333333","45.1666666","110.0","KRASNYE BAKI, RS","  57.0"," 8","  52.3"," 8","1012.8"," 8","999.7"," 8"," 10.1"," 8","  2.6"," 6","  3.9","999.9","  63.1"," ","  48.4"," "," 0.04","F","999.9","010000"
"27369099999","2019-08-15","57.1333333","45.1666666","110.0","KRASNYE BAKI, RS","  67.6"," 8","  61.2"," 8","1011.9"," 8","999.1"," 8","  8.6"," 8","  4.4"," 7","  7.8","999.9","  80.2"," ","  56.1"," "," 0.00","F","999.9","110010"
"27369099999","2019-08-16","57.1333333","45.1666666","110.0","KRASNYE BAKI, RS","  58.9"," 8","  56.4"," 8","1015.3"," 8","002.2"," 8","  7.1"," 8","  2.7"," 8","  3.9","999.9","  61.2"," ","  57.6"," "," 0.59","F","999.9","010010"
"27369099999","2019-08-17","57.1333333","45.1666666","110.0","KRASNYE BAKI, RS","  60.6"," 8","  58.5"," 8","1016.5"," 8","003.4"," 8","  8.9"," 8","  3.6"," 8","  3.9","999.9","  63.1"," ","  57.7"," "," 0.14","F","999.9","010000"
"27369099999","2019-08-18","57.1333333","45.1666666","110.0","KRASNYE BAKI, RS","  66.3"," 8","  63.5"," 8","1014.2"," 8","001.3"," 8","  8.2"," 8","  3.3"," 7","  5.8","999.9","  72.7"," ","  61.3"," "," 0.59","F","999.9","110000"
"27369099999","2019-08-19","57.1333333","45.1666666","110.0","KRASNYE BAKI, RS","  68.3"," 8","  61.8"," 8","1015.9"," 8","003.0"," 8","  9.0"," 8","  4.4"," 8","  5.8","999.9","  75.9"," ","  62.8","*"," 0.12","F","999.9","110000"
"27369099999","2019-08-20","57.1333333","45.1666666","110.0","KRASNYE BAKI, RS","  67.7"," 8","  58.7"," 8","1020.6"," 8","007.6"," 8"," 10.9"," 8","  3.3"," 7","  3.9","999.9","  77.5"," ","  59.7"," "," 0.00","F","999.9","000000"
"27369099999","2019-08-21","57.1333333","45.1666666","110.0","KRASNYE BAKI, RS","  68.4"," 8","  59.9"," 8","1022.4"," 8","009.5"," 8"," 10.1"," 8","  3.9"," 6","  5.8","999.9","  78.4"," ","  57.2","*"," 0.00","F","999.9","000000"
"27369099999","2019-08-22","57.1333333","45.1666666","110.0","KRASNYE BAKI, RS","  68.6"," 8","  59.9"," 8","1020.2"," 8","007.3"," 8"," 10.1"," 8","  5.5"," 6","  9.7","999.9","  81.0"," ","  56.5"," "," 0.00","F","999.9","010000"
"27369099999","2019-08-23","57.1333333","45.1666666","110.0","KRASNYE BAKI, RS","  61.4"," 8","  50.9"," 8","1024.9"," 8","011.7"," 8"," 10.1"," 8","  5.3"," 8","  7.8","999.9","  69.4"," ","  54.5"," "," 0.16","F","999.9","000000"
"27369099999","2019-08-24","57.1333333","45.1666666","110.0","KRASNYE BAKI, RS","  61.7"," 8","  50.0"," 8","1021.2"," 8","008.1"," 8"," 10.1"," 8","  5.3"," 7","  7.8","999.9","  69.8"," ","  50.2"," "," 0.00","F","999.9","000000"
"27369099999","2019-08-25","57.1333333","45.1666666","110.0","KRASNYE BAKI, RS","  57.4"," 8","  50.0"," 8","1020.7"," 8","007.5"," 8"," 10.1"," 8","  6.3"," 8","  9.7","999.9","  63.7"," ","  49.8","*"," 0.00","F","999.9","000000"
"27369099999","2019-08-26","57.1333333","45.1666666","110.0","KRASNYE BAKI, RS","  55.2"," 8","  46.0"," 8","1024.3"," 8","010.9"," 8"," 10.1"," 8","  4.6"," 8","  7.8","999.9","  63.7"," ","  44.2"," "," 0.00","F","999.9","010000"
"27369099999","2019-08-27","57.1333333","45.1666666","110.0","KRASNYE BAKI, RS","  57.1"," 8","  51.0"," 8","1012.5"," 8","999.3"," 8","  9.5"," 8","  8.0"," 8"," 11.7","999.9","  62.2"," ","  50.7","*"," 0.31","F","999.9","010000"
"27369099999","2019-08-28","57.1333333","45.1666666","110.0","KRASNYE BAKI, RS","  50.0"," 8","  40.2"," 8","1021.4"," 8","008.0"," 8"," 10.1"," 8","  8.0"," 8"," 11.7","999.9","  57.2"," ","  45.9","*"," 0.06","F","999.9","010000"
"27369099999","2019-08-29","57.1333333","45.1666666","110.0","KRASNYE BAKI, RS","  47.1"," 8","  44.9"," 8","1022.3"," 8","009.2"," 8"," 10.1"," 8","  2.2"," 8","  3.9","999.9","  50.9"," ","  42.1"," "," 0.08","F","999.9","010000"
"27369099999","2019-08-30","57.1333333","45.1666666","110.0","KRASNYE BAKI, RS","  48.5"," 7","  38.5"," 7","1023.1"," 7","009.6"," 7"," 10.7"," 7","  3.6"," 7","  5.8","999.9","  57.7"," ","  38.1"," "," 0.00","F","999.9","000000"
"27369099999","2019-08-31","57.1333333","45.1666666","110.0","KRASNYE BAKI, RS","  51.7"," 8","  42.5"," 8","1019.9"," 8","006.5"," 8"," 10.1"," 8","  3.4"," 4","  5.8","999.9","  63.1"," ","  37.4"," "," 0.00","F","999.9","000000"
"27369099999","2019-09-01","57.1333333","45.1666666","110.0","KRASNYE BAKI, RS","  56.4"," 8","  50.4"," 8","1015.7"," 8","002.5"," 8","  8.6"," 8","  3.3"," 7","  5.8","999.9","  65.1"," ","  48.4"," "," 0.00","F","999.9","100000"
"27369099999","2019-09-02","57.1333333","45.1666666","110.0","KRASNYE BAKI, RS","  54.0"," 6","  44.4"," 6","1016.8"," 6","003.5"," 6","  8.4"," 6","  2.6"," 6","  5.8","  9.7","  62.6","*","  46.8","*"," 0.00","E","999.9","100000"
"27369099999","2019-09-04","57.1333333","45.1666666","110.0","KRASNYE BAKI, RS","  57.9"," 6","  44.3"," 6","1018.6"," 6","005.4"," 6"," 10.4"," 6","  2.9"," 4","  3.9","999.9","  68.0"," ","  44.1","*"," 0.00","E","999.9","000000"
"27369099999","2019-09-05","57.1333333","45.1666666","110.0","KRASNYE BAKI, RS","  57.2"," 8","  47.7"," 8","1019.1"," 8","005.9"," 8"," 10.1"," 8","  2.7"," 8","  5.8","999.9","  70.7"," ","  40.3"," "," 0.00","F","999.9","010000"
"27369099999","2019-09-06","57.1333333","45.1666666","110.0","KRASNYE BAKI, RS","  60.6"," 8","  52.1"," 8","1021.3"," 8","008.0"," 8"," 10.1"," 8","  2.6"," 6","  3.9","999.9","  70.5"," ","  51.4","*"," 0.12","F","999.9","000000"
"27369099999","2019-09-07","57.1333333","45.1666666","110.0","KRASNYE BAKI, RS","  58.5"," 8","  53.0"," 8","1024.2"," 8","011.0"," 8"," 10.1"," 8","  2.3"," 6","  3.9","999.9","  68.4"," ","  46.6"," "," 0.00","F","999.9","000000"
"27369099999","2019-09-08","57.1333333","45.1666666","110.0","KRASNYE BAKI, RS","  59.6"," 8","  52.4"," 8","1028.5"," 8","015.3"," 8"," 10.1"," 8","  1.9"," 6","  1.9","999.9","  70.9"," ","  52.2","*"," 0.00","F","999.9","000000"
"27369099999","2019-09-09","57.1333333","45.1666666","110.0","KRASNYE BAKI, RS","  56.9"," 8","  50.3"," 8","1030.1"," 8","016.7"," 8","  6.4"," 8","  1.9"," 6","  1.9","999.9","  71.8"," ","  46.9","*"," 0.00","F","999.9","100000"
"27369099999","2019-09-10","57.1333333","45.1666666","110.0","KRASNYE BAKI, RS","  56.7"," 8","  47.0"," 8","1031.5"," 8","018.1"," 8","  9.7"," 8","999.9"," 0","999.9","999.9","  73.6"," ","  42.4"," "," 0.00","F","999.9","000000"
"27369099999","2019-09-11","57.1333333","45.1666666","110.0","KRASNYE BAKI, RS","  58.5"," 8","  48.9"," 8","1032.0"," 8","018.7"," 8","  8.6"," 8","  2.6"," 6","  3.9","999.9","  73.2"," ","  42.8"," "," 0.00","F","999.9","100000"
"27369099999","2019-09-12","57.1333333","45.1666666","110.0","KRASNYE BAKI, RS","  63.6"," 8","  47.8"," 8","1026.7"," 8","013.5"," 8"," 10.1"," 8","  3.2"," 8","  5.8","999.9","  77.4"," ","  50.0"," "," 0.00","F","999.9","000000"
"27369099999","2019-09-13","57.1333333","45.1666666","110.0","KRASNYE BAKI, RS","  65.3"," 7","  45.7"," 7","1018.5"," 7","005.4"," 7"," 10.7"," 7","  5.5"," 7","  7.8","999.9","  76.3"," ","  55.8"," "," 0.00","F","999.9","000000"
"27369099999","2019-09-14","57.1333333","45.1666666","110.0","KRASNYE BAKI, RS","  54.8"," 8","  47.4"," 8","1009.2"," 8","996.1"," 8"," 10.1"," 8","  5.1"," 8","  7.8","999.9","  62.8"," ","  47.3","*"," 0.16","F","999.9","010000"
"27369099999","2019-09-15","57.1333333","45.1666666","110.0","KRASNYE BAKI, RS","  48.0"," 8","  40.1"," 8","1009.8"," 8","996.5"," 8"," 10.1"," 8","  5.1"," 8","  7.8","999.9","  57.6"," ","  43.5"," "," 0.00","F","999.9","010000"
"27369099999","2019-09-16","57.1333333","45.1666666","110.0","KRASNYE BAKI, RS","  47.9"," 8","  44.3"," 8"," 996.3"," 8","983.1"," 8"," 10.1"," 8","  5.8"," 8","  7.8","999.9","  52.7"," ","  43.7"," "," 0.10","F","999.9","010000"
"27369099999","2019-09-17","57.1333333","45.1666666","110.0","KRASNYE BAKI, RS","  48.9"," 8","  43.4"," 8"," 993.9"," 8","980.8"," 8"," 10.1"," 8","  5.8"," 8","  7.8","999.9","  55.6"," ","  46.0","*"," 0.11","F","999.9","010000"
"27369099999","2019-09-18","57.1333333","45.1666666","110.0","KRASNYE BAKI, RS","  44.6"," 6","  41.3"," 6"," 997.4"," 6","984.1"," 6","  9.3"," 6","  2.9"," 6","  5.8","999.9","  54.3"," ","  39.9","*"," 0.08","F","999.9","010000"
"27369099999","2019-09-19","57.1333333","45.1666666","110.0","KRASNYE BAKI, RS","  44.8"," 8","  40.4"," 8","1003.0"," 8","989.7"," 8","  9.3"," 8","  4.4"," 8","  5.8","999.9","  53.6"," ","  38.8"," "," 0.08","F","999.9","010000"
"27369099999","2019-09-20","57.1333333","45.1666666","110.0","KRASNYE BAKI, RS","  41.4"," 8","  32.5"," 8","1012.0"," 8","998.4"," 8"," 10.9"," 8","  2.9"," 4","  3.9","999.9","  50.2"," ","  31.3"," "," 0.00","F","999.9","000000"
"27369099999","2019-09-21","57.1333333","45.1666666","110.0","KRASNYE BAKI, RS","  39.8"," 7","  32.3"," 7","1009.2"," 7","995.6"," 7","  9.8"," 7","  3.1"," 7","  3.9","999.9","  48.6"," ","  34.5"," "," 0.00","F","999.9","000000"
"27369099999","2019-09-22","57.1333333","45.1666666","110.0","KRASNYE BAKI, RS","  39.0"," 8","  31.9"," 8"," 998.6"," 8","985.1"," 8","  9.3"," 8","  3.6"," 8","  5.8","999.9","  46.0"," ","  31.1"," "," 0.00","F","999.9","000000"
"27369099999","2019-09-23","57.1333333","45.1666666","110.0","KRASNYE BAKI, RS","  36.5"," 8","  31.4"," 8","1004.6"," 8","991.0"," 8"," 10.1"," 8","  5.3"," 8","  7.8","999.9","  41.4"," ","  33.6","*"," 0.08","F","999.9","010000"
"27369099999","2019-09-24","57.1333333","45.1666666","110.0","KRASNYE BAKI, RS","  36.6"," 8","  33.2"," 8","1012.7"," 8","999.0"," 8"," 10.1"," 8","  4.9"," 8","  5.8","999.9","  43.9"," ","  31.5"," "," 0.03","F","999.9","010000"
"27369099999","2019-09-25","57.1333333","45.1666666","110.0","KRASNYE BAKI, RS","  37.5"," 8","  33.2"," 8","1016.3"," 8","002.5"," 8"," 10.1"," 8","  4.1"," 8","  5.8","999.9","  45.5"," ","  33.4"," "," 0.08","F","999.9","010100"
"27369099999","2019-09-26","57.1333333","45.1666666","110.0","KRASNYE BAKI, RS","  40.0"," 8","  32.9"," 8","1014.6"," 8","000.9"," 8","  9.3"," 8","  4.9"," 8","  7.8","999.9","  45.3"," ","  34.7"," "," 0.00","F","999.9","000000"
"27369099999","2019-09-27","57.1333333","45.1666666","110.0","KRASNYE BAKI, RS","  40.9"," 8","  37.0"," 8","1013.0"," 8","999.4"," 8","  9.3"," 8","  4.1"," 8","  5.8","999.9","  45.5"," ","  38.3","*"," 0.02","F","999.9","010000"
"27369099999","2019-09-28","57.1333333","45.1666666","110.0","KRASNYE BAKI, RS","  40.5"," 8","  32.3"," 8","1017.5"," 8","003.8"," 8","  9.3"," 8","  3.6"," 7","  5.8","999.9","  45.3"," ","  36.9"," "," 0.00","F","999.9","000000"
"27369099999","2019-09-29","57.1333333","45.1666666","110.0","KRASNYE BAKI, RS","  42.4"," 8","  32.2"," 8","1016.3"," 8","002.7"," 8","  9.3"," 8","  3.9"," 8","  5.8","999.9","  51.4"," ","  37.4"," "," 0.00","F","999.9","000000"
"27369099999","2019-09-30","57.1333333","45.1666666","110.0","KRASNYE BAKI, RS","  45.7"," 8","  42.2"," 8","1007.3"," 8","994.0"," 8","  8.2"," 8","  4.9"," 8","  5.8","999.9","  50.9","*","  38.8"," "," 0.12","F","999.9","010000"
"27369099999","2019-10-01","57.1333333","45.1666666","110.0","KRASNYE BAKI, RS","  54.3"," 8","  50.9"," 8"," 999.0"," 8","985.9"," 8","  8.5"," 8","  7.0"," 8","  7.8","999.9","  56.1"," ","  48.2"," "," 0.13","F","999.9","010000"
"27369099999","2019-10-02","57.1333333","45.1666666","110.0","KRASNYE BAKI, RS","  50.5"," 7","  40.8"," 7","1007.0"," 7","993.7"," 7","  8.9"," 7","  6.7"," 7","  9.7","999.9","  55.8"," ","  41.9"," "," 0.12","F","999.9","000000"
"27369099999","2019-10-03","57.1333333","45.1666666","110.0","KRASNYE BAKI, RS","  56.7"," 8","  44.7"," 8","1011.1"," 8","998.0"," 8","  8.5"," 8","  4.2"," 7","  5.8","999.9","  66.0"," ","  51.3"," "," 0.00","F","999.9","000000"
"27369099999","2019-10-04","57.1333333","45.1666666","110.0","KRASNYE BAKI, RS","  56.9"," 8","  49.1"," 8","1007.2"," 8","994.1"," 8","  8.5"," 8","  6.3"," 8","  9.7"," 19.4","  66.4"," ","  45.3"," "," 0.00","F","999.9","010000"
"27369099999","2019-10-05","57.1333333","45.1666666","110.0","KRASNYE BAKI, RS","  41.6"," 8","  38.6"," 8","1009.9"," 8","996.4"," 8","  6.7"," 8","  3.9"," 7","  7.8","999.9","  47.8","*","  31.1","*"," 0.87","F","999.9","010000"
"27369099999","2019-10-06","57.1333333","45.1666666","110.0","KRASNYE BAKI, RS","  37.2"," 8","  35.1"," 8","1008.7"," 8","995.1"," 8","  7.3"," 8","  4.4"," 7","  7.8","999.9","  43.0","*","  30.4"," "," 0.08","F","999.9","010000"
"27369099999","2019-10-07","57.1333333","45.1666666","110.0","KRASNYE BAKI, RS","  41.9"," 8","  39.6"," 8","1001.9"," 8","988.4"," 8","  6.8"," 8","  4.7"," 7","  7.8","999.9","  49.1"," ","  33.3","*"," 0.24","F","999.9","011000"
"27369099999","2019-10-08","57.1333333","45.1666666","110.0","KRASNYE BAKI, RS","  34.9"," 8","  26.4"," 8","1015.6"," 8","001.8"," 8","  8.5"," 8","  5.3"," 8","  9.7","999.9","  40.5"," ","  29.5","*"," 0.00","H","999.9","001000"
"27369099999","2019-10-09","57.1333333","45.1666666","110.0","KRASNYE BAKI, RS","  35.1"," 8","  28.7"," 8","1014.4"," 8","000.6"," 8","  8.5"," 8","  4.4"," 7","  7.8","999.9","  44.2"," ","  25.2"," "," 0.00","F","999.9","010000"
"27369099999","2019-10-10","57.1333333","45.1666666","110.0","KRASNYE BAKI, RS","  40.8"," 8","  37.6"," 8","1012.0"," 8","998.4"," 8","  7.9"," 8","  3.6"," 8","  3.9","999.9","  42.8","*","  36.1"," "," 0.04","F","999.9","010000"
"27369099999","2019-10-11","57.1333333","45.1666666","110.0","KRASNYE BAKI, RS","  44.3"," 8","  41.1"," 8","1006.5"," 8","993.1"," 8","  7.5"," 8","  5.3"," 8","  7.8","999.9","  49.8"," ","  37.6","*"," 0.39","F","999.9","010000"
"27369099999","2019-10-12","57.1333333","45.1666666","110.0","KRASNYE BAKI, RS","  47.5"," 8","  42.1"," 8","1009.6"," 8","996.3"," 8","  7.9"," 8","  5.8"," 8","  9.7","999.9","  53.6"," ","  36.9"," "," 0.00","F","999.9","010000"
"27369099999","2019-10-13","57.1333333","45.1666666","110.0","KRASNYE BAKI, RS","  49.5"," 8","  42.0"," 8","1001.2"," 8","988.0"," 8","  8.5"," 8","  8.3"," 8"," 11.7","999.9","  52.9"," ","  47.3"," "," 0.35","F","999.9","010000"
"27369099999","2019-10-14","57.1333333","45.1666666","110.0","KRASNYE BAKI, RS","  46.6"," 8","  41.4"," 8","1010.0"," 8","996.6"," 8","  8.5"," 8","  4.9"," 8","  7.8","999.9","  51.3"," ","  44.1","*"," 0.12","F","999.9","010000"
"27369099999","2019-10-15","57.1333333","45.1666666","110.0","KRASNYE BAKI, RS","  39.8"," 8","  33.8"," 8","1014.2"," 8","000.6"," 8","  8.9"," 8","  5.8"," 8","  9.7","999.9","  45.3"," ","  34.0","*"," 0.22","F","999.9","010000"
"27369099999","2019-10-16","57.1333333","45.1666666","110.0","KRASNYE BAKI, RS","  36.5"," 8","  29.9"," 8","1027.8"," 8","013.8"," 8","  8.5"," 8","  4.2"," 7","  5.8","999.9","  40.5"," ","  33.6"," "," 0.00","F","999.9","010000"
"27369099999","2019-10-17","57.1333333","45.1666666","110.0","KRASNYE BAKI, RS","  46.4"," 8","  38.6"," 8","1016.4"," 8","002.8"," 8","  8.5"," 8","  4.7"," 7","  7.8","999.9","  54.5"," ","  33.8"," "," 0.08","F","999.9","000000"
"27369099999","2019-10-18","57.1333333","45.1666666","110.0","KRASNYE BAKI, RS","  41.1"," 8","  39.0"," 8","1015.0"," 8","001.4"," 8","  5.8"," 8","  3.9"," 8","  5.8","999.9","  47.7","*","  35.8","*"," 0.31","F","999.9","010000"
"27369099999","2019-10-19","57.1333333","45.1666666","110.0","KRASNYE BAKI, RS","  37.4"," 8","  34.3"," 8","1025.0"," 8","011.1"," 8","  7.3"," 8","  4.1"," 8","  5.8","999.9","  39.4","*","  35.4"," "," 0.00","F","999.9","010000"
"27369099999","2019-10-20","57.1333333","45.1666666","110.0","KRASNYE BAKI, RS","  44.8"," 8","  42.4"," 8","1022.4"," 8","008.8"," 8","  4.8"," 8","  4.4"," 8","  5.8","999.9","  50.4","*","  38.1"," "," 0.05","F","999.9","010000"
"27369099999","2019-10-21","57.1333333","45.1666666","110.0","KRASNYE BAKI, RS","  50.8"," 8","  46.6"," 8","1015.7"," 8","002.3"," 8","  6.3"," 8","  4.9"," 8","  7.8","999.9","  58.3"," ","  43.7"," "," 0.04","F","999.9","110000"
"27369099999","2019-10-22","57.1333333","45.1666666","110.0","KRASNYE BAKI, RS","  38.2"," 8","  32.8"," 8","1019.8"," 8","006.0"," 8","  8.5"," 8","  3.9"," 8","  5.8","999.9","  45.1","*","  32.5","*"," 0.12","F","999.9","000000"
"27369099999","2019-10-23","57.1333333","45.1666666","110.0","KRASNYE BAKI, RS","  48.0"," 8","  40.9"," 8","1011.5"," 8","998.2"," 8","  8.5"," 8","  6.1"," 8","  7.8","999.9","  54.0"," ","  29.7"," "," 0.00","F","999.9","000000"
"27369099999","2019-10-24","57.1333333","45.1666666","110.0","KRASNYE BAKI, RS","  44.4"," 8","  39.6"," 8","1018.9"," 8","005.3"," 8","  8.5"," 8","  3.2"," 8","  3.9","999.9","  52.2"," ","  40.6"," "," 0.00","F","999.9","000000"
"27369099999","2019-10-25","57.1333333","45.1666666","110.0","KRASNYE BAKI, RS","  44.7"," 7","  38.6"," 7","1021.1"," 7","007.5"," 7","  8.9"," 7","  3.2"," 6","  5.8","999.9","  52.5"," ","  39.0"," "," 0.00","F","999.9","000000"
"27369099999","2019-10-26","57.1333333","45.1666666","110.0","KRASNYE BAKI, RS","  46.3"," 8","  41.6"," 8","1010.1"," 8","996.7"," 8","  8.9"," 8","  7.8"," 8","  9.7","999.9","  48.9","*","  40.1"," "," 0.00","F","999.9","010000"
"27369099999","2019-10-27","57.1333333","45.1666666","110.0","KRASNYE BAKI, RS","  48.2"," 8","  44.8"," 8"," 997.5"," 8","984.3"," 8","  6.9"," 8","  6.1"," 8","  9.7","999.9","  53.4"," ","  43.3","*"," 0.20","F","999.9","010000"
"27369099999","2019-10-28","57.1333333","45.1666666","110.0","KRASNYE BAKI, RS","  40.4"," 8","  29.0"," 8"," 998.2"," 8","984.8"," 8","  8.5"," 8"," 10.0"," 8"," 15.5","999.9","  52.7"," ","  30.2","*"," 0.16","F","999.9","000000"
"27369099999","2019-10-29","57.1333333","45.1666666","110.0","KRASNYE BAKI, RS","  28.1"," 8","  16.2"," 8","1015.0"," 8","001.0"," 8","  8.5"," 8","  2.4"," 8","  3.9","999.9","  32.7"," ","  24.3","*"," 0.00","F","999.9","000000"
"27369099999","2019-10-30","57.1333333","45.1666666","110.0","KRASNYE BAKI, RS","  26.8"," 8","  24.8"," 8","1007.1"," 8","993.2"," 8","  6.4"," 8","  5.8"," 8","  9.7","999.9","  30.2"," ","  23.5","*"," 0.24","F","  1.2","001000"
"27369099999","2019-10-31","57.1333333","45.1666666","110.0","KRASNYE BAKI, RS","  21.4"," 8","  16.2"," 8","1015.0"," 8","000.8"," 8","  7.4"," 8","  7.8"," 8","  9.7","999.9","  23.5"," ","  14.5","*"," 0.19","F","  3.1","001000"
"27369099999","2019-11-01","57.1333333","45.1666666","110.0","KRASNYE BAKI, RS","  24.2"," 8","  19.7"," 8","1014.8"," 8","000.7"," 8","  7.1"," 8","  5.3"," 8","  7.8","999.9","  29.3","*","  13.1"," "," 0.09","F","  5.1","001000"
"27369099999","2019-11-02","57.1333333","45.1666666","110.0","KRASNYE BAKI, RS","  30.4"," 8","  25.6"," 8","1016.3"," 8","002.4"," 8","  8.5"," 8","  4.6"," 8","  5.8","999.9","  33.3"," ","  27.9"," "," 0.07","F","  5.5","001000"
"27369099999","2019-11-03","57.1333333","45.1666666","110.0","KRASNYE BAKI, RS","  31.8"," 8","  27.9"," 8","1017.0"," 8","003.1"," 8","  8.5"," 8","  7.3"," 8","  9.7","999.9","  36.3"," ","  25.9"," "," 0.00","F","  2.8","011000"
"27369099999","2019-11-04","57.1333333","45.1666666","110.0","KRASNYE BAKI, RS","  37.2"," 8","  32.8"," 8","1009.5"," 8","995.9"," 8","  8.5"," 8","  6.8"," 8","  7.8","999.9","  41.2","*","  32.7"," "," 0.12","F","  2.4","010000"
"27369099999","2019-11-05","57.1333333","45.1666666","110.0","KRASNYE BAKI, RS","  44.1"," 8","  40.0"," 8","1002.7"," 8","989.3"," 8","  6.8"," 8","  6.1"," 8","  7.8","999.9","  48.9","*","  39.9"," "," 0.02","F","999.9","010000"
"27369099999","2019-11-06","57.1333333","45.1666666","110.0","KRASNYE BAKI, RS","  49.9"," 8","  44.6"," 8"," 999.2"," 8","986.0"," 8","  7.9"," 8","  6.3"," 8","  9.7","999.9","  51.8"," ","  46.4"," "," 0.17","F","999.9","010000"
"27369099999","2019-11-07","57.1333333","45.1666666","110.0","KRASNYE BAKI, RS","  42.4"," 6","  38.0"," 6","1001.5"," 6","988.1"," 6","  9.3"," 6","  7.8"," 6"," 13.6","999.9","  53.1","*","  25.5","*"," 0.75","E","999.9","010000"
"27369099999","2019-11-08","57.1333333","45.1666666","110.0","KRASNYE BAKI, RS","  24.4"," 8","  20.3"," 8","1025.1"," 8","010.8"," 8","  8.5"," 8","  3.3"," 7","  3.9","999.9","  25.5"," ","  23.4"," "," 0.00","F","999.9","000000"
"27369099999","2019-11-09","57.1333333","45.1666666","110.0","KRASNYE BAKI, RS","  25.0"," 8","  22.4"," 8","1033.6"," 8","019.2"," 8","  8.5"," 8","  4.2"," 7","  5.8","999.9","  26.4"," ","  23.2"," "," 0.00","F","999.9","000000"
"27369099999","2019-11-10","57.1333333","45.1666666","110.0","KRASNYE BAKI, RS","  31.5"," 8","  29.7"," 8","1027.7"," 8","013.7"," 8","  4.6"," 8","  4.9"," 8","  5.8","999.9","  37.0","*","  25.0"," "," 0.02","F","999.9","010000"
"27369099999","2019-11-11","57.1333333","45.1666666","110.0","KRASNYE BAKI, RS","  41.1"," 8","  37.6"," 8","1019.6"," 8","005.9"," 8","  4.3"," 8","  5.6"," 8","  7.8","999.9","  43.0"," ","  33.3"," "," 0.00","F","999.9","000000"
"27369099999","2019-11-12","57.1333333","45.1666666","110.0","KRASNYE BAKI, RS","  41.4"," 8","  37.2"," 8","1016.1"," 8","002.5"," 8","  6.4"," 8","  5.8"," 8","  7.8","999.9","  44.4"," ","  39.4","*"," 0.02","F","999.9","011000"
"27369099999","2019-11-13","57.1333333","45.1666666","110.0","KRASNYE BAKI, RS","  35.6"," 8","  31.3"," 8","1030.7"," 8","016.7"," 8","  7.7"," 8","  4.6"," 8","  7.8","999.9","  38.3","*","  33.6","*"," 0.01","F","999.9","010000"
"27369099999","2019-11-14","57.1333333","45.1666666","110.0","KRASNYE BAKI, RS","  32.7"," 8","  29.8"," 8","1034.0"," 8","019.9"," 8","  8.5"," 8","  4.9"," 8","  5.8","999.9","  35.1"," ","  31.3"," "," 0.00","F","999.9","000000"
"27369099999","2019-11-15","57.1333333","45.1666666","110.0","KRASNYE BAKI, RS","  32.2"," 8","  27.7"," 8","1033.8"," 8","019.7"," 8","  8.5"," 8","  3.9"," 8","  5.8","999.9","  37.4"," ","  29.3","*"," 0.00","F","999.9","000000"
"27369099999","2019-11-16","57.1333333","45.1666666","110.0","KRASNYE BAKI, RS","  31.0"," 8","  28.2"," 8","1031.2"," 8","017.0"," 8","  6.7"," 8","  3.4"," 8","  5.8","999.9","  34.5"," ","  26.2"," "," 0.00","F","999.9","010000"
"27369099999","2019-11-17","57.1333333","45.1666666","110.0","KRASNYE BAKI, RS","  35.1"," 8","  32.9"," 8","1030.1"," 8","016.1"," 8","  6.1"," 8","  2.4"," 8","  3.9","999.9","  36.5"," ","  31.5"," "," 0.01","F","999.9","000000"
"27369099999","2019-11-18","57.1333333","45.1666666","110.0","KRASNYE BAKI, RS","  38.8"," 8","  37.1"," 8","1027.6"," 8","013.8"," 8","  4.7"," 8","  3.2"," 8","  3.9","999.9","  40.5","*","  35.2"," "," 0.08","F","999.9","010000"
"27369099999","2019-11-19","57.1333333","45.1666666","110.0","KRASNYE BAKI, RS","  32.0"," 8","  28.2"," 8","1036.8"," 8","022.6"," 8","  8.5"," 8","  4.9"," 8","  7.8","999.9","  39.2","*","  19.4","*"," 0.00","F","999.9","000000"
"27369099999","2019-11-20","57.1333333","45.1666666","110.0","KRASNYE BAKI, RS","  12.6"," 8","   4.0"," 8","1050.7"," 8","035.8"," 8","  8.5"," 8","  3.4"," 8","  5.8","999.9","  17.1"," ","   8.4","*"," 0.00","F","999.9","000000"
"27369099999","2019-11-21","57.1333333","45.1666666","110.0","KRASNYE BAKI, RS","  13.1"," 8","   5.4"," 8","1051.2"," 8","036.2"," 8","  8.5"," 8","  2.9"," 8","  3.9","999.9","  20.7"," ","   6.6"," "," 0.00","F","999.9","000000"
"27369099999","2019-11-22","57.1333333","45.1666666","110.0","KRASNYE BAKI, RS","  16.0"," 6","   8.9"," 6","1047.0"," 6","032.2"," 6","  9.3"," 6","  2.9"," 6","  3.9","999.9","  23.2"," ","  11.1"," "," 0.00","F","999.9","000000"
"27369099999","2019-11-23","57.1333333","45.1666666","110.0","KRASNYE BAKI, RS","  14.8"," 7","   7.2"," 7","1042.8"," 7","028.0"," 7","  8.0"," 7","  3.1"," 5","  3.9","999.9","  22.6"," ","  10.9","*"," 0.00","F","999.9","000000"
"27369099999","2019-11-24","57.1333333","45.1666666","110.0","KRASNYE BAKI, RS","  15.8"," 8","   8.4"," 8","1038.9"," 8","024.2"," 8","  8.9"," 8","  2.7"," 5","  3.9","999.9","  22.3"," ","   8.8"," "," 0.00","F","999.9","000000"
"27369099999","2019-11-25","57.1333333","45.1666666","110.0","KRASNYE BAKI, RS","  21.8"," 8","   7.6"," 8","1032.4"," 8","018.0"," 8","  9.3"," 8","  4.4"," 8","  5.8","999.9","  24.4"," ","  16.7"," "," 0.00","F","999.9","000000"
"27369099999","2019-11-26","57.1333333","45.1666666","110.0","KRASNYE BAKI, RS","  20.7"," 7","   6.7"," 7","1026.6"," 7","012.2"," 7","  8.0"," 7","  4.4"," 7","  5.8","999.9","  26.2"," ","  17.8"," "," 0.00","F","999.9","000000"
"27369099999","2019-11-27","57.1333333","45.1666666","110.0","KRASNYE BAKI, RS","  26.0"," 8","  15.8"," 8","1020.8"," 8","006.6"," 8","  8.5"," 8","  5.3"," 8","  5.8","999.9","  29.1"," ","  20.7"," "," 0.00","F","999.9","000000"
"27369099999","2019-11-28","57.1333333","45.1666666","110.0","KRASNYE BAKI, RS","  23.6"," 8","  15.5"," 8","1019.9"," 8","005.7"," 8","  8.5"," 8","  5.1"," 8","  5.8","999.9","  26.8","*","  19.2"," "," 0.00","F","999.9","000000"
"27369099999","2019-11-29","57.1333333","45.1666666","110.0","KRASNYE BAKI, RS","  28.4"," 8","  22.0"," 8","1016.8"," 8","002.8"," 8","  8.5"," 8","  6.6"," 8","  7.8","999.9","  29.1"," ","  23.4"," "," 0.00","F","999.9","000000"
"27369099999","2019-11-30","57.1333333","45.1666666","110.0","KRASNYE BAKI, RS","  30.3"," 8","  25.0"," 8","1007.7"," 8","993.8"," 8","  6.9"," 8","  8.3"," 8","  9.7","999.9","  33.1"," ","  27.3"," "," 0.04","F","999.9","011000"
"27369099999","2019-12-01","57.1333333","45.1666666","110.0","KRASNYE BAKI, RS","  27.8"," 8","  25.3"," 8","1005.8"," 8","992.0"," 8","  6.7"," 8","  4.6"," 8","  7.8","999.9","  32.4"," ","  20.7","*"," 0.28","E","  2.8","001000"
"27369099999","2019-12-02","57.1333333","45.1666666","110.0","KRASNYE BAKI, RS","  20.5"," 8","  16.9"," 8","1013.9"," 8","999.7"," 8","  8.5"," 8","  4.4"," 8","  5.8","999.9","  23.7","*","  16.9"," "," 0.00","F","  5.5","000000"
"27369099999","2019-12-03","57.1333333","45.1666666","110.0","KRASNYE BAKI, RS","  24.6"," 8","  21.7"," 8","1011.0"," 8","997.0"," 8","  8.5"," 8","  4.1"," 8","  5.8","999.9","  26.2","*","  20.5"," "," 0.05","F","  5.5","001000"
"27369099999","2019-12-04","57.1333333","45.1666666","110.0","KRASNYE BAKI, RS","  24.9"," 8","  21.7"," 8","1006.9"," 8","993.0"," 8","  8.5"," 8","  3.6"," 8","  5.8","999.9","  26.1","*","  23.5"," "," 0.05","F","  6.3","001000"
"27369099999","2019-12-05","57.1333333","45.1666666","110.0","KRASNYE BAKI, RS","  30.5"," 8","  28.3"," 8","1003.2"," 8","989.5"," 8","  6.7"," 8","  5.3"," 8","  7.8","999.9","  34.0","*","  23.9"," "," 0.09","F","  6.7","011000"
"27369099999","2019-12-06","57.1333333","45.1666666","110.0","KRASNYE BAKI, RS","  34.5"," 8","  31.1"," 8","1001.1"," 8","987.5"," 8","  7.3"," 8","  7.0"," 8","  7.8","999.9","  35.8"," ","  32.9"," "," 0.02","F","  5.9","011000"
"27369099999","2019-12-07","57.1333333","45.1666666","110.0","KRASNYE BAKI, RS","  33.7"," 8","  28.2"," 8","1005.0"," 8","991.3"," 8","  8.5"," 8","  6.3"," 8","  7.8","999.9","  34.5"," ","  32.2","*"," 0.01","F","  3.1","000000"
"27369099999","2019-12-08","57.1333333","45.1666666","110.0","KRASNYE BAKI, RS","  34.0"," 8","  28.7"," 8","1004.2"," 8","990.5"," 8","  8.5"," 8","  7.0"," 8","  7.8","999.9","  37.0"," ","  28.4"," "," 0.01","F","  1.6","010000"
"27369099999","2019-12-09","57.1333333","45.1666666","110.0","KRASNYE BAKI, RS","  34.5"," 8","  28.8"," 8","1008.1"," 8","994.4"," 8","  8.5"," 8","  7.5"," 8","  9.7","999.9","  35.8"," ","  33.3","*"," 0.01","F","  0.8","011000"
"27369099999","2019-12-10","57.1333333","45.1666666","110.0","KRASNYE BAKI, RS","  35.6"," 8","  33.8"," 8","1013.4"," 8","999.6"," 8","  5.2"," 8","  4.6"," 8","  5.8","999.9","  36.1"," ","  33.3"," "," 0.04","F","  0.4","110000"
"27369099999","2019-12-11","57.1333333","45.1666666","110.0","KRASNYE BAKI, RS","  29.8"," 8","  26.0"," 8","1018.2"," 8","004.2"," 8","  7.9"," 8","  5.6"," 8","  7.8","999.9","  35.6"," ","  20.1","*"," 0.08","F","  0.4","110000"
"27369099999","2019-12-12","57.1333333","45.1666666","110.0","KRASNYE BAKI, RS","  18.7"," 8","  15.6"," 8","1026.8"," 8","012.3"," 8","  8.5"," 8","  2.8"," 7","  3.9","999.9","  24.6"," ","  14.9","*"," 0.00","F","  0.4","000000"
"27369099999","2019-12-13","57.1333333","45.1666666","110.0","KRASNYE BAKI, RS","  18.5"," 8","  15.5"," 8","1023.9"," 8","009.5"," 8","  8.5"," 8","  3.2"," 8","  5.8","999.9","  23.5"," ","  14.0"," "," 0.00","F","  0.4","000000"
"27369099999","2019-12-14","57.1333333","45.1666666","110.0","KRASNYE BAKI, RS","  19.6"," 8","  16.7"," 8","1024.6"," 8","010.2"," 8","  8.5"," 8","  3.9"," 8","  3.9","999.9","  23.2"," ","  15.8","*"," 0.00","F","  0.4","000000"
"27369099999","2019-12-15","57.1333333","45.1666666","110.0","KRASNYE BAKI, RS","  24.5"," 8","  21.4"," 8","1020.6"," 8","006.4"," 8","  7.3"," 8","  6.1"," 8","  7.8","999.9","  27.3"," ","  15.6"," "," 0.03","F","999.9","011000"
"27369099999","2019-12-16","57.1333333","45.1666666","110.0","KRASNYE BAKI, RS","  26.7"," 8","  24.1"," 8","1012.8"," 8","998.8"," 8","  5.4"," 8","  4.9"," 8","  7.8","999.9","  28.0","*","  26.1"," "," 0.24","F","  0.4","001000"
"27369099999","2019-12-17","57.1333333","45.1666666","110.0","KRASNYE BAKI, RS","  30.9"," 8","  29.7"," 8","1010.9"," 8","997.0"," 8","  2.5"," 8","  2.7"," 8","  3.9","999.9","  32.7"," ","  26.4"," "," 0.04","F","  1.6","101000"
"27369099999","2019-12-18","57.1333333","45.1666666","110.0","KRASNYE BAKI, RS","  32.7"," 8","  30.7"," 8","1011.0"," 8","997.2"," 8","  6.1"," 8","  4.1"," 8","  7.8","999.9","  33.8"," ","  32.0"," "," 0.02","F","  1.6","001000"
"27369099999","2019-12-19","57.1333333","45.1666666","110.0","KRASNYE BAKI, RS","  34.0"," 8","  30.3"," 8"," 994.8"," 8","981.2"," 8","  5.9"," 8","  9.0"," 8"," 11.7","999.9","  37.9"," ","  30.0","*"," 0.24","F","  1.6","001000"
"27369099999","2019-12-20","57.1333333","45.1666666","110.0","KRASNYE BAKI, RS","  28.2"," 8","  18.9"," 8","1011.1"," 8","997.1"," 8","  7.9"," 8","  9.7"," 8"," 11.7","999.9","  29.7"," ","  26.2","*"," 0.02","F","  2.0","001000"
"27369099999","2019-12-21","57.1333333","45.1666666","110.0","KRASNYE BAKI, RS","  24.8"," 8","  18.6"," 8","1018.8"," 8","004.6"," 8","  8.5"," 8","  4.6"," 8","  5.8","999.9","  25.7","*","  23.9","*"," 0.00","F","  2.0","000000"
"27369099999","2019-12-22","57.1333333","45.1666666","110.0","KRASNYE BAKI, RS","  27.7"," 8","  22.8"," 8","1013.6"," 8","999.6"," 8","  8.5"," 8","  4.9"," 8","  5.8","999.9","  31.3","*","  22.5"," "," 0.00","F","  2.0","010000"
"27369099999","2019-12-23","57.1333333","45.1666666","110.0","KRASNYE BAKI, RS","  34.5"," 8","  32.4"," 8","1011.9"," 8","998.1"," 8","  8.5"," 8","  5.6"," 8","  5.8","999.9","  36.7","*","  30.2"," "," 0.24","F","  1.6","010000"
"27369099999","2019-12-24","57.1333333","45.1666666","110.0","KRASNYE BAKI, RS","  33.4"," 8","  31.5"," 8","1013.9"," 8","000.1"," 8","  6.7"," 8","  4.4"," 8","  5.8","999.9","  35.1","*","  31.8","*"," 0.20","F","  0.4","010000"
"27369099999","2019-12-25","57.1333333","45.1666666","110.0","KRASNYE BAKI, RS","  30.0"," 8","  28.3"," 8","1016.0"," 8","002.1"," 8","  2.2"," 8","  4.1"," 8","  5.8","999.9","  30.9","*","  28.0","*"," 0.03","F","999.9","100000"
"27369099999","2019-12-26","57.1333333","45.1666666","110.0","KRASNYE BAKI, RS","  22.0"," 8","  18.0"," 8","1014.4"," 8","000.3"," 8","  8.5"," 8","  2.7"," 8","  3.9","999.9","  26.6","*","  18.9","*"," 0.00","F","999.9","000000"
"27369099999","2019-12-27","57.1333333","45.1666666","110.0","KRASNYE BAKI, RS","  17.4"," 8","  14.0"," 8","1012.7"," 8","998.4"," 8","  8.5"," 8","  2.7"," 8","  3.9","999.9","  19.8"," ","  15.4","*"," 0.00","F","999.9","000000"
"27369099999","2019-12-28","57.1333333","45.1666666","110.0","KRASNYE BAKI, RS","  18.3"," 8","  14.4"," 8","1022.6"," 8","008.3"," 8","  8.5"," 8","  5.8"," 8","  7.8","999.9","  21.6","*","  14.4"," "," 0.00","F","  0.4","000000"
"27369099999","2019-12-29","57.1333333","45.1666666","110.0","KRASNYE BAKI, RS","  16.9"," 8","  11.9"," 8","1031.3"," 8","016.7"," 8","  8.5"," 8","  3.9"," 8","  5.8","999.9","  20.3","*","  13.6","*"," 0.01","F","  0.4","001000"
"27369099999","2019-12-30","57.1333333","45.1666666","110.0","KRASNYE BAKI, RS","  21.0"," 8","  17.7"," 8","1012.8"," 8","998.7"," 8","  6.7"," 8","  7.0"," 8","  9.7","999.9","  25.7","*","  13.6"," "," 0.04","F","  0.4","001000"
"27369099999","2019-12-31","57.1333333","45.1666666","110.0","KRASNYE BAKI, RS","  31.3"," 8","  29.2"," 8"," 988.8"," 8","975.3"," 8","  6.5"," 8","  5.3"," 8","  9.7","999.9","  33.6"," ","  22.8"," "," 0.31","F","  3.1","011000"
