"STATION","DATE","LATITUDE","LONGITUDE","ELEVATION","NAME","TEMP","TEMP_ATTRIBUTES","DEWP","DEWP_ATTRIBUTES","SLP","SLP_ATTRIBUTES","STP","STP_ATTRIBUTES","VISIB","VISIB_ATTRIBUTES","WDSP","WDSP_ATTRIBUTES","MXSPD","GUST","MAX","MAX_ATTRIBUTES","MIN","MIN_ATTRIBUTES","PRCP","PRCP_ATTRIBUTES","SNDP","FRSHTT"
"40179099999","2019-01-01","32.0","34.8166666","35.0","BET DAGAN, IS","  52.5"," 9","  46.3"," 9","1016.6"," 9","012.8"," 9","  9.0"," 9","  3.4"," 8","  5.8","999.9","  67.3"," ","  42.6"," "," 0.00","G","999.9","000000"
"40179099999","2019-01-02","32.0","34.8166666","35.0","BET DAGAN, IS","  54.7"," 8","  44.4"," 8","1014.7"," 8","010.9"," 8","  5.7"," 8","  7.8"," 8"," 11.7","999.9","  64.8"," ","  44.8"," "," 0.00","G","999.9","010010"
"40179099999","2019-01-03","32.0","34.8166666","35.0","BET DAGAN, IS","  56.1"," 8","  47.4"," 8","1019.7"," 8","015.9"," 8","  6.4"," 8","  8.7"," 8"," 13.6","999.9","  62.6","*","  49.8"," "," 0.00","G","999.9","010010"
"40179099999","2019-01-04","32.0","34.8166666","35.0","BET DAGAN, IS","  54.6"," 8","  43.8"," 8","1022.0"," 8","018.3"," 8","  6.6"," 8","  4.6"," 8","  5.8","999.9","  66.7"," ","  44.6"," "," 0.00","G","999.9","000000"
"40179099999","2019-01-05","32.0","34.8166666","35.0","BET DAGAN, IS","  53.9"," 8","  46.2"," 8","1016.2"," 8","012.4"," 8","  7.4"," 8","  5.5"," 7","  9.7","999.9","  64.8"," ","  44.1"," "," 0.00","G","999.9","000000"
"40179099999","2019-01-06","32.0","34.8166666","35.0","BET DAGAN, IS","  53.2"," 8","  41.4"," 8","1013.3"," 8","009.5"," 8","  7.1"," 8"," 15.5"," 8"," 23.3","999.9","  59.4"," ","  47.3","*"," 0.00","G","999.9","010010"
"40179099999","2019-01-07","32.0","34.8166666","35.0","BET DAGAN, IS","  53.1"," 8","  39.0"," 8","1017.4"," 8","013.6"," 8","  7.6"," 8"," 13.4"," 8"," 17.5","999.9","  59.7"," ","  46.4"," "," 0.00","G","999.9","010000"
"40179099999","2019-01-08","32.0","34.8166666","35.0","BET DAGAN, IS","  55.0"," 9","  42.0"," 9","1014.5"," 9","010.8"," 9","  6.6"," 9"," 15.0"," 9"," 21.4","999.9","  61.9"," ","  49.5"," "," 0.00","G","999.9","010000"
"40179099999","2019-01-09","32.0","34.8166666","35.0","BET DAGAN, IS","  50.4"," 8","  46.6"," 8","1020.2"," 8","016.4"," 8","  6.1"," 8","  6.8"," 8"," 11.7","999.9","  54.7"," ","  45.9","*"," 0.00","G","999.9","010010"
"40179099999","2019-01-10","32.0","34.8166666","35.0","BET DAGAN, IS","  53.7"," 9","  41.4"," 9","1022.7"," 9","018.9"," 9","  7.2"," 9","  3.0"," 9","  3.9","999.9","  64.2"," ","  44.8"," "," 0.00","G","999.9","000000"
"40179099999","2019-01-11","32.0","34.8166666","35.0","BET DAGAN, IS","  51.5"," 9","  41.1"," 9","1019.6"," 9","015.8"," 9","  7.9"," 9","  3.4"," 9","  5.8","999.9","  64.8"," ","  37.9"," "," 0.00","G","999.9","000000"
"40179099999","2019-01-12","32.0","34.8166666","35.0","BET DAGAN, IS","  51.4"," 8","  45.2"," 8","1011.8"," 8","008.0"," 8","  8.5"," 8","  3.2"," 8","  3.9","999.9","  65.8"," ","  39.0"," "," 0.00","G","999.9","000000"
"40179099999","2019-01-13","32.0","34.8166666","35.0","BET DAGAN, IS","  54.0"," 9","  42.1"," 9","1008.0"," 9","004.3"," 9","  4.7"," 9"," 12.8"," 9"," 22.3","999.9","  61.5"," ","  40.5"," "," 0.00","G","999.9","010000"
"40179099999","2019-01-14","32.0","34.8166666","35.0","BET DAGAN, IS","  56.8"," 7","  48.1"," 7","1011.7"," 7","008.0"," 7","  4.6"," 7"," 12.5"," 7"," 19.4","999.9","  59.4"," ","  52.9"," "," 0.00","G","999.9","010000"
"40179099999","2019-01-15","32.0","34.8166666","35.0","BET DAGAN, IS","  54.6"," 8","  38.7"," 8","1014.1"," 8","010.3"," 8","  7.8"," 8","  8.0"," 8"," 11.7","999.9","  63.0"," ","  50.2"," "," 0.00","G","999.9","000000"
"40179099999","2019-01-16","32.0","34.8166666","35.0","BET DAGAN, IS","  53.7","10","  35.6","10","1009.8","10","006.0","10","  6.2","10"," 15.1","10"," 25.3","999.9","  61.2"," ","  47.3"," "," 0.00","G","999.9","010100"
"40179099999","2019-01-17","32.0","34.8166666","35.0","BET DAGAN, IS","  57.6"," 8","  44.0"," 8","1018.2"," 8","014.4"," 8","  7.0"," 8","  9.7"," 8"," 15.5","999.9","  62.6"," ","  48.0"," "," 0.00","G","999.9","010000"
"40179099999","2019-01-18","32.0","34.8166666","35.0","BET DAGAN, IS","  53.3"," 9","  46.2"," 9","1021.2"," 9","017.5"," 9","  9.0"," 9","  3.7"," 9","  5.8","999.9","  63.7"," ","  45.9","*"," 0.00","G","999.9","000000"
"40179099999","2019-01-19","32.0","34.8166666","35.0","BET DAGAN, IS","  50.7"," 8","  40.9"," 8","1020.9"," 8","017.1"," 8","  7.8"," 8","  3.4"," 8","  3.9","999.9","  64.4"," ","  37.8"," "," 0.00","G","999.9","000000"
"40179099999","2019-01-20","32.0","34.8166666","35.0","BET DAGAN, IS","  51.6"," 8","  44.0"," 8","1018.8"," 8","015.0"," 8","  6.6"," 8","  2.9"," 8","  3.9","999.9","  63.5"," ","  39.2"," "," 0.00","G","999.9","000000"
"40179099999","2019-01-21","32.0","34.8166666","35.0","BET DAGAN, IS","  52.9"," 9","  45.4"," 9","1016.9"," 9","013.2"," 9","  6.2"," 9","  2.8"," 9","  5.8","999.9","  67.6"," ","  42.1"," "," 0.00","G","999.9","000000"
"40179099999","2019-01-22","32.0","34.8166666","35.0","BET DAGAN, IS","  53.2"," 9","  47.1"," 9","1015.5"," 9","011.7"," 9","  5.9"," 9","  4.3"," 8","  9.7","999.9","  67.5"," ","  43.3"," "," 0.00","G","999.9","000000"
"40179099999","2019-01-23","32.0","34.8166666","35.0","BET DAGAN, IS","  55.2","10","  44.1","10","9999.9"," 0","999.9"," 0","  7.1","10","  3.1","10","  7.8","999.9","  68.7"," ","  42.6"," "," 0.00","G","999.9","000000"
"40179099999","2019-01-24","32.0","34.8166666","35.0","BET DAGAN, IS","  56.6"," 8","  43.6"," 8","9999.9"," 0","999.9"," 0","  6.6"," 8","  6.1"," 8"," 15.5","999.9","  75.9"," ","  43.3"," "," 0.00","G","999.9","000000"
"40179099999","2019-01-25","32.0","34.8166666","35.0","BET DAGAN, IS","  54.7"," 8","  42.5"," 8","9999.9"," 0","999.9"," 0","  6.6"," 8","  4.1"," 8","  7.8","999.9","  71.1"," ","  42.6"," "," 0.00","G","999.9","000000"
"40179099999","2019-01-26","32.0","34.8166666","35.0","BET DAGAN, IS","  56.7"," 9","  46.2"," 9","9999.9"," 0","999.9"," 0","  6.6"," 9","  3.8"," 9","  9.7","999.9","  76.6"," ","  43.0"," "," 0.00","G","999.9","000000"
"40179099999","2019-01-27","32.0","34.8166666","35.0","BET DAGAN, IS","  55.3"," 9","  45.0"," 9","9999.9"," 0","999.9"," 0","  5.8"," 9","  4.8"," 9","  9.7","999.9","  68.4"," ","  47.7"," "," 0.00","G","999.9","000000"
"40179099999","2019-01-28","32.0","34.8166666","35.0","BET DAGAN, IS","  54.1"," 8","  45.1"," 8","9999.9"," 0","999.9"," 0","  5.9"," 8","  9.5"," 8"," 13.6","999.9","  62.1"," ","  48.2"," "," 0.00","G","999.9","010010"
"40179099999","2019-01-29","32.0","34.8166666","35.0","BET DAGAN, IS","  57.7"," 8","  46.7"," 8","9999.9"," 0","999.9"," 0","  7.4"," 8","  3.9"," 8","  5.8","999.9","  67.6"," ","  51.1"," "," 0.00","G","999.9","000000"
"40179099999","2019-01-30","32.0","34.8166666","35.0","BET DAGAN, IS","  55.8"," 9","  42.9"," 9","9999.9"," 0","999.9"," 0","  6.2"," 9","  6.0"," 9"," 11.7","999.9","  68.0"," ","  45.0"," "," 0.00","G","999.9","000000"
"40179099999","2019-01-31","32.0","34.8166666","35.0","BET DAGAN, IS","  53.6"," 8","  40.9"," 8","9999.9"," 0","999.9"," 0","  6.2"," 8","  4.6"," 8","  7.8","999.9","  67.5"," ","  43.9"," "," 0.00","G","999.9","000000"
"40179099999","2019-02-01","32.0","34.8166666","35.0","BET DAGAN, IS","  53.4","10","  40.9","10","9999.9"," 0","999.9"," 0","  6.8","10","  4.0","10","  5.8","999.9","  67.1"," ","  41.4"," "," 0.00","G","999.9","000000"
"40179099999","2019-02-02","32.0","34.8166666","35.0","BET DAGAN, IS","  53.2"," 8","  44.9"," 8","9999.9"," 0","999.9"," 0","  7.0"," 8","  4.1"," 8","  7.8","999.9","  65.5"," ","  41.9"," "," 0.00","G","999.9","000000"
"40179099999","2019-02-03","32.0","34.8166666","35.0","BET DAGAN, IS","  53.4"," 9","  43.7"," 9","9999.9"," 0","999.9"," 0","  6.2"," 9","  3.2"," 9","  5.8","999.9","  70.0"," ","  41.0"," "," 0.00","G","999.9","000000"
"40179099999","2019-02-04","32.0","34.8166666","35.0","BET DAGAN, IS","  60.1"," 9","  39.8"," 9","9999.9"," 0","999.9"," 0","  7.9"," 9","  6.1"," 9"," 11.7","999.9","  76.8"," ","  42.6"," "," 0.00","G","999.9","000000"
"40179099999","2019-02-05","32.0","34.8166666","35.0","BET DAGAN, IS","  69.9"," 8","  41.2"," 8","9999.9"," 0","999.9"," 0","  5.8"," 8","  9.5"," 8"," 13.6","999.9","  77.4"," ","  59.0"," "," 0.00","G","999.9","000000"
"40179099999","2019-02-06","32.0","34.8166666","35.0","BET DAGAN, IS","  65.2","10","  56.9","10","9999.9"," 0","999.9"," 0","  5.5","10","  4.9","10","  9.7","999.9","  74.5"," ","  61.5"," "," 0.00","G","999.9","010000"
"40179099999","2019-02-07","32.0","34.8166666","35.0","BET DAGAN, IS","  59.9"," 8","  56.8"," 8","9999.9"," 0","999.9"," 0","  5.7"," 8","  5.0"," 7","  7.8","999.9","  64.8"," ","  53.6","*"," 0.00","G","999.9","010000"
"40179099999","2019-02-08","32.0","34.8166666","35.0","BET DAGAN, IS","  56.5"," 8","  48.9"," 8","9999.9"," 0","999.9"," 0","  6.0"," 8","  6.6"," 8"," 11.7","999.9","  66.2"," ","  47.3"," "," 0.00","G","999.9","000000"
"40179099999","2019-02-09","32.0","34.8166666","35.0","BET DAGAN, IS","  56.7"," 9","  51.9"," 9","9999.9"," 0","999.9"," 0","  6.1"," 9","  6.4"," 9"," 11.7","999.9","  64.8"," ","  51.1"," "," 0.00","G","999.9","010000"
"40179099999","2019-02-10","32.0","34.8166666","35.0","BET DAGAN, IS","  55.2"," 8","  49.5"," 8","9999.9"," 0","999.9"," 0","  6.2"," 8","  6.1"," 8","  9.7","999.9","  60.8","*","  49.8"," "," 0.00","G","999.9","010000"
"40179099999","2019-02-11","32.0","34.8166666","35.0","BET DAGAN, IS","  56.1","10","  48.2","10","9999.9"," 0","999.9"," 0","  6.1","10","  3.9","10","  6.2","999.9","  64.9"," ","  50.7"," "," 0.00","G","999.9","010010"
"40179099999","2019-02-12","32.0","34.8166666","35.0","BET DAGAN, IS","  56.3","11","  47.3","11","9999.9"," 0","999.9"," 0","  7.3","11","  4.2","11","  8.9","999.9","  65.7"," ","  47.1"," "," 0.00","G","999.9","000000"
"40179099999","2019-02-13","32.0","34.8166666","35.0","BET DAGAN, IS","  59.1","12","  43.9","12","9999.9"," 0","999.9"," 0","  7.8","12","  3.5","12","  5.8","999.9","  74.8"," ","  45.7"," "," 0.00","G","999.9","000000"
"40179099999","2019-02-14","32.0","34.8166666","35.0","BET DAGAN, IS","  57.5","10","  45.3","10","1012.4"," 4","008.7"," 4","  6.3","10","  9.2","10"," 15.5","999.9","  65.5"," ","  53.1"," "," 0.00","G","999.9","010010"
"40179099999","2019-02-15","32.0","34.8166666","35.0","BET DAGAN, IS","  56.1","12","  40.4","12","1013.5","12","009.8","12","  5.6","12"," 11.5","12"," 15.5","999.9","  61.5"," ","  49.5"," "," 0.00","G","999.9","010100"
"40179099999","2019-02-16","32.0","34.8166666","35.0","BET DAGAN, IS","  53.8","12","  47.1","12","1020.2","12","016.4","12","  6.0","12","  7.4","12"," 15.5","999.9","  62.1"," ","  47.7","*"," 0.00","G","999.9","010010"
"40179099999","2019-02-17","32.0","34.8166666","35.0","BET DAGAN, IS","  54.6","13","  43.6","13","1020.9","13","017.1","13","  6.2","13","  4.7","13","  9.7","999.9","  64.9"," ","  44.4"," "," 0.00","G","999.9","000000"
"40179099999","2019-02-18","32.0","34.8166666","35.0","BET DAGAN, IS","  50.5","11","  44.4","11","1019.6","11","015.8","11","  6.8","11","  4.5","11"," 18.5","999.9","  60.1"," ","  45.9","*"," 0.00","G","999.9","010010"
"40179099999","2019-02-19","32.0","34.8166666","35.0","BET DAGAN, IS","  53.3"," 8","  48.1"," 8","1022.1"," 8","018.4"," 8","  6.6"," 8","  4.1"," 8","  7.8","999.9","  62.6"," ","  42.3"," "," 0.00","G","999.9","010000"
"40179099999","2019-02-20","32.0","34.8166666","35.0","BET DAGAN, IS","  56.1"," 8","  48.3"," 8","1021.8"," 8","018.0"," 8","  6.2"," 8","  3.9"," 8","  7.8","999.9","  65.1"," ","  48.4"," "," 0.00","G","999.9","000000"
"40179099999","2019-02-21","32.0","34.8166666","35.0","BET DAGAN, IS","  54.9"," 8","  46.4"," 8","1020.0"," 8","016.2"," 8","  6.5"," 8","  3.6"," 8","  7.8","999.9","  64.8"," ","  46.0"," "," 0.00","G","999.9","000000"
"40179099999","2019-02-22","32.0","34.8166666","35.0","BET DAGAN, IS","  55.5","12","  46.3","12","1017.8","12","014.0","12","  6.2","12","  4.1","12","  7.8","999.9","  64.9"," ","  43.3"," "," 0.00","G","999.9","000000"
"40179099999","2019-02-23","32.0","34.8166666","35.0","BET DAGAN, IS","  56.8","12","  47.1","12","1018.6","12","014.9","12","  7.0","12","  3.6","12","  6.8","999.9","  65.1"," ","  44.8"," "," 0.00","G","999.9","000000"
"40179099999","2019-02-24","32.0","34.8166666","35.0","BET DAGAN, IS","  56.4","11","  46.1","11","1018.6","11","014.8","11","  6.5","11","  3.4","11","  5.8","999.9","  68.5"," ","  43.3"," "," 0.00","G","999.9","000000"
"40179099999","2019-02-25","32.0","34.8166666","35.0","BET DAGAN, IS","  65.8","11","  38.6","11","1013.7","11","010.1","11","  7.3","11","  4.4","11","  9.7","999.9","  81.9"," ","  45.1"," "," 0.00","G","999.9","000000"
"40179099999","2019-02-26","32.0","34.8166666","35.0","BET DAGAN, IS","  61.1"," 9","  45.1"," 9","1011.3"," 9","007.6"," 9","  6.1"," 8","  8.4"," 9"," 17.5","999.9","  71.2"," ","  55.2","*"," 0.00","G","999.9","010000"
"40179099999","2019-02-27","32.0","34.8166666","35.0","BET DAGAN, IS","  58.3"," 8","  51.2"," 8","1009.7"," 8","006.0"," 8","  5.9"," 8"," 13.7"," 8"," 19.4","999.9","  63.1"," ","  54.0"," "," 0.00","G","999.9","010010"
"40179099999","2019-02-28","32.0","34.8166666","35.0","BET DAGAN, IS","  54.9"," 8","  46.0"," 8","1009.4"," 8","005.7"," 8","  6.1"," 8"," 13.6"," 8"," 19.4","999.9","  59.5"," ","  50.7","*"," 0.00","G","999.9","010000"
"40179099999","2019-03-01","32.0","34.8166666","35.0","BET DAGAN, IS","  56.3"," 8","  45.3"," 8","1015.2"," 8","011.5"," 8","  6.2"," 8","  6.8"," 8"," 11.7","999.9","  63.3"," ","  48.9"," "," 0.00","G","999.9","010000"
"40179099999","2019-03-02","32.0","34.8166666","35.0","BET DAGAN, IS","  54.4"," 8","  49.0"," 8","1016.0"," 8","012.2"," 8","  6.2"," 8","  5.3"," 8","  9.7","999.9","  59.5"," ","  49.8","*"," 0.00","G","999.9","010000"
"40179099999","2019-03-03","32.0","34.8166666","35.0","BET DAGAN, IS","  55.3"," 8","  42.9"," 8","1014.5"," 8","010.7"," 8","  6.2"," 8","  6.1"," 8"," 13.6","999.9","  67.1"," ","  43.5"," "," 0.00","G","999.9","000000"
"40179099999","2019-03-04","32.0","34.8166666","35.0","BET DAGAN, IS","  55.4"," 8","  49.7"," 8","1015.8"," 8","012.0"," 8","  6.1"," 8","  4.9"," 8"," 13.6","999.9","  64.4"," ","  49.8"," "," 0.00","G","999.9","010000"
"40179099999","2019-03-05","32.0","34.8166666","35.0","BET DAGAN, IS","  54.3"," 9","  47.6"," 9","1017.6"," 9","013.8"," 9","  6.2"," 9","  4.1"," 9","  9.7","999.9","  66.6"," ","  47.5"," "," 0.00","G","999.9","010000"
"40179099999","2019-03-06","32.0","34.8166666","35.0","BET DAGAN, IS","  56.4"," 8","  48.6"," 8","1023.2"," 8","019.4"," 8","  6.7"," 7","  3.6"," 8","  7.8","999.9","  66.2"," ","  45.7"," "," 0.00","G","999.9","000000"
"40179099999","2019-03-07","32.0","34.8166666","35.0","BET DAGAN, IS","  57.6"," 8","  49.2"," 8","1022.8"," 8","019.0"," 8","  6.0"," 8","  5.3"," 8","  9.7","999.9","  66.9"," ","  46.2"," "," 0.00","G","999.9","000000"
"40179099999","2019-03-08","32.0","34.8166666","35.0","BET DAGAN, IS","  57.8"," 8","  47.4"," 8","1023.8"," 8","020.0"," 8","  7.8"," 8","  3.6"," 8","  7.8","999.9","  67.6"," ","  49.8"," "," 0.00","G","999.9","000000"
"40179099999","2019-03-09","32.0","34.8166666","35.0","BET DAGAN, IS","  56.8"," 9","  43.9"," 9","1025.1"," 9","021.3"," 9","  7.6"," 9","  3.5"," 9","  7.8","999.9","  68.0"," ","  41.2"," "," 0.00","G","999.9","000000"
"40179099999","2019-03-10","32.0","34.8166666","35.0","BET DAGAN, IS","  57.7"," 8","  46.5"," 8","1022.4"," 8","018.7"," 8","  7.0"," 8","  4.1"," 8","  9.7","999.9","  66.9"," ","  44.2"," "," 0.00","G","999.9","000000"
"40179099999","2019-03-11","32.0","34.8166666","35.0","BET DAGAN, IS","  57.9"," 9","  48.7"," 9","1021.5"," 9","017.7"," 9","  6.9"," 9","  3.7"," 9","  5.8","999.9","  67.6"," ","  48.6"," "," 0.00","G","999.9","000000"
"40179099999","2019-03-12","32.0","34.8166666","35.0","BET DAGAN, IS","  60.1"," 9","  51.1"," 9","1016.0"," 9","012.3"," 9","  5.8"," 9","  3.9"," 8","  5.8","999.9","  70.5"," ","  46.0"," "," 0.00","G","999.9","000000"
"40179099999","2019-03-13","32.0","34.8166666","35.0","BET DAGAN, IS","  61.7"," 7","  49.1"," 7","1008.5"," 7","004.8"," 7","  6.0"," 7","  7.8"," 7"," 11.7","999.9","  77.7"," ","  51.4"," "," 0.00","G","999.9","010000"
"40179099999","2019-03-14","32.0","34.8166666","35.0","BET DAGAN, IS","  57.8"," 8","  51.6"," 8","1011.8"," 8","008.1"," 8","  5.8"," 8"," 10.2"," 8"," 19.4","999.9","  62.6"," ","  50.7"," "," 0.00","G","999.9","010000"
"40179099999","2019-03-15","32.0","34.8166666","35.0","BET DAGAN, IS","  60.4","10","  49.2","10","1013.5","10","009.8","10","  6.4","10","  5.8","10","  9.7","999.9","  69.3"," ","  52.7","*"," 0.00","G","999.9","000000"
"40179099999","2019-03-16","32.0","34.8166666","35.0","BET DAGAN, IS","  56.6"," 7","  49.4"," 7","1012.8"," 7","009.1"," 7","  6.2"," 7"," 10.5"," 7"," 19.4","999.9","  61.0"," ","  51.6"," "," 0.00","G","999.9","010000"
"40179099999","2019-03-17","32.0","34.8166666","35.0","BET DAGAN, IS","  59.9"," 8","  48.9"," 8","1019.1"," 8","015.4"," 8","  6.2"," 8","  7.5"," 8"," 11.7","999.9","  66.6"," ","  52.5","*"," 0.00","G","999.9","010000"
"40179099999","2019-03-18","32.0","34.8166666","35.0","BET DAGAN, IS","  58.8"," 8","  50.7"," 8","1020.6"," 8","016.8"," 8","  7.0"," 8","  3.9"," 8","  5.8","999.9","  68.4"," ","  47.8"," "," 0.00","G","999.9","000000"
"40179099999","2019-03-19","32.0","34.8166666","35.0","BET DAGAN, IS","  60.6"," 8","  49.7"," 8","1016.5"," 8","012.7"," 8","  6.0"," 7","  4.9"," 8","  9.7","999.9","  74.3"," ","  46.9"," "," 0.00","G","999.9","000000"
"40179099999","2019-03-20","32.0","34.8166666","35.0","BET DAGAN, IS","  61.4"," 8","  54.6"," 8","1015.1"," 8","011.4"," 8","  4.8"," 8","  3.9"," 7","  7.8","999.9","  70.2"," ","  54.1"," "," 0.00","G","999.9","000000"
"40179099999","2019-03-21","32.0","34.8166666","35.0","BET DAGAN, IS","  61.8"," 8","  55.1"," 8","1015.3"," 8","011.6"," 8","  5.2"," 8","  4.4"," 8","  9.7","999.9","  70.3"," ","  54.1"," "," 0.00","G","999.9","000000"
"40179099999","2019-03-22","32.0","34.8166666","35.0","BET DAGAN, IS","  60.8"," 8","  54.2"," 8","1016.2"," 8","012.5"," 8","  5.7"," 8","  3.9"," 7","  5.8","999.9","  68.7"," ","  51.4"," "," 0.00","G","999.9","000000"
"40179099999","2019-03-23","32.0","34.8166666","35.0","BET DAGAN, IS","  60.3"," 8","  54.8"," 8","1011.5"," 8","007.8"," 8","  5.4"," 8","  3.6"," 7","  7.8","999.9","  68.7"," ","  52.9"," "," 0.00","G","999.9","010000"
"40179099999","2019-03-24","32.0","34.8166666","35.0","BET DAGAN, IS","  61.3"," 9","  53.1"," 9","1003.0"," 9","999.3"," 9","  5.7"," 9","  4.7"," 9","  7.8","999.9","  68.5"," ","  54.9"," "," 0.00","G","999.9","000000"
"40179099999","2019-03-25","32.0","34.8166666","35.0","BET DAGAN, IS","  54.4","10","  46.6","10","1005.4","10","001.6","10","  6.2","10","  6.0","10"," 11.7","999.9","  60.4"," ","  48.6"," "," 0.00","G","999.9","010000"
"40179099999","2019-03-26","32.0","34.8166666","35.0","BET DAGAN, IS","  57.3"," 8","  46.0"," 8","1013.3"," 8","009.6"," 8","  8.2"," 8","  5.8"," 8","  9.7","999.9","  66.7"," ","  48.0"," "," 0.00","G","999.9","000000"
"40179099999","2019-03-27","32.0","34.8166666","35.0","BET DAGAN, IS","  59.7"," 8","  52.3"," 8","1018.6"," 8","014.9"," 8","  6.2"," 8","  6.8"," 8"," 11.7","999.9","  67.6"," ","  51.8"," "," 0.00","G","999.9","000000"
"40179099999","2019-03-28","32.0","34.8166666","35.0","BET DAGAN, IS","  61.2"," 8","  52.2"," 8","1019.6"," 8","015.9"," 8","  6.9"," 8","  4.1"," 8","  5.8","999.9","  69.6"," ","  50.9"," "," 0.00","G","999.9","000000"
"40179099999","2019-03-29","32.0","34.8166666","35.0","BET DAGAN, IS","  65.0"," 8","  51.0"," 8","1010.0"," 8","006.4"," 8","  6.6"," 8","  5.6"," 8","  9.7","999.9","  71.4"," ","  57.2"," "," 0.00","G","999.9","000010"
"40179099999","2019-03-30","32.0","34.8166666","35.0","BET DAGAN, IS","  61.7"," 8","  52.8"," 8","1004.6"," 8","000.9"," 8","  5.2"," 8"," 13.1"," 8"," 23.3","999.9","  67.3"," ","  57.7"," "," 0.00","G","999.9","010000"
"40179099999","2019-03-31","32.0","34.8166666","35.0","BET DAGAN, IS","  55.9"," 8","  51.1"," 8","1007.9"," 8","004.2"," 8","  6.1"," 8","  8.0"," 8"," 15.5","999.9","  59.5"," ","  53.4","*"," 0.00","G","999.9","110000"
"40179099999","2019-04-01","32.0","34.8166666","35.0","BET DAGAN, IS","  57.3"," 8","  50.5"," 8","1011.1"," 8","007.4"," 8","  6.6"," 8","  8.7"," 8"," 13.6","999.9","  63.9"," ","  52.0"," "," 0.00","G","999.9","010000"
"40179099999","2019-04-02","32.0","34.8166666","35.0","BET DAGAN, IS","  59.4"," 8","  48.7"," 8","1013.0"," 8","009.3"," 8","  7.4"," 8","  6.1"," 7","  9.7","999.9","  68.0"," ","  51.1"," "," 0.00","G","999.9","000000"
"40179099999","2019-04-03","32.0","34.8166666","35.0","BET DAGAN, IS","  59.8"," 8","  48.5"," 8","1012.2"," 8","008.5"," 8","  7.8"," 8","  4.1"," 8","  5.8","999.9","  70.3"," ","  46.9"," "," 0.00","G","999.9","000000"
"40179099999","2019-04-04","32.0","34.8166666","35.0","BET DAGAN, IS","  60.8"," 8","  52.5"," 8","1011.9"," 8","008.2"," 8","  6.1"," 8","  4.6"," 8","  7.8","999.9","  70.9"," ","  50.7"," "," 0.00","G","999.9","000000"
"40179099999","2019-04-05","32.0","34.8166666","35.0","BET DAGAN, IS","  61.3"," 8","  53.2"," 8","1014.5"," 8","010.8"," 8","  8.5"," 8","  5.3"," 8","  7.8","999.9","  68.5"," ","  52.9"," "," 0.00","G","999.9","000000"
"40179099999","2019-04-06","32.0","34.8166666","35.0","BET DAGAN, IS","  64.3"," 8","  52.5"," 8","1012.1"," 8","008.4"," 8","  6.8"," 8","  3.1"," 7","  5.8","999.9","  76.1"," ","  51.3"," "," 0.00","G","999.9","000000"
"40179099999","2019-04-07","32.0","34.8166666","35.0","BET DAGAN, IS","  70.0"," 8","  51.6"," 8","1008.6"," 8","005.0"," 8","  6.1"," 8","  5.0"," 7","  9.7","999.9","  81.7"," ","  57.2"," "," 0.00","G","999.9","000000"
"40179099999","2019-04-08","32.0","34.8166666","35.0","BET DAGAN, IS","  66.1"," 8","  57.0"," 8","1009.1"," 8","005.5"," 8","  5.5"," 8","  4.1"," 8","  7.8","999.9","  76.3"," ","  57.9"," "," 0.00","G","999.9","000000"
"40179099999","2019-04-09","32.0","34.8166666","35.0","BET DAGAN, IS","  65.5"," 9","  53.6"," 9","1010.5"," 9","006.9"," 9","  5.7"," 9","  5.0"," 9"," 11.7","999.9","  81.0"," ","  54.0"," "," 0.00","G","999.9","100000"
"40179099999","2019-04-10","32.0","34.8166666","35.0","BET DAGAN, IS","  61.7"," 8","  50.7"," 8","1015.1"," 8","011.4"," 8","  7.0"," 8","  5.1"," 8","  9.7","999.9","  69.8"," ","  53.2"," "," 0.00","G","999.9","000000"
"40179099999","2019-04-11","32.0","34.8166666","35.0","BET DAGAN, IS","  61.1"," 8","  49.9"," 8","1016.9"," 8","013.2"," 8","  6.2"," 8","  5.1"," 8","  9.7","999.9","  69.6"," ","  49.8"," "," 0.00","G","999.9","000000"
"40179099999","2019-04-12","32.0","34.8166666","35.0","BET DAGAN, IS","  63.5","13","  52.2","13","1015.0","13","011.4","13","  6.2","13","  5.8","13"," 11.7","999.9","  73.2"," ","  50.7"," "," 0.00","G","999.9","000000"
"40179099999","2019-04-13","32.0","34.8166666","35.0","BET DAGAN, IS","  67.4","12","  55.2","12","1010.4","12","006.8","12","  6.3","11","  3.5","12","  7.8","999.9","  86.2"," ","  51.8"," "," 0.00","G","999.9","000000"
"40179099999","2019-04-14","32.0","34.8166666","35.0","BET DAGAN, IS","  68.0","10","  54.1","10","1012.7","10","009.1","10","  5.2","10"," 10.5","10"," 17.5","999.9","  76.6"," ","  61.7","*"," 0.00","G","999.9","000000"
"40179099999","2019-04-15","32.0","34.8166666","35.0","BET DAGAN, IS","  62.5"," 8","  55.1"," 8","1016.4"," 8","012.7"," 8","  6.0"," 8","  4.6"," 8"," 10.7","999.9","  69.8"," ","  55.4"," "," 0.00","G","999.9","010000"
"40179099999","2019-04-16","32.0","34.8166666","35.0","BET DAGAN, IS","  63.2"," 9","  54.6"," 9","1012.0"," 9","008.3"," 9","  6.2"," 9","  4.4"," 9","  7.8","999.9","  70.0"," ","  56.8","*"," 0.00","G","999.9","010000"
"40179099999","2019-04-17","32.0","34.8166666","35.0","BET DAGAN, IS","  63.0"," 8","  52.5"," 8","1013.9"," 8","010.2"," 8","  7.0"," 8","  7.3"," 8"," 11.7","999.9","  69.6"," ","  55.2"," "," 0.00","G","999.9","000000"
"40179099999","2019-04-18","32.0","34.8166666","35.0","BET DAGAN, IS","  62.2"," 8","  50.1"," 8","1016.5"," 8","012.8"," 8","  6.6"," 8","  7.0"," 8","  9.7","999.9","  70.2"," ","  56.1"," "," 0.00","G","999.9","000000"
"40179099999","2019-04-19","32.0","34.8166666","35.0","BET DAGAN, IS","  61.9"," 8","  48.5"," 8","1016.4"," 8","012.7"," 8","  7.0"," 8","  9.2"," 8"," 13.6","999.9","  69.1"," ","  53.1"," "," 0.00","G","999.9","000000"
"40179099999","2019-04-20","32.0","34.8166666","35.0","BET DAGAN, IS","  62.1"," 8","  49.1"," 8","1015.9"," 8","012.2"," 8","  6.2"," 8","  8.7"," 8"," 13.6","999.9","  69.1"," ","  56.3"," "," 0.00","G","999.9","010000"
"40179099999","2019-04-21","32.0","34.8166666","35.0","BET DAGAN, IS","  59.9"," 8","  41.8"," 8","1014.8"," 8","011.1"," 8"," 10.9"," 8"," 12.9"," 8"," 19.4","999.9","  64.8"," ","  53.6"," "," 0.00","G","999.9","010000"
"40179099999","2019-04-22","32.0","34.8166666","35.0","BET DAGAN, IS","  59.5"," 8","  44.9"," 8","1017.8"," 8","014.0"," 8","  7.0"," 8","  6.6"," 8"," 11.7","999.9","  67.8"," ","  53.1"," "," 0.00","G","999.9","000000"
"40179099999","2019-04-23","32.0","34.8166666","35.0","BET DAGAN, IS","  60.7"," 9","  47.4"," 9","1022.8"," 9","019.1"," 9","  7.9"," 9","  5.8"," 9"," 11.7","999.9","  68.9"," ","  48.0"," "," 0.00","G","999.9","000000"
"40179099999","2019-04-24","32.0","34.8166666","35.0","BET DAGAN, IS","  65.7"," 8","  44.8"," 8","1022.5"," 8","018.8"," 8","  6.6"," 8","  5.3"," 8"," 13.6","999.9","  82.2"," ","  49.3"," "," 0.00","G","999.9","000000"
"40179099999","2019-04-25","32.0","34.8166666","35.0","BET DAGAN, IS","  68.2"," 8","  45.8"," 8","1019.4"," 8","015.7"," 8","  6.2"," 8","  5.1"," 8"," 11.7","999.9","  84.7"," ","  51.6"," "," 0.00","G","999.9","000000"
"40179099999","2019-04-26","32.0","34.8166666","35.0","BET DAGAN, IS","  69.7","11","  48.8","11","1015.3","11","011.7","11","  7.3","11","  4.0","11","  9.7","999.9","  86.2"," ","  55.0"," "," 0.00","G","999.9","000000"
"40179099999","2019-04-27","32.0","34.8166666","35.0","BET DAGAN, IS","  67.4","13","  54.5","13","1013.2","13","009.5","13","  5.8","13","  3.5","13","  7.8","999.9","  82.0"," ","  59.2"," "," 0.00","G","999.9","000000"
"40179099999","2019-04-28","32.0","34.8166666","35.0","BET DAGAN, IS","  66.9","13","  56.0","13","1013.2","13","009.5","13","  5.2","13","  4.2","13","  7.8","999.9","  79.3"," ","  59.2"," "," 0.00","G","999.9","100000"
"40179099999","2019-04-29","32.0","34.8166666","35.0","BET DAGAN, IS","  74.3"," 8","  45.9"," 8","1012.0"," 8","008.3"," 8","  7.0"," 8","  3.5"," 8","  7.0","999.9","  90.9"," ","  59.4"," "," 0.00","G","999.9","000000"
"40179099999","2019-04-30","32.0","34.8166666","35.0","BET DAGAN, IS","  71.2"," 9","  57.5"," 9","1014.4"," 9","010.8"," 9","  5.6"," 9","  4.2"," 8","  7.8","999.9","  82.8"," ","  61.5"," "," 0.00","G","999.9","000000"
"40179099999","2019-05-01","32.0","34.8166666","35.0","BET DAGAN, IS","  74.6"," 7","  51.8"," 7","1010.7"," 7","007.1"," 7","  6.2"," 7","  3.9"," 6","  5.8","999.9","  94.6"," ","  57.0"," "," 0.00","G","999.9","000000"
"40179099999","2019-05-02","32.0","34.8166666","35.0","BET DAGAN, IS","  75.9"," 8","  57.4"," 8","1009.6"," 8","006.0"," 8","  5.6"," 8","  3.9"," 7","  5.8","999.9","  90.3"," ","  68.7"," "," 0.00","G","999.9","000000"
"40179099999","2019-05-03","32.0","34.8166666","35.0","BET DAGAN, IS","  68.8"," 8","  57.0"," 8","1012.6"," 8","009.0"," 8","  7.0"," 8","  5.6"," 8","  9.7","999.9","  74.3"," ","  63.1","*"," 0.00","G","999.9","000000"
"40179099999","2019-05-04","32.0","34.8166666","35.0","BET DAGAN, IS","  65.6"," 8","  53.9"," 8","1015.1"," 8","011.5"," 8","  6.6"," 8","  5.8"," 8"," 11.7","999.9","  73.4"," ","  55.6"," "," 0.00","G","999.9","000000"
"40179099999","2019-05-05","32.0","34.8166666","35.0","BET DAGAN, IS","  70.7","10","  53.6","10","1012.0","10","008.4","10","  6.4","10","  3.7","10","  5.8","999.9","  85.8"," ","  53.6"," "," 0.00","G","999.9","000000"
"40179099999","2019-05-06","32.0","34.8166666","35.0","BET DAGAN, IS","  76.0"," 9","  53.7"," 9","1010.4"," 9","006.8"," 9","  6.1"," 9","  5.6"," 9"," 11.7","999.9"," 101.7"," ","  64.0"," "," 0.00","G","999.9","000000"
"40179099999","2019-05-07","32.0","34.8166666","35.0","BET DAGAN, IS","  69.2"," 9","  55.2"," 9","1015.9"," 9","012.3"," 9","  6.4"," 9","  7.0"," 9","  9.7","999.9","  74.7"," ","  63.7","*"," 0.00","G","999.9","000000"
"40179099999","2019-05-08","32.0","34.8166666","35.0","BET DAGAN, IS","  65.7"," 8","  52.2"," 8","1014.5"," 8","010.8"," 8","  6.6"," 8","  6.3"," 8","  9.7","999.9","  73.8"," ","  56.7"," "," 0.00","G","999.9","000000"
"40179099999","2019-05-09","32.0","34.8166666","35.0","BET DAGAN, IS","  65.5"," 8","  49.4"," 8","1013.8"," 8","010.1"," 8","  8.9"," 8","  4.6"," 8","  7.8","999.9","  72.5"," ","  58.1"," "," 0.00","G","999.9","000000"
"40179099999","2019-05-10","32.0","34.8166666","35.0","BET DAGAN, IS","  64.7"," 8","  49.8"," 8","1015.3"," 8","011.6"," 8","  6.2"," 8","  4.4"," 8","  7.8","999.9","  72.7"," ","  56.7"," "," 0.00","G","999.9","000000"
"40179099999","2019-05-11","32.0","34.8166666","35.0","BET DAGAN, IS","  66.2"," 8","  52.7"," 8","1014.2"," 8","010.5"," 8","  7.4"," 8","  5.3"," 7","  7.8","999.9","  76.8"," ","  52.3"," "," 0.00","G","999.9","000000"
"40179099999","2019-05-12","32.0","34.8166666","35.0","BET DAGAN, IS","  70.8"," 7","  49.0"," 7","1012.2"," 7","008.6"," 7","  6.1"," 7","  4.6"," 7"," 11.7","999.9","  83.8"," ","  56.5"," "," 0.00","G","999.9","000000"
"40179099999","2019-05-13","32.0","34.8166666","35.0","BET DAGAN, IS","  73.8"," 8","  47.9"," 8","1011.0"," 8","007.4"," 8","  7.4"," 8","  5.3"," 8"," 11.7","999.9","  86.7"," ","  56.8"," "," 0.00","G","999.9","000000"
"40179099999","2019-05-14","32.0","34.8166666","35.0","BET DAGAN, IS","  74.2"," 8","  50.6"," 8","1010.3"," 8","006.7"," 8","  6.6"," 8","  4.6"," 8","  7.8","999.9","  88.7"," ","  56.7"," "," 0.00","G","999.9","000000"
"40179099999","2019-05-15","32.0","34.8166666","35.0","BET DAGAN, IS","  72.8"," 8","  59.8"," 8","1008.6"," 8","005.0"," 8","  6.6"," 8","  4.1"," 8","  7.8","999.9","  83.5"," ","  60.8"," "," 0.00","G","999.9","000000"
"40179099999","2019-05-16","32.0","34.8166666","35.0","BET DAGAN, IS","  76.4"," 8","  54.0"," 8","1007.1"," 8","003.6"," 8","  6.5"," 8","  4.4"," 7","  7.8","999.9","  93.9"," ","  62.4"," "," 0.00","G","999.9","000000"
"40179099999","2019-05-17","32.0","34.8166666","35.0","BET DAGAN, IS","  73.1"," 9","  58.7"," 9","1008.1"," 9","004.5"," 9","  6.9"," 9","  7.1"," 9"," 15.5","999.9","  93.0"," ","  63.0"," "," 0.00","G","999.9","000000"
"40179099999","2019-05-18","32.0","34.8166666","35.0","BET DAGAN, IS","  72.5"," 8","  49.5"," 8","1010.8"," 8","007.2"," 8","  6.2"," 8","  4.4"," 8","  7.8","999.9","  82.9"," ","  62.4"," "," 0.00","G","999.9","000000"
"40179099999","2019-05-19","32.0","34.8166666","35.0","BET DAGAN, IS","  70.0"," 8","  57.7"," 8","1012.7"," 8","009.0"," 8","  6.6"," 8","  4.9"," 8"," 11.7","999.9","  78.4"," ","  59.0"," "," 0.00","G","999.9","000000"
"40179099999","2019-05-20","32.0","34.8166666","35.0","BET DAGAN, IS","  71.9"," 8","  61.9"," 8","1014.6"," 8","010.9"," 8","  6.1"," 8","  5.3"," 8","  9.7","999.9","  80.4"," ","  61.3"," "," 0.00","G","999.9","000000"
"40179099999","2019-05-21","32.0","34.8166666","35.0","BET DAGAN, IS","  74.6"," 9","  59.6"," 9","1015.2"," 9","011.6"," 9","  5.2"," 9","  4.8"," 9"," 11.7","999.9","  83.8"," ","  63.1"," "," 0.00","G","999.9","000000"
"40179099999","2019-05-22","32.0","34.8166666","35.0","BET DAGAN, IS","  78.6"," 9","  54.3"," 9","1014.4"," 9","010.8"," 9","  6.0"," 9","  3.8"," 9","  7.8","999.9","  91.4"," ","  61.5"," "," 0.00","G","999.9","000000"
"40179099999","2019-05-23","32.0","34.8166666","35.0","BET DAGAN, IS","  88.3"," 8","  44.6"," 8","1009.8"," 8","006.3"," 8","  5.6"," 8","  4.3"," 8","  5.8","999.9"," 110.3"," ","  66.0"," "," 0.00","G","999.9","000000"
"40179099999","2019-05-24","32.0","34.8166666","35.0","BET DAGAN, IS","  86.4"," 8","  51.7"," 8","1008.0"," 8","004.5"," 8","  6.0"," 8","  6.6"," 8"," 13.6","999.9"," 108.3"," ","  73.6"," "," 0.00","G","999.9","000000"
"40179099999","2019-05-25","32.0","34.8166666","35.0","BET DAGAN, IS","  75.4","12","  64.4","12","1014.5","12","010.9","12","  6.2","12","  5.6","12","  9.7","999.9","  81.3"," ","  67.5","*"," 0.00","G","999.9","000000"
"40179099999","2019-05-26","32.0","34.8166666","35.0","BET DAGAN, IS","  73.1","13","  60.1","13","1014.1","13","010.4","13","  6.5","13","  5.8","13"," 10.7","999.9","  81.5"," ","  64.2"," "," 0.00","G","999.9","000000"
"40179099999","2019-05-27","32.0","34.8166666","35.0","BET DAGAN, IS","  72.5"," 8","  62.2"," 8","1012.4"," 8","008.8"," 8","  7.0"," 8","  5.9"," 8","  9.7","999.9","  81.3"," ","  63.7"," "," 0.00","G","999.9","000000"
"40179099999","2019-05-28","32.0","34.8166666","35.0","BET DAGAN, IS","  74.7","13","  64.9","13","1011.7","13","008.1","13","  6.2","13","  4.4","13","  9.7","999.9","  81.9"," ","  69.1"," "," 0.00","G","999.9","000000"
"40179099999","2019-05-29","32.0","34.8166666","35.0","BET DAGAN, IS","  76.6","13","  64.9","13","1011.0","13","007.5","13","  5.4","13","  5.3","13"," 10.9","999.9","  84.7"," ","  66.2"," "," 0.00","G","999.9","000000"
"40179099999","2019-05-30","32.0","34.8166666","35.0","BET DAGAN, IS","  80.0","11","  63.2","11","1010.4","11","006.9","11","  7.5","11","  5.2","11"," 11.7","999.9","  93.0"," ","  66.9"," "," 0.00","G","999.9","000000"
"40179099999","2019-05-31","32.0","34.8166666","35.0","BET DAGAN, IS","  81.2","12","  66.3","12","1009.7","12","006.2","12","  6.2","11","  5.1","12","  9.7","999.9","  88.7","*","  70.0"," "," 0.00","G","999.9","000000"
"40179099999","2019-06-01","32.0","34.8166666","35.0","BET DAGAN, IS","  77.6"," 8","  67.6"," 8","1011.5"," 8","007.9"," 8","  7.4"," 8","  5.2"," 8","  8.4","999.9","  87.4"," ","  71.4"," "," 0.00","G","999.9","000000"
"40179099999","2019-06-02","32.0","34.8166666","35.0","BET DAGAN, IS","  77.8"," 8","  67.6"," 8","1013.3"," 8","009.8"," 8","  6.8"," 8","  4.4"," 8","  5.8","999.9","  88.9"," ","  69.4"," "," 0.00","G","999.9","000000"
"40179099999","2019-06-03","32.0","34.8166666","35.0","BET DAGAN, IS","  78.1"," 8","  67.6"," 8","1013.7"," 8","010.1"," 8","  6.6"," 8","  4.6"," 8","  9.7","999.9","  86.2"," ","  69.1"," "," 0.00","G","999.9","000000"
"40179099999","2019-06-04","32.0","34.8166666","35.0","BET DAGAN, IS","  78.9"," 7","  65.4"," 7","1011.8"," 7","008.2"," 7","  7.1"," 7","  5.3"," 7"," 13.6","999.9","  91.2"," ","  70.3"," "," 0.00","G","999.9","000000"
"40179099999","2019-06-05","32.0","34.8166666","35.0","BET DAGAN, IS","  82.4"," 8","  64.1"," 8","1010.7"," 8","007.1"," 8","  6.2"," 8","  7.0"," 8"," 13.6","999.9","  95.2"," ","  70.2"," "," 0.00","G","999.9","000000"
"40179099999","2019-06-06","32.0","34.8166666","35.0","BET DAGAN, IS","  79.6"," 8","  65.4"," 8","1011.5"," 8","007.9"," 8","  6.2"," 8","  7.3"," 8"," 13.6","999.9","  88.2"," ","  73.2"," "," 0.00","G","999.9","010000"
"40179099999","2019-06-07","32.0","34.8166666","35.0","BET DAGAN, IS","  78.4"," 8","  67.8"," 8","1012.1"," 8","008.5"," 8","  6.6"," 8","  6.8"," 8"," 11.7","999.9","  85.5"," ","  70.7"," "," 0.00","G","999.9","000000"
"40179099999","2019-06-08","32.0","34.8166666","35.0","BET DAGAN, IS","  76.3"," 9","  66.5"," 9","1011.1"," 9","007.5"," 9","  6.2"," 9","  5.4"," 9","  8.2","999.9","  81.5"," ","  72.3","*"," 0.00","G","999.9","000000"
"40179099999","2019-06-09","32.0","34.8166666","35.0","BET DAGAN, IS","  75.5"," 8","  65.4"," 8","1009.4"," 8","005.8"," 8","  6.1"," 8","  5.0"," 7","  7.8","999.9","  83.1"," ","  69.6"," "," 0.00","G","999.9","000000"
"40179099999","2019-06-10","32.0","34.8166666","35.0","BET DAGAN, IS","  79.8"," 9","  56.2"," 9","1007.9"," 9","004.3"," 9","  7.9"," 9","  3.5"," 9","  7.8","999.9","  93.2"," ","  63.9"," "," 0.00","G","999.9","000000"
"40179099999","2019-06-11","32.0","34.8166666","35.0","BET DAGAN, IS","  82.9"," 8","  55.3"," 8","1009.0"," 8","005.5"," 8","  7.4"," 8","  4.9"," 8","  9.7","999.9","  94.5"," ","  67.8"," "," 0.00","G","999.9","000000"
"40179099999","2019-06-12","32.0","34.8166666","35.0","BET DAGAN, IS","  79.2"," 8","  68.1"," 8","1011.5"," 8","007.9"," 8","  6.1"," 8","  5.6"," 8","  9.7","999.9","  85.3"," ","  73.4"," "," 0.00","G","999.9","000000"
"40179099999","2019-06-13","32.0","34.8166666","35.0","BET DAGAN, IS","  77.9"," 8","  65.9"," 8","1011.0"," 8","007.5"," 8","  7.4"," 8","  6.6"," 8","  9.7","999.9","  84.9"," ","  71.4"," "," 0.00","G","999.9","000000"
"40179099999","2019-06-14","32.0","34.8166666","35.0","BET DAGAN, IS","  77.1","10","  66.1","10","1008.9","10","005.3","10","  6.5","10","  5.2","10","  9.7","999.9","  84.6"," ","  71.2"," "," 0.00","G","999.9","000000"
"40179099999","2019-06-15","32.0","34.8166666","35.0","BET DAGAN, IS","  77.5"," 8","  66.5"," 8","1007.5"," 8","004.0"," 8","  6.6"," 8","  4.7"," 8","  7.8","999.9","  84.7"," ","  69.1"," "," 0.00","G","999.9","000000"
"40179099999","2019-06-16","32.0","34.8166666","35.0","BET DAGAN, IS","  77.9"," 9","  66.3"," 9","1007.9"," 9","004.3"," 9","  6.2"," 9","  3.8"," 9","  7.8","999.9","  88.2"," ","  68.7"," "," 0.00","G","999.9","000000"
"40179099999","2019-06-17","32.0","34.8166666","35.0","BET DAGAN, IS","  80.3","12","  67.5","12","1010.0","12","006.5","12","  6.2","12","  5.9","12","  9.7","999.9","  86.4"," ","  73.6"," "," 0.00","G","999.9","000000"
"40179099999","2019-06-18","32.0","34.8166666","35.0","BET DAGAN, IS","  78.8"," 8","  67.6"," 8","1012.1"," 8","008.5"," 8","  6.2"," 8","  4.6"," 8","  7.8","999.9","  86.4"," ","  71.6"," "," 0.00","G","999.9","000000"
"40179099999","2019-06-19","32.0","34.8166666","35.0","BET DAGAN, IS","  79.4","10","  65.0","10","1010.6","10","007.1","10","  6.2","10","  4.3","10","  7.6","999.9","  88.0"," ","  68.2"," "," 0.00","G","999.9","000000"
"40179099999","2019-06-20","32.0","34.8166666","35.0","BET DAGAN, IS","  80.3"," 8","  66.9"," 8","1009.7"," 8","006.1"," 8","  6.2"," 8","  5.5"," 8","  9.7","999.9","  87.8"," ","  69.8"," "," 0.00","G","999.9","000000"
"40179099999","2019-06-21","32.0","34.8166666","35.0","BET DAGAN, IS","  79.6","10","  67.5","10","1009.6","10","006.0","10","  6.1","10","  4.6","10","  7.8","999.9","  86.4"," ","  70.3"," "," 0.00","G","999.9","000000"
"40179099999","2019-06-22","32.0","34.8166666","35.0","BET DAGAN, IS","  79.3"," 8","  67.6"," 8","1009.8"," 8","006.2"," 8","  6.6"," 8","  5.3"," 8","  7.8","999.9","  87.4"," ","  71.8"," "," 0.00","G","999.9","000000"
"40179099999","2019-06-23","32.0","34.8166666","35.0","BET DAGAN, IS","  79.4"," 8","  68.5"," 8","1009.6"," 8","006.0"," 8","  6.2"," 8","  5.6"," 8","  9.7","999.9","  86.9"," ","  70.9"," "," 0.00","G","999.9","000000"
"40179099999","2019-06-24","32.0","34.8166666","35.0","BET DAGAN, IS","  81.1"," 8","  71.5"," 8","1009.0"," 8","005.5"," 8","  6.2"," 8","  5.1"," 8","  9.7","999.9","  88.3"," ","  72.9"," "," 0.00","G","999.9","000000"
"40179099999","2019-06-25","32.0","34.8166666","35.0","BET DAGAN, IS","  81.9"," 7","  71.7"," 7","1008.7"," 7","005.2"," 7","  5.9"," 7","  4.9"," 6","  7.8","999.9","  87.8","*","  73.6"," "," 0.00","G","999.9","000000"
"40179099999","2019-06-26","32.0","34.8166666","35.0","BET DAGAN, IS","  82.6","11","  68.7","11","1009.6","11","006.1","11","  6.6","11","  4.3","11","  6.8","999.9","  91.9"," ","  73.6","*"," 0.00","G","999.9","000000"
"40179099999","2019-06-27","32.0","34.8166666","35.0","BET DAGAN, IS","  80.6","10","  65.9","10","1008.7","10","005.2","10","  6.2","10","  4.4","10","  8.2","999.9","  91.6"," ","  67.8"," "," 0.00","G","999.9","000000"
"40179099999","2019-06-28","32.0","34.8166666","35.0","BET DAGAN, IS","  81.0"," 9","  68.8"," 9","1005.8"," 9","002.3"," 9","  6.2"," 9","  5.6"," 9","  7.8","999.9","  88.3"," ","  72.7"," "," 0.00","G","999.9","000000"
"40179099999","2019-06-29","32.0","34.8166666","35.0","BET DAGAN, IS","  81.9"," 9","  70.7"," 9","1005.2"," 9","001.7"," 9","  6.9"," 9","  6.2"," 9"," 11.7","999.9","  89.4"," ","  76.1"," "," 0.00","G","999.9","000000"
"40179099999","2019-06-30","32.0","34.8166666","35.0","BET DAGAN, IS","  80.3","10","  70.1","10","1006.3","10","002.8","10","  6.2","10","  4.1","10","  9.7","999.9","  89.1"," ","  74.5"," "," 0.00","G","999.9","000000"
"40179099999","2019-07-01","32.0","34.8166666","35.0","BET DAGAN, IS","  81.7"," 8","  69.2"," 8","1007.8"," 8","004.3"," 8","  6.6"," 8","  5.1"," 8","  9.7","999.9","  89.2"," ","  74.3"," "," 0.00","G","999.9","000000"
"40179099999","2019-07-02","32.0","34.8166666","35.0","BET DAGAN, IS","  80.5"," 8","  63.9"," 8","1009.3"," 8","005.8"," 8","  7.8"," 8","  4.9"," 8","  7.8","999.9","  89.4"," ","  68.4"," "," 0.00","G","999.9","000000"
"40179099999","2019-07-03","32.0","34.8166666","35.0","BET DAGAN, IS","  80.7"," 7","  67.4"," 7","1009.9"," 7","006.3"," 7","  9.3"," 7","  5.0"," 7","  7.8","999.9","  87.8","*","  71.4"," "," 0.00","G","999.9","000000"
"40179099999","2019-07-04","32.0","34.8166666","35.0","BET DAGAN, IS","  81.3"," 8","  65.7"," 8","1009.8"," 8","006.2"," 8","  6.6"," 8","  6.4"," 8"," 11.7","999.9","  89.1"," ","  71.4"," "," 0.00","G","999.9","000000"
"40179099999","2019-07-05","32.0","34.8166666","35.0","BET DAGAN, IS","  79.5"," 8","  66.7"," 8","1007.2"," 8","003.6"," 8","  6.6"," 8","  4.6"," 8","  7.8","999.9","  87.1"," ","  70.3"," "," 0.00","G","999.9","000000"
"40179099999","2019-07-06","32.0","34.8166666","35.0","BET DAGAN, IS","  80.5"," 7","  70.2"," 7","1005.0"," 7","001.4"," 7","  7.1"," 7","  5.3"," 7","  9.9","999.9","  89.1"," ","  71.6","*"," 0.00","G","999.9","000000"
"40179099999","2019-07-07","32.0","34.8166666","35.0","BET DAGAN, IS","  81.8"," 8","  71.4"," 8","1005.7"," 8","002.1"," 8","  6.1"," 8","  6.6"," 8"," 11.7","999.9","  90.0"," ","  74.3"," "," 0.00","G","999.9","000000"
"40179099999","2019-07-08","32.0","34.8166666","35.0","BET DAGAN, IS","  82.3"," 9","  71.1"," 9","1008.1"," 9","004.6"," 9","  7.2"," 9","  6.0"," 9","  9.7","999.9","  89.4"," ","  75.7"," "," 0.00","G","999.9","000000"
"40179099999","2019-07-09","32.0","34.8166666","35.0","BET DAGAN, IS","  83.1"," 6","  71.3"," 6","1008.7"," 6","005.1"," 6","  7.1"," 6","  6.8"," 6","  9.7","999.9","  89.4","*","  74.8"," "," 0.00","G","999.9","000000"
"40179099999","2019-07-11","32.0","34.8166666","35.0","BET DAGAN, IS","  85.4"," 4","  72.4"," 4","1005.2"," 4","001.8"," 4","  7.8"," 4","  4.4"," 4","  7.8","999.9","  92.1"," ","  79.7","*"," 0.00","G","999.9","000000"
"40179099999","2019-07-12","32.0","34.8166666","35.0","BET DAGAN, IS","  82.4","13","  71.7","13","1007.8","13","004.3","13","  6.2","13","  6.2","13","  9.7","999.9","  93.0"," ","  75.2"," "," 0.00","G","999.9","000000"
"40179099999","2019-07-13","32.0","34.8166666","35.0","BET DAGAN, IS","  82.1","12","  67.6","12","1008.8","12","005.2","12","  6.2","12","  6.4","12","  9.9","999.9","  88.3"," ","  75.0"," "," 0.00","G","999.9","000000"
"40179099999","2019-07-14","32.0","34.8166666","35.0","BET DAGAN, IS","  80.6","13","  66.5","13","1007.6","13","004.0","13","  6.5","13","  5.1","13","  7.8","999.9","  89.2"," ","  73.2"," "," 0.00","G","999.9","000000"
"40179099999","2019-07-15","32.0","34.8166666","35.0","BET DAGAN, IS","  81.1","11","  67.5","11","1007.6","11","004.0","11","  6.2","11","  5.4","11"," 10.1","999.9","  87.8","*","  72.5"," "," 0.00","G","999.9","000000"
"40179099999","2019-07-16","32.0","34.8166666","35.0","BET DAGAN, IS","  83.8","15","  68.6","15","1007.4","15","003.9","15","  6.6","15","  5.0","15","  8.0","999.9","  90.0"," ","  74.5"," "," 0.00","G","999.9","000000"
"40179099999","2019-07-17","32.0","34.8166666","35.0","BET DAGAN, IS","  89.7","16","  66.0","16","1003.7","16","000.2","16","  5.8","16","  7.9","16"," 19.2","999.9"," 106.7"," ","  75.4"," "," 0.00","G","999.9","000000"
"40179099999","2019-07-18","32.0","34.8166666","35.0","BET DAGAN, IS","  84.4","13","  69.4","13","1008.0","13","004.5","13","  6.2","13","  6.6","13","  9.7","999.9","  90.9"," ","  77.7"," "," 0.00","G","999.9","000000"
"40179099999","2019-07-19","32.0","34.8166666","35.0","BET DAGAN, IS","  82.6","15","  67.5","15","1010.8","15","007.3","15","  6.6","15","  5.6","15","  9.7","999.9","  89.2"," ","  73.9"," "," 0.00","G","999.9","000000"
"40179099999","2019-07-20","32.0","34.8166666","35.0","BET DAGAN, IS","  81.7","15","  67.6","15","1010.5","15","007.0","15","  7.2","15","  5.3","15"," 10.1","999.9","  88.2"," ","  73.6"," "," 0.00","G","999.9","000000"
"40179099999","2019-07-21","32.0","34.8166666","35.0","BET DAGAN, IS","  81.9","18","  68.4","18","1009.1","18","005.5","18","  6.6","18","  5.6","18","  9.9","999.9","  89.1"," ","  73.4"," "," 0.00","G","999.9","000000"
"40179099999","2019-07-22","32.0","34.8166666","35.0","BET DAGAN, IS","  81.9","15","  70.9","15","1006.9","15","003.4","15","  7.0","15","  5.5","15","  9.7","999.9","  89.8"," ","  73.9"," "," 0.00","G","999.9","000000"
"40179099999","2019-07-23","32.0","34.8166666","35.0","BET DAGAN, IS","  83.3","14","  71.2","14","1005.5","14","002.0","14","  6.1","14","  5.2","14","  8.4","999.9","  91.8"," ","  75.0"," "," 0.00","G","999.9","000000"
"40179099999","2019-07-24","32.0","34.8166666","35.0","BET DAGAN, IS","  81.4"," 8","  68.7"," 8","1006.4"," 8","002.9"," 8","  7.8"," 8","  4.9"," 8","  9.7","999.9","  91.8"," ","  69.6"," "," 0.00","G","999.9","000000"
"40179099999","2019-07-25","32.0","34.8166666","35.0","BET DAGAN, IS","  81.8"," 8","  68.0"," 8","1008.1"," 8","004.6"," 8","  7.8"," 8","  5.3"," 8","  9.7","999.9","  91.2"," ","  71.6"," "," 0.00","G","999.9","000000"
"40179099999","2019-07-26","32.0","34.8166666","35.0","BET DAGAN, IS","  81.5"," 8","  68.1"," 8","1006.9"," 8","003.4"," 8","  7.0"," 8","  4.9"," 8","  7.8","999.9","  89.6"," ","  71.4"," "," 0.00","G","999.9","000000"
"40179099999","2019-07-27","32.0","34.8166666","35.0","BET DAGAN, IS","  82.8"," 9","  69.9"," 9","1004.1"," 9","000.6"," 9","  8.6"," 9","  5.7"," 9","  9.7","999.9","  89.8"," ","  73.4"," "," 0.00","G","999.9","000000"
"40179099999","2019-07-28","32.0","34.8166666","35.0","BET DAGAN, IS","  82.1"," 8","  69.3"," 8","1004.2"," 8","000.7"," 8","  6.2"," 8","  5.8"," 8","  9.7","999.9","  89.6"," ","  75.2"," "," 0.00","G","999.9","000000"
"40179099999","2019-07-29","32.0","34.8166666","35.0","BET DAGAN, IS","  81.1"," 8","  68.0"," 8","1006.0"," 8","002.5"," 8","  6.2"," 8","  5.5"," 8","  9.7","999.9","  89.8"," ","  73.2"," "," 0.00","G","999.9","000000"
"40179099999","2019-07-30","32.0","34.8166666","35.0","BET DAGAN, IS","  81.3","10","  69.4","10","1005.7","10","002.2","10","  6.8","10","  5.0","10","  7.8","999.9","  92.8"," ","  68.0"," "," 0.00","G","999.9","000000"
"40179099999","2019-07-31","32.0","34.8166666","35.0","BET DAGAN, IS","  83.1"," 8","  72.5"," 8","1005.0"," 8","001.5"," 8","  7.4"," 8","  5.1"," 8","  9.7","999.9","  90.5"," ","  74.8"," "," 0.00","G","999.9","000000"
"40179099999","2019-08-01","32.0","34.8166666","35.0","BET DAGAN, IS","  83.0"," 8","  70.9"," 8","1006.3"," 8","002.7"," 8","  6.2"," 8","  4.6"," 8","  7.8","999.9","  90.3"," ","  76.3"," "," 0.00","G","999.9","000000"
"40179099999","2019-08-02","32.0","34.8166666","35.0","BET DAGAN, IS","  81.9"," 8","  70.2"," 8","1007.8"," 8","004.2"," 8","  6.6"," 8","  5.1"," 8","  7.8","999.9","  90.1"," ","  77.2"," "," 0.00","G","999.9","000000"
"40179099999","2019-08-03","32.0","34.8166666","35.0","BET DAGAN, IS","  82.2"," 8","  70.5"," 8","1006.0"," 8","002.5"," 8","  6.6"," 8","  4.9"," 8","  7.8","999.9","  90.5"," ","  74.7"," "," 0.00","G","999.9","000000"
"40179099999","2019-08-04","32.0","34.8166666","35.0","BET DAGAN, IS","  81.9"," 7","  72.1"," 7","1005.6"," 7","002.1"," 7","  6.2"," 7","  5.3"," 7","  9.7","999.9","  91.2"," ","  75.4"," "," 0.00","G","999.9","000000"
"40179099999","2019-08-05","32.0","34.8166666","35.0","BET DAGAN, IS","  83.3"," 8","  72.4"," 8","1005.7"," 8","002.2"," 8","  6.1"," 8","  5.4"," 8","  7.8","999.9","  90.0","*","  76.5"," "," 0.00","G","999.9","000000"
"40179099999","2019-08-06","32.0","34.8166666","35.0","BET DAGAN, IS","  82.5"," 8","  69.5"," 8","1007.0"," 8","003.4"," 8","  7.4"," 8","  6.1"," 8","  9.7","999.9","  90.5"," ","  75.9"," "," 0.00","G","999.9","000000"
"40179099999","2019-08-07","32.0","34.8166666","35.0","BET DAGAN, IS","  81.3"," 9","  68.8"," 9","1007.8"," 9","004.3"," 9","  6.2"," 9","  5.5"," 9","  9.7","999.9","  89.8"," ","  75.6"," "," 0.00","G","999.9","010000"
"40179099999","2019-08-08","32.0","34.8166666","35.0","BET DAGAN, IS","  82.3"," 8","  70.3"," 8","1007.7"," 8","004.1"," 8","  6.2"," 8","  5.3"," 8","  9.7","999.9","  90.3"," ","  74.7"," "," 0.00","G","999.9","000000"
"40179099999","2019-08-09","32.0","34.8166666","35.0","BET DAGAN, IS","  82.0"," 8","  70.6"," 8","1006.9"," 8","003.4"," 8","  6.2"," 8","  6.6"," 8","  9.7","999.9","  90.5"," ","  74.1"," "," 0.00","G","999.9","000000"
"40179099999","2019-08-10","32.0","34.8166666","35.0","BET DAGAN, IS","  81.3"," 8","  68.8"," 8","1006.4"," 8","002.9"," 8","  6.2"," 8","  4.9"," 8","  9.7","999.9","  89.8"," ","  73.6"," "," 0.00","G","999.9","000000"
"40179099999","2019-08-11","32.0","34.8166666","35.0","BET DAGAN, IS","  81.3"," 8","  69.2"," 8","1006.4"," 8","002.8"," 8","  6.2"," 8","  5.3"," 7","  7.8","999.9","  89.6"," ","  73.0"," "," 0.00","G","999.9","000000"
"40179099999","2019-08-12","32.0","34.8166666","35.0","BET DAGAN, IS","  81.0"," 8","  65.6"," 8","1005.9"," 8","002.4"," 8","  8.2"," 8","  4.4"," 8","  7.8","999.9","  92.5"," ","  69.3"," "," 0.00","G","999.9","000000"
"40179099999","2019-08-13","32.0","34.8166666","35.0","BET DAGAN, IS","  81.5"," 8","  65.3"," 8","1006.0"," 8","002.4"," 8","  9.3"," 8","  4.1"," 8","  7.8","999.9","  92.1"," ","  67.1"," "," 0.00","G","999.9","000000"
"40179099999","2019-08-14","32.0","34.8166666","35.0","BET DAGAN, IS","  81.7"," 7","  70.2"," 7","1007.5"," 7","004.0"," 7","  6.2"," 7","  5.3"," 7","  9.7","999.9","  91.6"," ","  74.7"," "," 0.00","G","999.9","000000"
"40179099999","2019-08-15","32.0","34.8166666","35.0","BET DAGAN, IS","  84.0"," 8","  64.4"," 8","1008.3"," 8","004.7"," 8","  8.9"," 8","  5.1"," 8","  9.7","999.9","  93.0"," ","  75.2"," "," 0.00","G","999.9","000000"
"40179099999","2019-08-16","32.0","34.8166666","35.0","BET DAGAN, IS","  84.1"," 8","  61.2"," 8","1007.8"," 8","004.3"," 8","  8.5"," 8","  4.7"," 8","  9.7","999.9","  95.2"," ","  70.5"," "," 0.00","G","999.9","000000"
"40179099999","2019-08-17","32.0","34.8166666","35.0","BET DAGAN, IS","  82.4"," 8","  70.0"," 8","1008.3"," 8","004.8"," 8","  7.0"," 8","  5.6"," 8","  9.7","999.9","  90.3"," ","  74.7"," "," 0.00","G","999.9","000000"
"40179099999","2019-08-18","32.0","34.8166666","35.0","BET DAGAN, IS","  82.4","15","  69.7","15","1007.3","15","003.8","15","  6.6","15","  5.9","15"," 10.1","999.9","  90.3"," ","  75.4"," "," 0.00","G","999.9","000000"
"40179099999","2019-08-19","32.0","34.8166666","35.0","BET DAGAN, IS","  82.2","12","  67.4","12","1008.8","12","005.2","12","  8.8","12","  6.3","12"," 11.7","999.9","  89.6"," ","  74.5"," "," 0.00","G","999.9","000000"
"40179099999","2019-08-20","32.0","34.8166666","35.0","BET DAGAN, IS","  82.7"," 7","  68.8"," 7","1011.2"," 7","007.7"," 7","  7.5"," 7","  6.7"," 7","  9.7","999.9","  89.8"," ","  70.2"," "," 0.00","G","999.9","000000"
"40179099999","2019-08-21","32.0","34.8166666","35.0","BET DAGAN, IS","  82.4"," 9","  68.4"," 9","1011.2"," 9","007.7"," 9","  6.2"," 9","  4.8"," 9","  9.7","999.9","  90.1"," ","  75.0"," "," 0.00","G","999.9","000000"
"40179099999","2019-08-22","32.0","34.8166666","35.0","BET DAGAN, IS","  82.2"," 8","  69.7"," 8","1009.2"," 8","005.7"," 8","  6.2"," 8","  5.6"," 8"," 11.7","999.9","  90.1"," ","  71.4"," "," 0.00","G","999.9","000000"
"40179099999","2019-08-23","32.0","34.8166666","35.0","BET DAGAN, IS","  83.9"," 9","  72.6"," 9","1007.5"," 9","004.0"," 9","  6.6"," 9","  5.8"," 9","  9.7","999.9","  90.5"," ","  74.5"," "," 0.00","G","999.9","000000"
"40179099999","2019-08-24","32.0","34.8166666","35.0","BET DAGAN, IS","  83.5"," 8","  73.0"," 8","1008.7"," 8","005.1"," 8","  6.2"," 8","  4.4"," 8","  7.8","999.9","  91.0"," ","  76.6"," "," 0.00","G","999.9","000000"
"40179099999","2019-08-25","32.0","34.8166666","35.0","BET DAGAN, IS","  82.8"," 8","  71.8"," 8","1009.4"," 8","005.8"," 8","  6.6"," 8","  4.6"," 8","  7.8","999.9","  90.7"," ","  76.1"," "," 0.00","G","999.9","000000"
"40179099999","2019-08-26","32.0","34.8166666","35.0","BET DAGAN, IS","  81.7"," 9","  70.2"," 9","1009.8"," 9","006.3"," 9","  6.2"," 9","  4.9"," 9","  9.7","999.9","  90.7"," ","  70.5"," "," 0.00","G","999.9","000000"
"40179099999","2019-08-27","32.0","34.8166666","35.0","BET DAGAN, IS","  82.0"," 8","  70.8"," 8","1009.6"," 8","006.1"," 8","  6.2"," 8","  5.1"," 8","  9.7","999.9","  89.8"," ","  72.9"," "," 0.00","G","999.9","000000"
"40179099999","2019-08-28","32.0","34.8166666","35.0","BET DAGAN, IS","  82.6"," 8","  71.6"," 8","1009.4"," 8","005.8"," 8","  6.2"," 8","  5.1"," 8","  9.7","999.9","  90.3"," ","  74.7"," "," 0.00","G","999.9","000000"
"40179099999","2019-08-29","32.0","34.8166666","35.0","BET DAGAN, IS","  83.3"," 8","  72.5"," 8","1009.3"," 8","005.7"," 8","  6.4"," 8","  4.4"," 8","  7.8","999.9","  89.4","*","  75.7"," "," 0.00","G","999.9","000000"
"40179099999","2019-08-30","32.0","34.8166666","35.0","BET DAGAN, IS","  83.2"," 8","  72.9"," 8","1008.9"," 8","005.3"," 8","  6.2"," 8","  5.3"," 8","  9.7","999.9","  90.5"," ","  76.5"," "," 0.00","G","999.9","000000"
"40179099999","2019-08-31","32.0","34.8166666","35.0","BET DAGAN, IS","  82.2"," 8","  71.9"," 8","1007.3"," 8","003.8"," 8","  6.2"," 8","  5.1"," 8","  7.8","999.9","  90.9"," ","  73.2"," "," 0.00","G","999.9","000000"
"40179099999","2019-09-01","32.0","34.8166666","35.0","BET DAGAN, IS","  83.5"," 9","  72.7"," 9","1006.5"," 9","003.0"," 9","  7.2"," 9","  5.7"," 9","  9.7","999.9","  90.3"," ","  74.7"," "," 0.00","G","999.9","000000"
"40179099999","2019-09-02","32.0","34.8166666","35.0","BET DAGAN, IS","  82.6"," 8","  70.8"," 8","1008.6"," 8","005.0"," 8","  6.6"," 8","  5.3"," 7","  9.7","999.9","  90.7"," ","  74.3"," "," 0.00","G","999.9","000000"
"40179099999","2019-09-03","32.0","34.8166666","35.0","BET DAGAN, IS","  80.6"," 8","  67.4"," 8","1009.1"," 8","005.5"," 8","  7.4"," 8","  4.6"," 8","  7.8","999.9","  89.2"," ","  72.7"," "," 0.00","G","999.9","000000"
"40179099999","2019-09-04","32.0","34.8166666","35.0","BET DAGAN, IS","  80.5"," 8","  65.8"," 8","1007.7"," 8","004.2"," 8","  7.4"," 8","  5.2"," 8","  9.7","999.9","  89.6"," ","  72.1"," "," 0.00","G","999.9","000000"
"40179099999","2019-09-05","32.0","34.8166666","35.0","BET DAGAN, IS","  80.7"," 9","  68.0"," 9","1008.4"," 9","004.9"," 9","  6.2"," 8","  5.7"," 9","  9.7","999.9","  90.0"," ","  72.5"," "," 0.00","G","999.9","000000"
"40179099999","2019-09-06","32.0","34.8166666","35.0","BET DAGAN, IS","  80.9","10","  68.6","10","1010.5","10","006.9","10","  6.2","10","  4.4","10","  7.8","999.9","  88.7"," ","  73.0"," "," 0.00","G","999.9","000000"
"40179099999","2019-09-07","32.0","34.8166666","35.0","BET DAGAN, IS","  80.8"," 9","  68.3"," 9","1010.4"," 9","006.9"," 9","  6.6"," 9","  6.1"," 9","  9.7","999.9","  89.1"," ","  71.1"," "," 0.00","G","999.9","000000"
"40179099999","2019-09-08","32.0","34.8166666","35.0","BET DAGAN, IS","  81.9"," 8","  69.2"," 8","1009.6"," 8","006.0"," 8","  6.2"," 8","  6.1"," 8","  9.7","999.9","  89.4"," ","  74.1"," "," 0.00","G","999.9","000000"
"40179099999","2019-09-09","32.0","34.8166666","35.0","BET DAGAN, IS","  80.3","10","  68.9","10","1009.2","10","005.7","10","  7.8","10","  3.9","10","  7.8","999.9","  88.0"," ","  74.3"," "," 0.00","G","999.9","000000"
"40179099999","2019-09-10","32.0","34.8166666","35.0","BET DAGAN, IS","  80.4","10","  68.3","10","1009.5","10","005.9","10","  6.8","10","  4.3","10","  7.8","999.9","  88.2"," ","  73.6"," "," 0.00","G","999.9","000000"
"40179099999","2019-09-11","32.0","34.8166666","35.0","BET DAGAN, IS","  81.4","10","  67.7","10","1012.2","10","008.7","10","  6.5","10","  5.0","10","  9.3","999.9","  88.3"," ","  72.7"," "," 0.00","G","999.9","000000"
"40179099999","2019-09-12","32.0","34.8166666","35.0","BET DAGAN, IS","  79.7"," 8","  66.9"," 8","1012.6"," 8","009.0"," 8","  6.6"," 8","  4.8"," 8","  7.8","999.9","  87.4"," ","  70.7"," "," 0.00","G","999.9","000000"
"40179099999","2019-09-13","32.0","34.8166666","35.0","BET DAGAN, IS","  80.5"," 7","  68.3"," 7","1010.1"," 7","006.6"," 7","  6.2"," 7","  4.7"," 7","  7.8","999.9","  88.5"," ","  72.0"," "," 0.00","G","999.9","000000"
"40179099999","2019-09-14","32.0","34.8166666","35.0","BET DAGAN, IS","  80.0"," 8","  67.1"," 8","1008.5"," 8","005.0"," 8","  7.0"," 8","  5.1"," 8","  9.7","999.9","  88.2"," ","  71.8"," "," 0.00","G","999.9","000000"
"40179099999","2019-09-15","32.0","34.8166666","35.0","BET DAGAN, IS","  79.3"," 8","  66.0"," 8","1009.7"," 8","006.1"," 8","  7.4"," 8","  6.6"," 8"," 11.7","999.9","  87.6"," ","  70.7"," "," 0.00","G","999.9","000000"
"40179099999","2019-09-16","32.0","34.8166666","35.0","BET DAGAN, IS","  80.4"," 8","  67.2"," 8","1011.6"," 8","008.1"," 8","  6.2"," 8","  5.6"," 8","  9.7","999.9","  89.1"," ","  72.5"," "," 0.00","G","999.9","000000"
"40179099999","2019-09-17","32.0","34.8166666","35.0","BET DAGAN, IS","  79.1","10","  65.8","10","1012.9","10","009.4","10","  7.1","10","  5.1","10"," 11.7","999.9","  89.2"," ","  70.7"," "," 0.00","G","999.9","000000"
"40179099999","2019-09-18","32.0","34.8166666","35.0","BET DAGAN, IS","  80.7","10","  68.6","10","1012.5","10","008.9","10","  7.5","10","  5.5","10"," 11.1","999.9","  89.1"," ","  66.0"," "," 0.00","G","999.9","000000"
"40179099999","2019-09-19","32.0","34.8166666","35.0","BET DAGAN, IS","  81.9"," 8","  72.3"," 8","1012.1"," 8","008.5"," 8","  7.0"," 8","  5.3"," 8","  9.7","999.9","  89.1"," ","  75.2"," "," 0.00","G","999.9","000000"
"40179099999","2019-09-20","32.0","34.8166666","35.0","BET DAGAN, IS","  80.8"," 8","  69.0"," 8","1011.7"," 8","008.2"," 8","  6.2"," 8","  4.7"," 7","  7.8","999.9","  88.0"," ","  74.1"," "," 0.00","G","999.9","000000"
"40179099999","2019-09-21","32.0","34.8166666","35.0","BET DAGAN, IS","  78.9"," 8","  65.9"," 8","1011.6"," 8","008.0"," 8","  7.4"," 8","  4.2"," 8","  7.8","999.9","  86.0"," ","  70.0"," "," 0.00","G","999.9","000000"
"40179099999","2019-09-22","32.0","34.8166666","35.0","BET DAGAN, IS","  78.9"," 9","  67.6"," 9","1011.8"," 9","008.3"," 9","  6.6"," 9","  4.9"," 9","  9.7","999.9","  87.8"," ","  70.5"," "," 0.00","G","999.9","000000"
"40179099999","2019-09-23","32.0","34.8166666","35.0","BET DAGAN, IS","  78.4"," 8","  63.9"," 8","1013.4"," 8","009.8"," 8","  6.6"," 8","  5.3"," 8"," 11.7","999.9","  88.2"," ","  68.2"," "," 0.00","G","999.9","000000"
"40179099999","2019-09-24","32.0","34.8166666","35.0","BET DAGAN, IS","  77.1"," 8","  63.9"," 8","1012.7"," 8","009.1"," 8","  6.2"," 8","  5.3"," 8"," 11.7","999.9","  86.5"," ","  68.0"," "," 0.00","G","999.9","000000"
"40179099999","2019-09-25","32.0","34.8166666","35.0","BET DAGAN, IS","  76.1"," 8","  63.7"," 8","1012.0"," 8","008.4"," 8","  6.2"," 8","  4.4"," 8","  7.8","999.9","  85.6"," ","  65.7"," "," 0.00","G","999.9","000000"
"40179099999","2019-09-26","32.0","34.8166666","35.0","BET DAGAN, IS","  77.6"," 8","  67.1"," 8","1012.3"," 8","008.8"," 8","  6.6"," 8","  4.6"," 8","  7.8","999.9","  86.9"," ","  66.6"," "," 0.00","G","999.9","000000"
"40179099999","2019-09-27","32.0","34.8166666","35.0","BET DAGAN, IS","  77.8"," 9","  66.7"," 9","1012.1"," 9","008.5"," 9","  6.6"," 9","  4.4"," 9"," 11.7","999.9","  88.9"," ","  66.9"," "," 0.00","G","999.9","000000"
"40179099999","2019-09-28","32.0","34.8166666","35.0","BET DAGAN, IS","  78.2"," 9","  66.5"," 9","1012.5"," 9","009.0"," 9","  6.2"," 9","  4.4"," 8","  7.8","999.9","  85.8"," ","  70.0"," "," 0.00","G","999.9","000000"
"40179099999","2019-09-29","32.0","34.8166666","35.0","BET DAGAN, IS","  78.9"," 8","  66.7"," 8","1011.8"," 8","008.2"," 8","  7.8"," 8","  4.0"," 8","  7.8","999.9","  85.8"," ","  70.5"," "," 0.00","G","999.9","000000"
"40179099999","2019-09-30","32.0","34.8166666","35.0","BET DAGAN, IS","  79.7"," 9","  66.7"," 9","1010.6"," 9","007.0"," 9","  6.6"," 9","  5.1"," 8","  9.7","999.9","  86.2"," ","  72.7"," "," 0.00","G","999.9","000000"
"40179099999","2019-10-01","32.0","34.8166666","35.0","BET DAGAN, IS","  79.2"," 8","  66.6"," 8","1010.2"," 8","006.7"," 8","  8.5"," 8","  4.4"," 8","  9.7","999.9","  86.7"," ","  71.6"," "," 0.00","G","999.9","000000"
"40179099999","2019-10-02","32.0","34.8166666","35.0","BET DAGAN, IS","  77.0"," 6","  64.3"," 6","1012.0"," 6","008.4"," 6","  7.2"," 6","  4.2"," 6","  9.7","999.9","  85.3","*","  69.3"," "," 0.00","G","999.9","000000"
"40179099999","2019-10-03","32.0","34.8166666","35.0","BET DAGAN, IS","  74.8","12","  63.1","12","1013.9","12","010.3","12","  6.7","12","  4.0","12","  7.8","999.9","  85.6"," ","  65.7"," "," 0.00","G","999.9","000000"
"40179099999","2019-10-04","32.0","34.8166666","35.0","BET DAGAN, IS","  75.1"," 8","  62.9"," 8","1013.5"," 8","009.9"," 8","  6.2"," 8","  4.4"," 8","  7.8","999.9","  85.1"," ","  63.9"," "," 0.00","G","999.9","000000"
"40179099999","2019-10-05","32.0","34.8166666","35.0","BET DAGAN, IS","  74.5"," 9","  64.1"," 9","1011.4"," 9","007.8"," 9","  6.2"," 9","  3.9"," 9","  7.8","999.9","  85.6"," ","  63.3"," "," 0.00","G","999.9","000000"
"40179099999","2019-10-06","32.0","34.8166666","35.0","BET DAGAN, IS","  76.0"," 8","  63.6"," 8","1011.5"," 8","007.9"," 8","  6.6"," 8","  4.6"," 8","  5.8","999.9","  86.5"," ","  64.2"," "," 0.00","G","999.9","000000"
"40179099999","2019-10-07","32.0","34.8166666","35.0","BET DAGAN, IS","  76.6"," 8","  63.7"," 8","1011.7"," 8","008.1"," 8","  6.2"," 8","  4.9"," 8","  7.8","999.9","  85.8"," ","  66.4"," "," 0.00","G","999.9","000000"
"40179099999","2019-10-08","32.0","34.8166666","35.0","BET DAGAN, IS","  75.3","10","  64.5","10","1014.1","10","010.5","10","  7.5","10","  4.7"," 9","  9.7","999.9","  86.4"," ","  65.7"," "," 0.00","G","999.9","000000"
"40179099999","2019-10-09","32.0","34.8166666","35.0","BET DAGAN, IS","  75.0","12","  65.6","12","1016.8","12","013.2","12","  6.2","12","  4.0","12","  9.7","999.9","  85.1"," ","  65.5"," "," 0.00","G","999.9","000000"
"40179099999","2019-10-10","32.0","34.8166666","35.0","BET DAGAN, IS","  77.4","12","  66.3","12","1015.0","12","011.4","12","  6.7","12","  5.1","12","  9.7","999.9","  85.3"," ","  68.7"," "," 0.00","G","999.9","000000"
"40179099999","2019-10-11","32.0","34.8166666","35.0","BET DAGAN, IS","  76.1","13","  67.3","13","1013.9","13","010.3","13","  6.2","13","  4.9","13"," 10.7","999.9","  85.6"," ","  66.4"," "," 0.00","G","999.9","000000"
"40179099999","2019-10-12","32.0","34.8166666","35.0","BET DAGAN, IS","  76.7"," 9","  66.9"," 9","1014.1"," 9","010.5"," 9","  6.6"," 9","  4.1"," 9","  7.8","999.9","  85.5"," ","  66.4"," "," 0.00","G","999.9","000000"
"40179099999","2019-10-13","32.0","34.8166666","35.0","BET DAGAN, IS","  79.4"," 7","  69.8"," 7","1013.1"," 7","009.6"," 7","  6.2"," 7","  6.4"," 5","  9.7","999.9","  88.2"," ","  68.7"," "," 0.00","G","999.9","000000"
"40179099999","2019-10-14","32.0","34.8166666","35.0","BET DAGAN, IS","  79.8","11","  71.6","11","1013.3","11","009.8","11","  6.5","11","  4.2","11","  7.0","999.9","  90.0"," ","  70.0"," "," 0.00","G","999.9","000000"
"40179099999","2019-10-15","32.0","34.8166666","35.0","BET DAGAN, IS","  81.9","12","  67.1","12","1012.3","12","008.7","12","  6.5","12","  5.5","12"," 13.6","999.9"," 102.7"," ","  73.8","*"," 0.00","G","999.9","010010"
"40179099999","2019-10-16","32.0","34.8166666","35.0","BET DAGAN, IS","  81.1","10","  72.7","10","1013.6","10","010.0","10","  6.2","10","  5.4","10","  7.8","999.9","  86.9"," ","  73.4"," "," 0.00","G","999.9","000000"
"40179099999","2019-10-17","32.0","34.8166666","35.0","BET DAGAN, IS","  78.0","12","  69.5","12","1016.0","12","012.4","12","  5.9","12","  4.7","12","  8.4","999.9","  85.5"," ","  71.8"," "," 0.00","G","999.9","000000"
"40179099999","2019-10-18","32.0","34.8166666","35.0","BET DAGAN, IS","  76.5"," 9","  65.4"," 9","1016.1"," 9","012.4"," 9","  6.9"," 9","  4.6"," 9","  9.5","999.9","  84.0"," ","  67.5"," "," 0.00","G","999.9","000000"
"40179099999","2019-10-19","32.0","34.8166666","35.0","BET DAGAN, IS","  76.3","10","  64.6","10","1016.7","10","013.0","10","  6.5","10","  4.3","10","  7.8","999.9","  82.8","*","  64.6"," "," 0.00","G","999.9","000000"
"40179099999","2019-10-20","32.0","34.8166666","35.0","BET DAGAN, IS","  74.3","12","  64.6","12","1017.0","12","013.4","12","  6.5","12","  4.0","11","  9.7","999.9","  84.0"," ","  65.5"," "," 0.00","G","999.9","000000"
"40179099999","2019-10-21","32.0","34.8166666","35.0","BET DAGAN, IS","  74.4","10","  64.3","10","1014.0","10","010.3","10","  6.2","10","  3.8","10","  7.8","999.9","  84.6"," ","  65.5"," "," 0.00","G","999.9","000000"
"40179099999","2019-10-22","32.0","34.8166666","35.0","BET DAGAN, IS","  75.8"," 9","  58.6"," 9","1010.1"," 9","006.5"," 9","  6.2"," 9","  5.4"," 8","  9.7","999.9","  87.6"," ","  62.4"," "," 0.00","G","999.9","000000"
"40179099999","2019-10-23","32.0","34.8166666","35.0","BET DAGAN, IS","  75.0","13","  59.3","13","1009.5","13","005.9","13","  7.2","13","  5.9","13","  9.7","999.9","  81.7"," ","  68.5","*"," 0.00","G","999.9","010000"
"40179099999","2019-10-24","32.0","34.8166666","35.0","BET DAGAN, IS","  71.5","13","  57.8","13","1010.9","13","007.3","13","  6.9","13","  5.5","13"," 11.7","999.9","  82.2"," ","  66.2","*"," 0.00","G","999.9","000000"
"40179099999","2019-10-25","32.0","34.8166666","35.0","BET DAGAN, IS","  74.2"," 7","  56.0"," 7","1010.9"," 7","007.3"," 7","  6.7"," 7","  3.6"," 7","  5.8","999.9","  83.7"," ","  62.8"," "," 0.00","G","999.9","000000"
"40179099999","2019-10-26","32.0","34.8166666","35.0","BET DAGAN, IS","  70.0"," 7","  61.0"," 7","1011.7"," 7","008.0"," 7","  6.9"," 7","  4.7"," 7","  5.8","999.9","  77.2"," ","  65.1"," "," 0.00","G","999.9","010010"
"40179099999","2019-10-27","32.0","34.8166666","35.0","BET DAGAN, IS","  72.7"," 8","  64.9"," 8","1012.0"," 8","008.3"," 8","  6.6"," 8","  2.9"," 8","  5.8","999.9","  82.0"," ","  65.3"," "," 0.00","G","999.9","000000"
"40179099999","2019-10-28","32.0","34.8166666","35.0","BET DAGAN, IS","  71.6"," 8","  61.4"," 8","1011.7"," 8","008.1"," 8","  6.6"," 8","  6.1"," 8","  9.7","999.9","  79.7"," ","  66.4"," "," 0.00","G","999.9","000000"
"40179099999","2019-10-29","32.0","34.8166666","35.0","BET DAGAN, IS","  71.0"," 8","  60.4"," 8","1013.7"," 8","010.1"," 8","  8.2"," 8","  6.6"," 8"," 11.7","999.9","  79.2"," ","  65.1","*"," 0.00","G","999.9","000000"
"40179099999","2019-10-30","32.0","34.8166666","35.0","BET DAGAN, IS","  70.0"," 8","  60.0"," 8","1016.5"," 8","012.8"," 8","  7.0"," 8","  3.6"," 8","  7.8","999.9","  79.9"," ","  59.9"," "," 0.00","G","999.9","000000"
"40179099999","2019-10-31","32.0","34.8166666","35.0","BET DAGAN, IS","  69.5"," 6","  59.1"," 6","1016.0"," 6","012.3"," 6","  7.8"," 6","  3.6"," 6","  7.8","999.9","  82.0"," ","  59.4"," "," 0.00","G","999.9","000000"
"40179099999","2019-11-01","32.0","34.8166666","35.0","BET DAGAN, IS","  69.7"," 9","  59.4"," 9","1014.6"," 9","011.0"," 9","  7.5"," 9","  3.7"," 9","  7.8","999.9","  78.4"," ","  60.4"," "," 0.00","G","999.9","000000"
"40179099999","2019-11-02","32.0","34.8166666","35.0","BET DAGAN, IS","  69.2","13","  60.8","13","1015.3","13","011.6","13","  6.9","13","  4.2","13","  7.8","999.9","  79.3"," ","  59.9"," "," 0.00","G","999.9","010000"
"40179099999","2019-11-03","32.0","34.8166666","35.0","BET DAGAN, IS","  69.9","13","  60.0","13","1016.4","13","012.8","13","  8.1","13","  4.6","12","  7.8","999.9","  81.7"," ","  59.0"," "," 0.00","G","999.9","000000"
"40179099999","2019-11-04","32.0","34.8166666","35.0","BET DAGAN, IS","  69.2","12","  57.7","12","1017.0","12","013.3","12","  7.2","12","  3.8","12","  8.2","999.9","  83.7"," ","  57.0"," "," 0.00","G","999.9","000000"
"40179099999","2019-11-05","32.0","34.8166666","35.0","BET DAGAN, IS","  72.6","11","  56.1","11","1014.0","11","010.4","11","  7.9","11","  3.8","11","  7.8","999.9","  86.2"," ","  55.8"," "," 0.00","G","999.9","000000"
"40179099999","2019-11-06","32.0","34.8166666","35.0","BET DAGAN, IS","  72.8","15","  60.1","15","1012.3","15","008.7","15","  6.2","15","  3.5","15","  7.8","999.9","  84.0"," ","  60.4"," "," 0.00","G","999.9","000000"
"40179099999","2019-11-07","32.0","34.8166666","35.0","BET DAGAN, IS","  72.2"," 6","  52.5"," 6","1011.9"," 6","008.3"," 6","  6.2"," 6","  3.4"," 6","  7.8","999.9","  88.2","*","  61.3"," "," 0.00","G","999.9","000000"
"40179099999","2019-11-08","32.0","34.8166666","35.0","BET DAGAN, IS","  70.9"," 8","  54.5"," 8","1012.8"," 8","009.2"," 8","  6.2"," 8","  3.4"," 8","  5.8","999.9","  84.9"," ","  57.4"," "," 0.00","G","999.9","000000"
"40179099999","2019-11-09","32.0","34.8166666","35.0","BET DAGAN, IS","  70.8"," 9","  61.3"," 9","1014.3"," 9","010.7"," 9","  6.1"," 9","  3.7"," 8","  5.8","999.9","  82.8"," ","  58.1"," "," 0.00","G","999.9","000000"
"40179099999","2019-11-10","32.0","34.8166666","35.0","BET DAGAN, IS","  70.8"," 8","  58.3"," 8","1013.4"," 8","009.8"," 8","  6.2"," 8","  2.4"," 8","  5.8","999.9","  87.8"," ","  59.0"," "," 0.00","G","999.9","000000"
"40179099999","2019-11-11","32.0","34.8166666","35.0","BET DAGAN, IS","  76.2"," 8","  37.0"," 8","1013.8"," 8","010.2"," 8","  6.6"," 8","  6.1"," 8"," 11.7","999.9","  90.1"," ","  60.3"," "," 0.00","G","999.9","000000"
"40179099999","2019-11-12","32.0","34.8166666","35.0","BET DAGAN, IS","  74.5"," 8","  41.6"," 8","1013.1"," 8","009.5"," 8","  6.6"," 8","  5.1"," 8","  7.8","999.9","  88.2"," ","  58.3"," "," 0.00","G","999.9","000000"
"40179099999","2019-11-13","32.0","34.8166666","35.0","BET DAGAN, IS","  79.3"," 8","  55.6"," 8","1010.5"," 8","007.0"," 8","  6.1"," 8","  5.3"," 8","  9.7","999.9","  91.6"," ","  69.1"," "," 0.00","G","999.9","000000"
"40179099999","2019-11-14","32.0","34.8166666","35.0","BET DAGAN, IS","  75.2"," 8","  56.6"," 8","1010.9"," 8","007.3"," 8","  6.6"," 8","  4.4"," 7","  7.8","999.9","  91.8"," ","  63.7"," "," 0.00","G","999.9","000000"
"40179099999","2019-11-15","32.0","34.8166666","35.0","BET DAGAN, IS","  72.1"," 8","  59.5"," 8","1014.7"," 8","011.0"," 8","  6.1"," 8","  5.4"," 8","  9.7","999.9","  80.1"," ","  64.0"," "," 0.00","G","999.9","010000"
"40179099999","2019-11-16","32.0","34.8166666","35.0","BET DAGAN, IS","  67.3"," 8","  57.5"," 8","1014.5"," 8","010.8"," 8","  6.6"," 8","  3.9"," 8","  5.8","999.9","  77.9"," ","  61.2"," "," 0.00","G","999.9","010000"
"40179099999","2019-11-17","32.0","34.8166666","35.0","BET DAGAN, IS","  68.7"," 8","  38.6"," 8","1015.9"," 8","012.2"," 8","  6.2"," 8","  7.5"," 8"," 13.6","999.9","  78.6"," ","  58.1"," "," 0.00","G","999.9","000000"
"40179099999","2019-11-18","32.0","34.8166666","35.0","BET DAGAN, IS","  65.7"," 7","  15.0"," 7","1018.2"," 7","014.5"," 7","  7.5"," 7","  6.9"," 7","  9.7","999.9","  74.5"," ","  54.0","*"," 0.00","G","999.9","000000"
"40179099999","2019-11-19","32.0","34.8166666","35.0","BET DAGAN, IS","  63.0"," 7","  21.7"," 7","1018.9"," 7","015.2"," 7","  8.4"," 7","  6.7"," 7","  9.7","999.9","  75.4"," ","  52.7","*"," 0.00","G","999.9","000000"
"40179099999","2019-11-20","32.0","34.8166666","35.0","BET DAGAN, IS","  60.6"," 8","  23.2"," 8","1018.4"," 8","014.7"," 8","  7.4"," 8","  5.1"," 8","  7.8","999.9","  77.5"," ","  45.5"," "," 0.00","G","999.9","000000"
"40179099999","2019-11-21","32.0","34.8166666","35.0","BET DAGAN, IS","  58.5"," 8","  33.1"," 8","1016.4"," 8","012.7"," 8","  8.2"," 8","  3.9"," 7","  7.8","999.9","  77.7"," ","  42.6"," "," 0.00","G","999.9","000000"
"40179099999","2019-11-22","32.0","34.8166666","35.0","BET DAGAN, IS","  60.9"," 8","  38.8"," 8","1015.5"," 8","011.8"," 8","  6.6"," 8","  3.4"," 8","  5.8","999.9","  76.3"," ","  47.3"," "," 0.00","G","999.9","000000"
"40179099999","2019-11-23","32.0","34.8166666","35.0","BET DAGAN, IS","  61.7"," 4","  49.9"," 4","1017.7"," 4","013.9"," 4","  7.8"," 4","  3.2"," 4","  3.9","999.9","  71.8","*","  50.2","*"," 0.00","G","999.9","000000"
"40179099999","2019-11-24","32.0","34.8166666","35.0","BET DAGAN, IS","  64.2"," 6","  52.9"," 6","1017.1"," 6","013.4"," 6","  7.8"," 6","  3.8"," 6","  5.8","999.9","  73.2","*","  51.6"," "," 0.00","G","999.9","000000"
"40179099999","2019-11-25","32.0","34.8166666","35.0","BET DAGAN, IS","  62.5"," 8","  44.2"," 8","1013.8"," 8","010.1"," 8","  6.6"," 8","  3.2"," 8","  5.8","999.9","  79.5"," ","  49.1"," "," 0.00","G","999.9","000000"
"40179099999","2019-11-26","32.0","34.8166666","35.0","BET DAGAN, IS","  60.7"," 5","  43.7"," 5","1011.7"," 5","008.0"," 5","  7.5"," 5","  3.9"," 5","  5.8","999.9","  73.0","*","  52.5"," "," 0.00","G","999.9","000000"
"40179099999","2019-11-28","32.0","34.8166666","35.0","BET DAGAN, IS","  62.7"," 8","  48.4"," 8","1017.9"," 8","014.2"," 8","  7.4"," 8","  3.9"," 8","  7.8","999.9","  75.2"," ","  51.3"," "," 0.00","G","999.9","000000"
"40179099999","2019-11-29","32.0","34.8166666","35.0","BET DAGAN, IS","  62.9"," 8","  53.4"," 8","1019.6"," 8","015.9"," 8","  7.4"," 8","  3.9"," 7","  7.8","999.9","  74.7"," ","  51.3"," "," 0.00","G","999.9","000000"
"40179099999","2019-11-30","32.0","34.8166666","35.0","BET DAGAN, IS","  61.8"," 8","  54.0"," 8","1017.7"," 8","014.0"," 8","  6.6"," 8","  3.9"," 8","  7.8","999.9","  74.3"," ","  49.1"," "," 0.00","G","999.9","000000"
"40179099999","2019-12-01","32.0","34.8166666","35.0","BET DAGAN, IS","  62.8"," 9","  55.2"," 9","1015.0"," 9","011.3"," 9","  6.9"," 9","  4.3"," 9","  7.4","999.9","  74.1"," ","  50.7"," "," 0.00","G","999.9","000000"
"40179099999","2019-12-02","32.0","34.8166666","35.0","BET DAGAN, IS","  64.6","10","  53.4","10","1016.5","10","012.8","10","  8.4","10","  5.2","10","  7.8","999.9","  72.0"," ","  55.2","*"," 0.00","G","999.9","010000"
"40179099999","2019-12-03","32.0","34.8166666","35.0","BET DAGAN, IS","  60.1"," 8","  49.2"," 8","1018.6"," 8","014.9"," 8","  7.0"," 8","  3.9"," 8","  7.8","999.9","  70.9"," ","  52.3"," "," 0.00","G","999.9","000000"
"40179099999","2019-12-04","32.0","34.8166666","35.0","BET DAGAN, IS","  63.1"," 7","  51.8"," 7","1018.2"," 7","014.5"," 7","  7.1"," 7","  4.2"," 7","  7.8","999.9","  72.9"," ","  54.1"," "," 0.00","G","999.9","000000"
"40179099999","2019-12-05","32.0","34.8166666","35.0","BET DAGAN, IS","  64.1"," 8","  54.5"," 8","1018.1"," 8","014.3"," 8","  7.0"," 8","  7.3"," 8"," 13.6","999.9","  72.9"," ","  53.1"," "," 0.00","G","999.9","000000"
"40179099999","2019-12-06","32.0","34.8166666","35.0","BET DAGAN, IS","  64.6"," 8","  49.5"," 8","1018.0"," 8","014.3"," 8","  7.0"," 8","  5.3"," 7","  7.8","999.9","  70.0"," ","  58.3","*"," 0.00","G","999.9","010000"
"40179099999","2019-12-07","32.0","34.8166666","35.0","BET DAGAN, IS","  59.2"," 8","  49.7"," 8","1018.4"," 8","014.6"," 8","  7.0"," 8","  3.2"," 8","  7.8","999.9","  68.4"," ","  52.9"," "," 0.00","G","999.9","000000"
"40179099999","2019-12-08","32.0","34.8166666","35.0","BET DAGAN, IS","  59.4"," 8","  54.2"," 8","1015.3"," 8","011.6"," 8","  6.2"," 8","  7.0"," 8"," 11.7","999.9","  66.0"," ","  54.1"," "," 0.00","G","999.9","010000"
"40179099999","2019-12-09","32.0","34.8166666","35.0","BET DAGAN, IS","  60.4"," 7","  56.6"," 7","1013.6"," 7","009.9"," 7","  8.0"," 7","  8.6"," 7"," 11.7","999.9","  66.2"," ","  57.6"," "," 0.00","G","999.9","010010"
"40179099999","2019-12-10","32.0","34.8166666","35.0","BET DAGAN, IS","  58.2"," 4","  55.5"," 4","1014.2"," 4","010.5"," 4","  7.0"," 4","  4.4"," 4","  7.8","999.9","  70.2"," ","  55.6","*"," 0.00","G","999.9","000000"
"40179099999","2019-12-11","32.0","34.8166666","35.0","BET DAGAN, IS","  61.6"," 8","  52.8"," 8","1013.0"," 8","009.3"," 8","  7.4"," 8","  2.8"," 7","  3.9","999.9","  73.2"," ","  50.9"," "," 0.00","G","999.9","000000"
"40179099999","2019-12-12","32.0","34.8166666","35.0","BET DAGAN, IS","  60.8"," 8","  52.1"," 8","1009.6"," 8","006.0"," 8","  7.4"," 8","  7.8"," 8"," 15.5","999.9","  67.3"," ","  54.3"," "," 0.00","G","999.9","010000"
"40179099999","2019-12-13","32.0","34.8166666","35.0","BET DAGAN, IS","  59.5"," 8","  47.7"," 8","1013.6"," 8","009.9"," 8","  5.2"," 8"," 10.2"," 8"," 13.6","999.9","  66.0"," ","  53.8"," "," 0.00","G","999.9","010000"
"40179099999","2019-12-14","32.0","34.8166666","35.0","BET DAGAN, IS","  57.5"," 6","  40.8"," 6","1015.4"," 6","011.6"," 6","  7.8"," 6","  7.8"," 6"," 11.7","999.9","  67.6"," ","  49.5","*"," 0.00","G","999.9","000000"
"40179099999","2019-12-15","32.0","34.8166666","35.0","BET DAGAN, IS","  55.4"," 9","  39.8"," 9","1015.6"," 9","011.9"," 9","  6.9"," 9","  4.2"," 9","  9.7","999.9","  67.8"," ","  46.2"," "," 0.00","G","999.9","000000"
"40179099999","2019-12-16","32.0","34.8166666","35.0","BET DAGAN, IS","  56.1"," 8","  44.5"," 8","1021.4"," 8","017.7"," 8","  7.0"," 8","  4.4"," 8","  7.8","999.9","  68.7"," ","  44.6"," "," 0.00","G","999.9","000000"
"40179099999","2019-12-17","32.0","34.8166666","35.0","BET DAGAN, IS","  56.9"," 8","  50.4"," 8","1024.9"," 8","021.1"," 8","  6.6"," 8","  2.7"," 8","  5.8","999.9","  69.4"," ","  45.9"," "," 0.00","G","999.9","000000"
"40179099999","2019-12-18","32.0","34.8166666","35.0","BET DAGAN, IS","  57.5"," 8","  50.7"," 8","1027.4"," 8","023.6"," 8","  7.0"," 8","  3.9"," 8","  7.8","999.9","  69.8"," ","  46.6"," "," 0.00","G","999.9","000000"
"40179099999","2019-12-19","32.0","34.8166666","35.0","BET DAGAN, IS","  57.0"," 8","  36.5"," 8","1026.6"," 8","022.8"," 8","  6.6"," 8","  3.6"," 8","  5.8","999.9","  73.9"," ","  43.3"," "," 0.00","G","999.9","000000"
"40179099999","2019-12-20","32.0","34.8166666","35.0","BET DAGAN, IS","  56.0"," 8","  38.2"," 8","1022.6"," 8","018.8"," 8","  7.8"," 8","  3.6"," 8","  5.8","999.9","  75.0"," ","  41.2"," "," 0.00","G","999.9","000000"
"40179099999","2019-12-21","32.0","34.8166666","35.0","BET DAGAN, IS","  54.5"," 8","  44.4"," 8","1020.9"," 8","017.1"," 8","  7.4"," 8","  3.4"," 8","  5.8","999.9","  70.5"," ","  38.8"," "," 0.00","G","999.9","000000"
"40179099999","2019-12-22","32.0","34.8166666","35.0","BET DAGAN, IS","  55.0"," 8","  45.4"," 8","1019.4"," 8","015.7"," 8","  6.2"," 8","  3.1"," 8","  3.9","999.9","  68.7"," ","  42.6"," "," 0.00","G","999.9","000000"
"40179099999","2019-12-23","32.0","34.8166666","35.0","BET DAGAN, IS","  55.0"," 8","  46.3"," 8","1014.5"," 8","010.7"," 8","  6.2"," 8","  4.9"," 8","  9.7","999.9","  69.4"," ","  42.8"," "," 0.00","G","999.9","000000"
"40179099999","2019-12-24","32.0","34.8166666","35.0","BET DAGAN, IS","  62.8"," 8","  39.6"," 8","1011.2"," 8","007.5"," 8","  5.9"," 8"," 11.9"," 8"," 15.5","999.9","  72.0"," ","  47.7"," "," 0.00","G","999.9","000000"
"40179099999","2019-12-25","32.0","34.8166666","35.0","BET DAGAN, IS","  60.2"," 8","  44.0"," 8","1010.6"," 8","006.9"," 8","  4.2"," 8"," 14.9"," 8"," 19.4","999.9","  66.0"," ","  55.2"," "," 0.00","G","999.9","010000"
"40179099999","2019-12-26","32.0","34.8166666","35.0","BET DAGAN, IS","  58.1"," 9","  48.7"," 9","1009.7"," 9","006.0"," 9","  5.4"," 9"," 15.6"," 9"," 17.5","999.9","  63.5"," ","  52.9"," "," 0.00","G","999.9","010010"
"40179099999","2019-12-27","32.0","34.8166666","35.0","BET DAGAN, IS","  53.8"," 8","  49.9"," 8","1013.0"," 8","009.2"," 8","  6.6"," 8"," 11.7"," 8"," 21.4","999.9","  59.4"," ","  50.7"," "," 0.00","G","999.9","010000"
"40179099999","2019-12-28","32.0","34.8166666","35.0","BET DAGAN, IS","  52.4"," 8","  50.7"," 8","1016.0"," 8","012.2"," 8","  5.7"," 8","  5.3"," 8"," 11.7","999.9","  55.0"," ","  50.0","*"," 0.00","G","999.9","010000"
"40179099999","2019-12-29","32.0","34.8166666","35.0","BET DAGAN, IS","  56.7"," 8","  42.6"," 8","1014.9"," 8","011.2"," 8","  7.4"," 8","  6.3"," 8"," 11.7","999.9","  67.1"," ","  49.5"," "," 0.00","G","999.9","000000"
"40179099999","2019-12-30","32.0","34.8166666","35.0","BET DAGAN, IS","  56.6"," 8","  42.3"," 8","1016.1"," 8","012.3"," 8","  7.8"," 8","  7.5"," 8"," 11.7","999.9","  66.7"," ","  44.8"," "," 0.00","G","999.9","000000"
"40179099999","2019-12-31","32.0","34.8166666","35.0","BET DAGAN, IS","  53.2"," 8","  41.3"," 8","1020.9"," 8","017.1"," 8","  7.4"," 8","  5.3"," 8","  7.8","999.9","  63.9"," ","  45.5"," "," 0.00","G","999.9","000000"
