"STATION","DATE","LATITUDE","LONGITUDE","ELEVATION","NAME","TEMP","TEMP_ATTRIBUTES","DEWP","DEWP_ATTRIBUTES","SLP","SLP_ATTRIBUTES","STP","STP_ATTRIBUTES","VISIB","VISIB_ATTRIBUTES","WDSP","WDSP_ATTRIBUTES","MXSPD","GUST","MAX","MAX_ATTRIBUTES","MIN","MIN_ATTRIBUTES","PRCP","PRCP_ATTRIBUTES","SNDP","FRSHTT"
"72775524112","2019-01-01","47.51667","-111.18333","1058.3","MALMSTROM AFB, MT US","  12.3","24","   5.5","24","1027.6","21","897.2","23"," 10.0","24"," 16.3","24"," 22.9"," 28.0","  26.2"," ","  -4.5"," ","99.99"," ","999.9","001000"
"72775524112","2019-01-02","47.51667","-111.18333","1058.3","MALMSTROM AFB, MT US","  29.8","24","  21.0","24","1018.1","24","892.5","24"," 10.0","24"," 19.7","24"," 24.1"," 28.9","  42.3","*","  21.9","*"," 0.00","I","999.9","000000"
"72775524112","2019-01-03","47.51667","-111.18333","1058.3","MALMSTROM AFB, MT US","  43.4","24","  28.7","24","1010.7","24","888.2","24"," 10.0","24"," 23.4","24"," 33.0"," 41.0","  49.1","*","  38.7","*"," 0.00","I","999.9","000000"
"72775524112","2019-01-04","47.51667","-111.18333","1058.3","MALMSTROM AFB, MT US","  45.2","23","  23.5","23","1009.5","23","887.5","22"," 10.0","23"," 19.4","23"," 26.0"," 34.0","  52.2"," ","  38.5"," "," 0.00","I","999.9","000000"
"72775524112","2019-01-05","47.51667","-111.18333","1058.3","MALMSTROM AFB, MT US","  39.0","24","  24.4","24","1011.2","24","888.7","24"," 10.0","24","  8.7","24"," 22.0","999.9","  52.2"," ","  30.2"," "," 0.00","I","999.9","000000"
"72775524112","2019-01-06","47.51667","-111.18333","1058.3","MALMSTROM AFB, MT US","  40.3","24","  24.5","24"," 999.1","24","877.9","24"," 10.0","24"," 13.0","24"," 26.0"," 31.1","  48.4"," ","  29.8"," "," 0.00","I","999.9","000000"
"72775524112","2019-01-07","47.51667","-111.18333","1058.3","MALMSTROM AFB, MT US","  30.2","24","  18.7","24","1004.2","24","881.6","24"," 10.0","24"," 12.1","24"," 21.0"," 29.9","  37.8","*","  20.5","*"," 0.00","I","999.9","000000"
"72775524112","2019-01-08","47.51667","-111.18333","1058.3","MALMSTROM AFB, MT US","  23.2","24","  11.8","24","1028.1","24","901.5","24"," 10.0","24","  9.2","24"," 18.1"," 25.1","  39.2"," ","  11.1"," "," 0.00","I","999.9","000000"
"72775524112","2019-01-09","47.51667","-111.18333","1058.3","MALMSTROM AFB, MT US","  28.8","24","  15.5","24","1022.6","24","895.9","24"," 10.0","24","  5.7","24"," 15.0","999.9","  54.3"," ","  11.1"," ","99.99"," ","999.9","010000"
"72775524112","2019-01-10","47.51667","-111.18333","1058.3","MALMSTROM AFB, MT US","  43.1","24","  27.9","24","1016.4","19","893.0","20"," 10.0","24"," 13.7","24"," 20.0"," 26.0","  50.5","*","  36.9","*"," 0.00","I","999.9","000000"
"72775524112","2019-01-11","47.51667","-111.18333","1058.3","MALMSTROM AFB, MT US","  35.5","24","  25.6","24","1023.1","17","898.6","24"," 10.0","24","  9.3","24"," 13.0","999.9","  49.5"," ","  24.3"," "," 0.00","I","999.9","000000"
"72775524112","2019-01-12","47.51667","-111.18333","1058.3","MALMSTROM AFB, MT US","  34.6","24","  17.5","24","1021.9","24","897.3","24"," 10.0","24","  7.3","24"," 12.0","999.9","  52.0"," ","  21.7"," "," 0.00","I","999.9","000000"
"72775524112","2019-01-13","47.51667","-111.18333","1058.3","MALMSTROM AFB, MT US","  31.4","24","  13.3","24","1023.9","24","898.9","24"," 10.0","24","  6.6","24"," 13.0","999.9","  52.0"," ","  16.9"," "," 0.00","I","999.9","000000"
"72775524112","2019-01-14","47.51667","-111.18333","1058.3","MALMSTROM AFB, MT US","  30.1","23","  10.9","23","1024.9","23","899.3","23"," 10.0","23","  6.2","23"," 11.1","999.9","  49.8"," ","  13.8"," "," 0.00","I","999.9","000000"
"72775524112","2019-01-15","47.51667","-111.18333","1058.3","MALMSTROM AFB, MT US","  25.6","24","  10.5","24","1022.9","21","897.2","24"," 10.0","24","  4.5","24","  9.9","999.9","  48.7"," ","  11.5"," "," 0.00","I","999.9","000000"
"72775524112","2019-01-16","47.51667","-111.18333","1058.3","MALMSTROM AFB, MT US","  19.6","24","  16.5","23","1018.7","24","892.0","24","  8.1","24","  2.9","24","  8.9","999.9","  38.5"," ","  10.4"," "," 0.00","I","999.9","100000"
"72775524112","2019-01-17","47.51667","-111.18333","1058.3","MALMSTROM AFB, MT US","  18.1","24","  17.9","24","1021.4","24","893.7","24","  3.4","24","  5.2","24","  9.9","999.9","  25.3"," ","  10.4"," "," 1.00","A","  1.2","101000"
"72775524112","2019-01-18","47.51667","-111.18333","1058.3","MALMSTROM AFB, MT US","  14.2","24","  12.8","24","1021.8","24","893.3","24","  8.2","24","  2.7","24","  4.1","999.9","  19.4"," ","  10.9"," "," 1.00","A","  2.0","001000"
"72775524112","2019-01-19","47.51667","-111.18333","1058.3","MALMSTROM AFB, MT US","  29.1","24","  22.6","23","1020.8","22","894.5","24","  9.6","24"," 11.0","24"," 20.0"," 27.0","  46.4","*","   8.6","*"," 0.12","B","999.9","000000"
"72775524112","2019-01-20","47.51667","-111.18333","1058.3","MALMSTROM AFB, MT US","  34.7","24","  27.0","24","1015.3","24","891.8","24","  9.4","24","  6.3","24"," 15.9","999.9","  46.2"," ","  17.1"," "," 0.02","A","999.9","011000"
"72775524112","2019-01-21","47.51667","-111.18333","1058.3","MALMSTROM AFB, MT US","  27.4","24","  26.1","17","1011.4","24","887.4","24","  4.7","24","  2.6","24","  8.0","999.9","  38.3"," ","  23.7"," "," 1.60","B","  2.0","111000"
"72775524112","2019-01-22","47.51667","-111.18333","1058.3","MALMSTROM AFB, MT US","  20.5","24","  17.0","22","1026.2","23","898.5","24"," 10.0","24","  9.5","24"," 26.0"," 33.0","  30.2","*","   9.3","*"," 0.00","H","  2.0","001000"
"72775524112","2019-01-23","47.51667","-111.18333","1058.3","MALMSTROM AFB, MT US","  29.1","24","  25.0","24","1019.5","21","894.2","24","  6.7","24"," 13.3","24"," 21.0","999.9","  32.7"," ","   9.3"," "," 0.18","C","  1.2","011000"
"72775524112","2019-01-24","47.51667","-111.18333","1058.3","MALMSTROM AFB, MT US","  12.2","24","   8.7","24","1031.8","24","901.9","24","  7.4","24","  7.7","24"," 15.9"," 22.0","  32.7"," ","  -8.7"," ","99.99"," ","  2.0","001000"
"72775524112","2019-01-25","47.51667","-111.18333","1058.3","MALMSTROM AFB, MT US","  29.6","20","  25.2","20","1022.9","13","897.5","20","  7.7","20"," 11.3","20"," 18.1","999.9","  33.4","*","  23.4","*"," 0.20","A","999.9","011000"
"72775524112","2019-01-26","47.51667","-111.18333","1058.3","MALMSTROM AFB, MT US","  33.0","24","  26.7","23","1023.9","21","898.7","24","  9.8","24"," 13.2","24"," 19.0"," 26.0","  41.4"," ","  16.9"," "," 0.03","B","  3.1","000000"
"72775524112","2019-01-27","47.51667","-111.18333","1058.3","MALMSTROM AFB, MT US","  39.8","23","  30.5","23","1016.9","22","893.5","23"," 10.0","23"," 18.9","23"," 34.0"," 39.0","  46.4","*","  33.6","*","99.99"," ","999.9","010000"
"72775524112","2019-01-28","47.51667","-111.18333","1058.3","MALMSTROM AFB, MT US","  24.4","23","  18.2","23","1033.8"," 8","905.3","23","  9.2","23","  8.6","23"," 19.0"," 24.1","  46.0"," ","  12.9"," ","99.99"," ","999.9","011000"
"72775524112","2019-01-29","47.51667","-111.18333","1058.3","MALMSTROM AFB, MT US","  11.8","23","   7.7","23","1032.5","23","902.3","23"," 10.0","23","  2.3","23","  6.0","999.9","  21.7"," ","   1.8"," "," 0.00","I","999.9","000000"
"72775524112","2019-01-30","47.51667","-111.18333","1058.3","MALMSTROM AFB, MT US","  26.3","24","  12.4","24","1018.0","14","889.8","23"," 10.0","24"," 12.2","24"," 21.0"," 28.0","  41.0","*","  11.3","*"," 0.00","I","999.9","000000"
"72775524112","2019-01-31","47.51667","-111.18333","1058.3","MALMSTROM AFB, MT US","  39.2","24","  21.0","23","9999.9"," 0","887.6","21"," 10.0","24"," 13.0","24"," 19.0"," 24.1","  48.2","*","  31.3","*"," 0.00","I","999.9","000000"
"72775524112","2019-02-01","47.51667","-111.18333","1058.3","MALMSTROM AFB, MT US","  44.1","21","  26.8","21","9999.9"," 0","885.4","21"," 10.0","21"," 11.6","21"," 19.0","999.9","  50.0","*","  40.1","*"," 0.00","I","999.9","000000"
"72775524112","2019-02-02","47.51667","-111.18333","1058.3","MALMSTROM AFB, MT US","  43.9","23","  26.0","23","9999.9"," 0","880.3","23"," 10.0","23"," 15.5","23"," 27.0"," 31.1","  53.4","*","  15.6","*"," 0.00","I","999.9","000000"
"72775524112","2019-02-03","47.51667","-111.18333","1058.3","MALMSTROM AFB, MT US","  -1.1","23","  -4.9","23","1022.4","13","889.0","23","  5.0","23"," 10.2","23"," 15.9","999.9","  14.0","*","  -7.6","*"," 0.00","H","  1.2","001000"
"72775524112","2019-02-04","47.51667","-111.18333","1058.3","MALMSTROM AFB, MT US"," -11.5","24"," -16.2","24","1028.9","24","893.3","24","  4.7","24","  5.8","24","  8.9","999.9","   2.8"," "," -13.9"," "," 0.20","B","  5.1","001000"
"72775524112","2019-02-05","47.51667","-111.18333","1058.3","MALMSTROM AFB, MT US"," -10.5","24"," -15.1","24","1027.0","24","891.4","24","  9.0","24","  2.8","24","  7.0","999.9","  -7.6","*"," -13.4","*"," 0.00","H","  5.1","001000"
"72775524112","2019-02-06","47.51667","-111.18333","1058.3","MALMSTROM AFB, MT US","  -8.4","24"," -12.8","24","1032.4","24","896.5","24","  6.3","24","  1.9","24","  6.0","999.9","  -5.4"," "," -11.6"," "," 0.00","H","  5.9","001000"
"72775524112","2019-02-07","47.51667","-111.18333","1058.3","MALMSTROM AFB, MT US"," -10.1","24"," -15.2","24","1037.4","24","900.5","24","  9.8","24","  5.0","24"," 15.0","999.9","  13.5"," "," -29.0"," ","99.99"," ","  5.1","001000"
"72775524112","2019-02-08","47.51667","-111.18333","1058.3","MALMSTROM AFB, MT US","  -7.1","24"," -10.5","24","1032.7","24","897.3","24","  7.0","24","  5.1","24"," 15.0","999.9","   3.4","*"," -13.0","*","99.99"," ","  5.9","001000"
"72775524112","2019-02-09","47.51667","-111.18333","1058.3","MALMSTROM AFB, MT US","  -9.1","24"," -14.3","24","1042.4","24","905.5","24","  4.0","24","  6.5","24","  9.9","999.9","  -2.6"," "," -13.0"," "," 0.20","A","  7.1","001000"
"72775524112","2019-02-10","47.51667","-111.18333","1058.3","MALMSTROM AFB, MT US"," -14.4","24"," -18.9","24","1032.5","24","895.8","24","  7.6","24","  3.9","24","  6.0","999.9","  -5.4"," "," -21.6"," ","99.99"," ","  7.1","001000"
"72775524112","2019-02-11","47.51667","-111.18333","1058.3","MALMSTROM AFB, MT US"," -10.9","23"," -15.2","23","1023.0","23","887.6","23","  9.5","23","  2.1","23","  5.1","999.9","  -6.2"," "," -21.6"," ","99.99"," ","  5.1","001000"
"72775524112","2019-02-12","47.51667","-111.18333","1058.3","MALMSTROM AFB, MT US","  -6.6","24"," -10.5","24","1026.7","23","891.8","24"," 10.0","24","  3.0","24","  8.0","999.9","  -3.1"," "," -18.0"," ","99.99"," ","  5.9","001000"
"72775524112","2019-02-13","47.51667","-111.18333","1058.3","MALMSTROM AFB, MT US","  -6.1","24","  -9.7","24","1016.5","24","883.2","24","  8.8","24","  3.5","24","  8.0","999.9","  -0.4"," "," -11.9"," ","99.99"," ","  5.9","001000"
"72775524112","2019-02-14","47.51667","-111.18333","1058.3","MALMSTROM AFB, MT US","  -3.9","22","  -7.2","22","1020.1","22","887.0","22","  9.8","21","  2.5","22","  8.0","999.9","   0.0"," "," -13.7"," ","99.99"," ","  7.1","001000"
"72775524112","2019-02-15","47.51667","-111.18333","1058.3","MALMSTROM AFB, MT US","   1.2","24","  -2.2","24","1015.1","17","883.6","24","  5.9","24","  3.8","24","  6.0","999.9","   6.1"," "," -13.7"," "," 0.20","A","  7.1","001000"
"72775524112","2019-02-16","47.51667","-111.18333","1058.3","MALMSTROM AFB, MT US","   2.9","24","   0.0","24","1018.3","24","887.0","24","  4.2","24","  3.8","24","  8.9","999.9","   6.1"," ","  -2.2"," ","99.99"," "," 13.0","001000"
"72775524112","2019-02-17","47.51667","-111.18333","1058.3","MALMSTROM AFB, MT US","   1.4","24","  -3.7","24","1033.1","24","899.8","24","  9.6","24","  5.1","24","  8.0","999.9","   5.9"," ","  -1.7"," ","99.99"," "," 15.0","001000"
"72775524112","2019-02-18","47.51667","-111.18333","1058.3","MALMSTROM AFB, MT US","  -6.9","24"," -10.6","24","1039.9","24","903.8","24","  8.4","24","  2.7","24","  7.0","999.9","   2.1"," "," -15.3"," ","99.99"," "," 11.8","001000"
"72775524112","2019-02-19","47.51667","-111.18333","1058.3","MALMSTROM AFB, MT US","  -0.8","24","  -4.7","24","1027.8","24","893.5","24"," 10.0","24"," 10.2","24"," 18.1","999.9","  17.6"," "," -21.8"," "," 0.00","I"," 11.8","000000"
"72775524112","2019-02-20","47.51667","-111.18333","1058.3","MALMSTROM AFB, MT US","  11.8","24","   7.3","24","1012.4","24","884.0","24","  8.8","24","  7.4","24"," 15.9","999.9","  18.3","*","   0.7","*","99.99"," "," 14.2","001000"
"72775524112","2019-02-21","47.51667","-111.18333","1058.3","MALMSTROM AFB, MT US","  11.2","24","   8.6","24","1024.1","24","894.8","24","  4.8","24","  6.2","24"," 15.9","999.9","  19.8"," ","   1.0"," ","99.99"," "," 14.2","001000"
"72775524112","2019-02-22","47.51667","-111.18333","1058.3","MALMSTROM AFB, MT US","   7.0","24","   1.7","23","1022.6","24","891.2","24"," 10.0","24"," 11.9","24"," 20.0","999.9","  23.5"," "," -11.7"," ","99.99"," "," 11.8","001000"
"72775524112","2019-02-23","47.51667","-111.18333","1058.3","MALMSTROM AFB, MT US","  14.6","24","   7.4","24","1021.2","24","892.9","24","  7.7","24"," 10.8","24"," 22.0"," 31.1","  25.0","*","   5.9","*","99.99"," "," 14.2","001000"
"72775524112","2019-02-24","47.51667","-111.18333","1058.3","MALMSTROM AFB, MT US","  -8.7","23"," -12.2","23","1039.9","23","903.9","23","  8.3","23","  2.2","23","  9.9","999.9","   5.0","*"," -19.8","*"," 0.10","A"," 11.0","001000"
"72775524112","2019-02-25","47.51667","-111.18333","1058.3","MALMSTROM AFB, MT US","  -9.5","19"," -13.1","19","1036.9","11","900.9","19","  3.6","19","  3.6","19","  8.0","999.9","  -3.6"," "," -21.5"," "," 0.30","A"," 14.2","001000"
"72775524112","2019-02-26","47.51667","-111.18333","1058.3","MALMSTROM AFB, MT US"," -10.4","23"," -14.6","23","1036.1","21","899.5","23","  5.1","23","  7.6","23"," 11.1","999.9","  -6.5","*"," -23.8","*","99.99"," "," 16.1","001000"
"72775524112","2019-02-27","47.51667","-111.18333","1058.3","MALMSTROM AFB, MT US","  -0.4","18","  -6.7","18","1037.0","13","899.9","10"," 10.0","18","  2.6","18","  8.0","999.9","   9.1"," "," -23.6"," "," 0.00","I"," 16.1","000000"
"72775524112","2019-02-28","47.51667","-111.18333","1058.3","MALMSTROM AFB, MT US","  12.4","24","   9.4","24","1025.0","21","895.6","21","  8.3","24","  5.9","24"," 11.1","999.9","  19.4","*","   6.8","*"," 0.23","B"," 18.1","001000"
"72775524112","2019-03-01","47.51667","-111.18333","1058.3","MALMSTROM AFB, MT US","   7.0","23","   5.1","22","1026.7","23","897.7","16","  4.8","23","  5.1","23"," 18.1","999.9","  18.9"," ","  -4.0"," "," 0.03","A"," 18.1","101000"
"72775524112","2019-03-02","47.51667","-111.18333","1058.3","MALMSTROM AFB, MT US"," -10.5","24"," -14.4","24","1046.2","24","909.3","24","  7.7","24","  5.0","24"," 11.1","999.9","  12.4"," "," -21.8"," ","99.99"," "," 18.1","001000"
"72775524112","2019-03-03","47.51667","-111.18333","1058.3","MALMSTROM AFB, MT US"," -21.3","24"," -26.9","24","1051.5","24","910.8","24"," 10.0","24","  4.9","24","  9.9","999.9","  -6.2"," "," -38.0"," "," 0.00","I"," 16.9","000000"
"72775524112","2019-03-04","47.51667","-111.18333","1058.3","MALMSTROM AFB, MT US"," -15.0","24"," -22.0","24","1046.6","22","907.1","24"," 10.0","24","  6.5","24"," 13.0","999.9","   5.0","*"," -28.3","*"," 0.00","I"," 15.0","000000"
"72775524112","2019-03-05","47.51667","-111.18333","1058.3","MALMSTROM AFB, MT US","  -3.1","20"," -12.7","20","1038.3"," 6","904.7","20","  9.9","20","  5.0","20","  8.0","999.9","  10.6"," "," -17.1"," "," 0.00","I"," 15.0","000000"
"72775524112","2019-03-06","47.51667","-111.18333","1058.3","MALMSTROM AFB, MT US","   2.5","24","  -1.7","24","1029.6","15","897.7","18","  8.6","24","  3.4","24","  8.0","999.9","  10.6"," ","  -7.1"," ","99.99"," "," 16.1","001000"
"72775524112","2019-03-07","47.51667","-111.18333","1058.3","MALMSTROM AFB, MT US","   5.6","24","   3.6","24","1018.8","24","888.0","24","  8.8","24","  1.8","24"," 18.1","999.9","  32.7"," ","  -5.6"," "," 0.01","A"," 15.0","101000"
"72775524112","2019-03-08","47.51667","-111.18333","1058.3","MALMSTROM AFB, MT US","  20.5","24","  11.4","24","1014.7","24","887.7","24"," 10.0","24"," 10.8","24"," 20.0","999.9","  35.6"," ","  -3.1"," ","99.99"," "," 15.0","010000"
"72775524112","2019-03-09","47.51667","-111.18333","1058.3","MALMSTROM AFB, MT US","  15.9","20","   9.7","20","1016.6","20","889.3","20"," 10.0","20","  4.3","20","  8.0","999.9","  30.6"," ","   3.2"," "," 0.00","I"," 15.0","000000"
"72775524112","2019-03-10","47.51667","-111.18333","1058.3","MALMSTROM AFB, MT US","  14.6","24","   7.8","24","1023.7","24","894.6","24"," 10.0","24","  6.7","24"," 12.0","999.9","  28.6"," ","   1.4"," "," 0.00","I"," 15.0","000000"
"72775524112","2019-03-11","47.51667","-111.18333","1058.3","MALMSTROM AFB, MT US","  25.3","23","  14.5","23","1020.2","23","893.7","22"," 10.0","23"," 17.5","23"," 22.9","999.9","  36.5"," ","   1.8"," "," 0.00","I"," 14.2","000000"
"72775524112","2019-03-12","47.51667","-111.18333","1058.3","MALMSTROM AFB, MT US","  32.0","24","  18.9","24","1007.9","24","884.7","24"," 10.0","24"," 15.5","24"," 25.1"," 28.0","  41.0"," ","  15.8"," "," 0.00","I"," 11.8","000000"
"72775524112","2019-03-13","47.51667","-111.18333","1058.3","MALMSTROM AFB, MT US","  28.1"," 9","  23.6"," 9","1007.4"," 9","884.3"," 9"," 10.0"," 9","  2.7"," 9","  7.0","999.9","  32.2","*","  23.0","*","99.99"," ","999.9","001000"
"72775524112","2019-03-14","47.51667","-111.18333","1058.3","MALMSTROM AFB, MT US","  29.6"," 9","  20.6"," 9","1030.3"," 9","902.9"," 9"," 10.0"," 9","  7.2"," 9"," 11.1","999.9","  34.2"," ","  20.5"," "," 0.00","I","999.9","000000"
"72775524112","2019-03-15","47.51667","-111.18333","1058.3","MALMSTROM AFB, MT US","  27.3","22","  17.2","22","1028.7","18","901.9","21"," 10.0","22","  9.9","22"," 15.0","999.9","  40.8"," ","   8.6"," "," 0.00","I"," 13.0","000000"
"72775524112","2019-03-16","47.51667","-111.18333","1058.3","MALMSTROM AFB, MT US","  26.6","17","  21.6","17","1030.1","17","903.5","16"," 10.0","17","  3.2","17","  7.0","999.9","  37.4"," ","  14.0"," "," 0.00","I"," 11.8","000000"
"72775524112","2019-03-17","47.51667","-111.18333","1058.3","MALMSTROM AFB, MT US","  28.3","20","  24.6","20","1030.2","20","903.5","20","  9.8","20","  0.6","20","  4.1","999.9","  37.4"," ","  14.0"," "," 0.00","I"," 11.8","000000"
"72775524112","2019-03-18","47.51667","-111.18333","1058.3","MALMSTROM AFB, MT US","  27.5","24","  22.1","23","1031.6","24","904.5","24"," 10.0","24","  5.7","24"," 11.1","999.9","  39.6"," ","  15.1"," "," 0.00","I"," 11.0","000000"
"72775524112","2019-03-19","47.51667","-111.18333","1058.3","MALMSTROM AFB, MT US","  29.0","23","  22.6","23","1029.5","23","903.3","22"," 10.0","23","  4.9","23","  7.0","999.9","  41.7"," ","  15.1"," "," 0.00","I"," 11.0","000000"
"72775524112","2019-03-20","47.51667","-111.18333","1058.3","MALMSTROM AFB, MT US","  32.4","24","  25.8","24","1026.9","24","901.4","24"," 10.0","24","  3.3","24","  8.9","999.9","  43.0"," ","  15.8"," "," 0.00","I","  9.1","000000"
"72775524112","2019-03-21","47.51667","-111.18333","1058.3","MALMSTROM AFB, MT US","  31.9","21","  26.0","21","1022.4","21","897.6","21"," 10.0","21","  2.4","21","  6.0","999.9","  43.0"," ","  21.2"," "," 0.00","I","  7.1","000000"
"72775524112","2019-03-22","47.51667","-111.18333","1058.3","MALMSTROM AFB, MT US","  30.1","24","  26.5","23","1017.8","24","893.3","24","  9.9","24","  3.0","24","  6.0","999.9","  40.5"," ","  17.6"," "," 0.00","I","  7.1","000000"
"72775524112","2019-03-23","47.51667","-111.18333","1058.3","MALMSTROM AFB, MT US","  36.2","23","  29.5","23","1015.8","23","892.0","23"," 10.0","23","  6.0","23"," 14.0","999.9","  49.1"," ","  17.6"," "," 0.00","I","  5.1","000000"
"72775524112","2019-03-24","47.51667","-111.18333","1058.3","MALMSTROM AFB, MT US","  37.3","24","  32.6","17","1021.8","24","897.6","23","  6.1","24","  4.9","24","  8.0","999.9","  49.1"," ","  25.7"," ","99.99"," ","  3.9","110000"
"72775524112","2019-03-25","47.51667","-111.18333","1058.3","MALMSTROM AFB, MT US","  34.5","19","  32.2"," 8","1027.0","14","900.9","17","  4.0","19","  2.8","19"," 11.1","999.9","  52.0"," ","  28.0"," "," 0.01","A","  3.9","110000"
"72775524112","2019-03-26","47.51667","-111.18333","1058.3","MALMSTROM AFB, MT US","  45.8","23","  27.7","23","1014.8","21","892.4","23"," 10.0","23"," 12.1","23"," 17.1"," 22.9","  57.6"," ","  28.0"," "," 0.00","I","999.9","000000"
"72775524112","2019-03-27","47.51667","-111.18333","1058.3","MALMSTROM AFB, MT US","  38.1","24","  28.8","24","1018.6","24","895.1","24"," 10.0","24","  7.1","24"," 14.0","999.9","  57.6"," ","  30.7"," ","99.99"," ","999.9","010000"
"72775524112","2019-03-28","47.51667","-111.18333","1058.3","MALMSTROM AFB, MT US","  34.2","24","  33.1","18","1024.0","24","899.4","24","  8.9","24","  7.1","24"," 13.0","999.9","  41.4"," ","  30.7"," "," 0.07","G","999.9","011000"
"72775524112","2019-03-29","47.51667","-111.18333","1058.3","MALMSTROM AFB, MT US","  34.9","24","  31.2","20","1027.3","22","902.3","20","  9.4","24","  2.8","24","  9.9","999.9","  44.4"," ","  30.9"," "," 0.05","G","999.9","011000"
"72775524112","2019-03-30","47.51667","-111.18333","1058.3","MALMSTROM AFB, MT US","  38.9","22","  27.9","22","1030.8","21","905.9","19"," 10.0","22","  6.8","22"," 13.0"," 18.1","  52.2"," ","  23.7"," "," 0.00","G","999.9","000000"
"72775524112","2019-03-31","47.51667","-111.18333","1058.3","MALMSTROM AFB, MT US","  38.3","24","  28.5","24","1027.5","24","903.4","20"," 10.0","24","  4.5","24"," 11.1","999.9","  52.3"," ","  23.7"," "," 0.00","I","999.9","000000"
"72775524112","2019-04-01","47.51667","-111.18333","1058.3","MALMSTROM AFB, MT US","  35.8","24","  31.9","23","1022.7","24","898.3","24","  8.7","24","  4.0","24"," 12.0","999.9","  52.3"," ","  24.3"," "," 0.07","B","999.9","011000"
"72775524112","2019-04-02","47.51667","-111.18333","1058.3","MALMSTROM AFB, MT US","  35.5","24","  26.3","21","1020.3","24","896.0","24"," 10.0","24","  4.1","24"," 11.1","999.9","  50.7"," ","  21.2"," "," 0.00","I","999.9","000000"
"72775524112","2019-04-03","47.51667","-111.18333","1058.3","MALMSTROM AFB, MT US","  40.6","24","  26.8","24","1012.7","23","889.8","24"," 10.0","24","  8.0","24"," 15.9"," 26.0","  57.6"," ","  21.2"," ","99.99"," ","999.9","010000"
"72775524112","2019-04-04","47.51667","-111.18333","1058.3","MALMSTROM AFB, MT US","  47.6","18","  32.2","18","1012.2","18","890.1","18"," 10.0","18"," 12.1","18"," 15.9"," 20.0","  57.7"," ","  25.3"," "," 0.00","I","999.9","000000"
"72775524112","2019-04-05","47.51667","-111.18333","1058.3","MALMSTROM AFB, MT US","  49.1","24","  36.8","24","1011.6","24","889.8","24"," 10.0","24","  5.9","24"," 11.1","999.9","  59.0","*","  40.1","*","99.99"," ","999.9","010000"
"72775524112","2019-04-06","47.51667","-111.18333","1058.3","MALMSTROM AFB, MT US","  47.6","24","  32.2","24","1008.2","24","886.6","24"," 10.0","24"," 14.0","24"," 27.0"," 32.1","  58.1"," ","  40.1"," "," 0.00","I","999.9","000000"
"72775524112","2019-04-07","47.51667","-111.18333","1058.3","MALMSTROM AFB, MT US","  48.4","23","  30.0","23","1011.7","23","889.7","23"," 10.0","23"," 14.6","23"," 26.0"," 31.1","  61.0"," ","  38.3"," "," 0.00","I","999.9","000000"
"72775524112","2019-04-08","47.51667","-111.18333","1058.3","MALMSTROM AFB, MT US","  48.2","24","  32.0","24","1017.3","24","894.7","24"," 10.0","24","  8.7","24"," 22.0"," 29.9","  61.0"," ","  38.3"," "," 0.00","I","999.9","000000"
"72775524112","2019-04-09","47.51667","-111.18333","1058.3","MALMSTROM AFB, MT US","  44.4","24","  39.3","24","1012.3","24","890.1","24","  9.7","24","  7.3","24"," 15.0"," 15.9","  58.1"," ","  40.6"," "," 0.03","G","999.9","010000"
"72775524112","2019-04-10","47.51667","-111.18333","1058.3","MALMSTROM AFB, MT US","  37.4","24","  35.4","24","1016.2","24","893.1","24","  9.5","24"," 10.3","24"," 19.0"," 22.0","  46.0"," ","  32.9"," "," 0.03","G","999.9","011000"
"72775524112","2019-04-11","47.51667","-111.18333","1058.3","MALMSTROM AFB, MT US","  38.1","23","  33.3","20","1016.1","23","892.6","23","  9.8","23","  5.7","23"," 11.1","999.9","  45.0"," ","  32.9"," "," 0.19","G","999.9","011000"
"72775524112","2019-04-12","47.51667","-111.18333","1058.3","MALMSTROM AFB, MT US","  34.7","20","  28.7","19","1013.5"," 6","892.0","20","  9.3","20","  4.6","20"," 12.0","999.9","  44.2","*","  28.4","*"," 0.00","G","999.9","011000"
"72775524112","2019-04-13","47.51667","-111.18333","1058.3","MALMSTROM AFB, MT US","  39.6","24","  27.1","24","1013.0","22","890.1","24"," 10.0","24"," 10.4","24"," 19.0"," 27.0","  52.5"," ","  26.1"," "," 0.10","G","999.9","000000"
"72775524112","2019-04-14","47.51667","-111.18333","1058.3","MALMSTROM AFB, MT US","  46.7","20","  25.0","20","1004.1","14","882.4","20","  9.5","20"," 14.5","19"," 25.1"," 35.0","  52.0"," ","  38.3"," "," 0.00","G","999.9","000000"
"72775524112","2019-04-15","47.51667","-111.18333","1058.3","MALMSTROM AFB, MT US","  41.9","23","  19.7","23","1007.6","23","885.6","23"," 10.0","23"," 12.5","23"," 17.1"," 24.1","  52.0"," ","  33.3"," "," 0.00","I","999.9","000000"
"72775524112","2019-04-16","47.51667","-111.18333","1058.3","MALMSTROM AFB, MT US","  37.1","24","  25.8","24","1011.8","24","889.0","24","  9.9","24","  2.9","24"," 11.1","999.9","  51.6"," ","  27.7"," "," 0.07","A","999.9","011000"
"72775524112","2019-04-17","47.51667","-111.18333","1058.3","MALMSTROM AFB, MT US","  44.2","24","  30.3","24","1016.1","24","893.1","24"," 10.0","24"," 10.3","24"," 17.1"," 24.1","  59.5"," ","  27.7"," ","99.99"," ","999.9","010000"
"72775524112","2019-04-18","47.51667","-111.18333","1058.3","MALMSTROM AFB, MT US","  51.4","24","  29.8","24","1021.7","24","898.5","22"," 10.0","24"," 13.5","24"," 19.0"," 26.0","  68.5"," ","  34.5"," "," 0.07","G","999.9","000000"
"72775524112","2019-04-19","47.51667","-111.18333","1058.3","MALMSTROM AFB, MT US","  63.2","22","  37.5","22","1013.6","19","892.7","20"," 10.0","22"," 17.4","22"," 25.1"," 31.1","  74.5","*","  56.5","*"," 0.00","G","999.9","000000"
"72775524112","2019-04-20","47.51667","-111.18333","1058.3","MALMSTROM AFB, MT US","  50.8","24","  42.9","24","1011.1","16","889.0","24"," 10.0","24","  7.1","24"," 15.9"," 26.0","  75.2"," ","  42.8"," "," 0.23","G","999.9","010000"
"72775524112","2019-04-21","47.51667","-111.18333","1058.3","MALMSTROM AFB, MT US","  43.8","24","  38.3","23","1021.0","24","897.4","24","  9.9","24","  7.8","24"," 13.0","999.9","  52.5","*","  39.2","*"," 0.23","G","999.9","010000"
"72775524112","2019-04-22","47.51667","-111.18333","1058.3","MALMSTROM AFB, MT US","  48.2","24","  33.2","24","1023.9","24","900.2","24"," 10.0","24"," 10.0","24"," 21.0"," 22.9","  65.1"," ","  32.9"," "," 0.00","G","999.9","000000"
"72775524112","2019-04-23","47.51667","-111.18333","1058.3","MALMSTROM AFB, MT US","  57.9","24","  35.0","24","1014.9","24","893.7","24"," 10.0","24"," 15.7","24"," 22.9"," 32.1","  64.2","*","  53.4","*"," 0.00","I","999.9","000000"
"72775524112","2019-04-24","47.51667","-111.18333","1058.3","MALMSTROM AFB, MT US","  53.2","24","  37.2","24","1014.9","24","893.5","24"," 10.0","24","  8.8","24"," 15.9"," 20.0","  65.8"," ","  42.3"," ","99.99"," ","999.9","010000"
"72775524112","2019-04-25","47.51667","-111.18333","1058.3","MALMSTROM AFB, MT US","  46.5","24","  24.7","24","1024.0","24","900.5","24"," 10.0","24","  7.3","24"," 13.0"," 19.0","  61.3"," ","  34.7"," "," 0.00","I","999.9","000000"
"72775524112","2019-04-26","47.51667","-111.18333","1058.3","MALMSTROM AFB, MT US","  47.1","24","  34.2","24","1014.7","18","892.8","24"," 10.0","24","  6.2","24"," 15.0"," 21.0","  57.0"," ","  34.7"," "," 0.03","A","999.9","010000"
"72775524112","2019-04-27","47.51667","-111.18333","1058.3","MALMSTROM AFB, MT US","  43.5","24","  32.3","22","1010.2","16","890.0","24","  9.9","24"," 10.9","24"," 22.9"," 28.9","  52.3"," ","  32.0"," "," 0.01","A","999.9","010000"
"72775524112","2019-04-28","47.51667","-111.18333","1058.3","MALMSTROM AFB, MT US","  31.9","24","  23.4","24","1016.3","24","892.6","24","  5.7","24"," 18.9","24"," 27.0"," 39.0","  52.3"," ","  24.8"," "," 0.04","G","  1.2","011000"
"72775524112","2019-04-29","47.51667","-111.18333","1058.3","MALMSTROM AFB, MT US","  26.1","23","  16.8","23","1030.5","23","902.5","12"," 10.0","23","  5.9","23"," 14.0"," 15.0","  37.9"," ","  12.9"," "," 0.00","G","999.9","000000"
"72775524112","2019-04-30","47.51667","-111.18333","1058.3","MALMSTROM AFB, MT US","  30.0","24","  20.8","24","1023.2","24","897.9","19"," 10.0","24","  3.1","24"," 11.1","999.9","  42.8"," ","  12.9"," "," 0.00","I","999.9","000000"
"72775524112","2019-05-01","47.51667","-111.18333","1058.3","MALMSTROM AFB, MT US","  34.9","24","  19.4","24","1020.2","24","895.0","17"," 10.0","24","  8.0","24"," 15.9"," 25.1","  53.6","*","  20.3","*"," 0.00","I","999.9","000000"
"72775524112","2019-05-02","47.51667","-111.18333","1058.3","MALMSTROM AFB, MT US","  44.8","24","  23.7","24","1013.5","24","890.9","24"," 10.0","24"," 12.4","24"," 19.0"," 22.9","  51.8","*","  37.4","*","99.99"," ","999.9","010000"
"72775524112","2019-05-03","47.51667","-111.18333","1058.3","MALMSTROM AFB, MT US","  45.0","24","  28.5","24","1015.3","24","892.4","24"," 10.0","24"," 11.6","24"," 18.1"," 28.9","  63.3"," ","  31.3"," "," 0.02","G","999.9","000000"
"72775524112","2019-05-04","47.51667","-111.18333","1058.3","MALMSTROM AFB, MT US","  47.8","22","  30.4","22","1013.9","22","891.7","22"," 10.0","22","  5.6","22"," 13.0","999.9","  63.3"," ","  30.4"," "," 0.00","G","999.9","000000"
"72775524112","2019-05-05","47.51667","-111.18333","1058.3","MALMSTROM AFB, MT US","  36.2","24","  32.8","21","1017.1","23","893.8","23","  8.2","24","  9.7","24"," 15.9","999.9","  51.6","*","  28.4","*"," 0.08","A","999.9","011000"
"72775524112","2019-05-06","47.51667","-111.18333","1058.3","MALMSTROM AFB, MT US","  40.3","24","  33.8","24","1019.8","24","895.9","24"," 10.0","24","  4.7","24"," 11.1","999.9","  53.8"," ","  29.1"," "," 0.00","I","999.9","000000"
"72775524112","2019-05-07","47.51667","-111.18333","1058.3","MALMSTROM AFB, MT US","  45.3","24","  35.3","21","1018.6","24","895.4","24","  8.9","24","  5.1","24"," 14.0"," 18.1","  59.0","*","  30.2","*"," 0.00","I","999.9","100000"
"72775524112","2019-05-08","47.51667","-111.18333","1058.3","MALMSTROM AFB, MT US","  46.7","24","  34.6","24","1024.2","24","900.7","24"," 10.0","24","  6.8","24"," 14.0","999.9","  59.7"," ","  30.6"," "," 0.03","B","999.9","010000"
"72775524112","2019-05-09","47.51667","-111.18333","1058.3","MALMSTROM AFB, MT US","  44.7","24","  30.4","23","1024.7","21","901.1","24","  9.4","24","  4.0","24","  8.0","999.9","  56.7"," ","  27.3"," ","99.99"," ","999.9","010000"
"72775524112","2019-05-10","47.51667","-111.18333","1058.3","MALMSTROM AFB, MT US","  50.5","24","  30.5","24","1016.8","21","894.2","24"," 10.0","24"," 11.2","24"," 25.1"," 32.1","  60.8","*","  40.5","*","99.99"," ","999.9","010000"
"72775524112","2019-05-11","47.51667","-111.18333","1058.3","MALMSTROM AFB, MT US","  54.8","22","  37.1","22","1016.2","20","894.5","22"," 10.0","22","  5.3","22"," 11.1"," 17.1","  68.9","*","  41.7","*"," 0.00","I","999.9","000000"
"72775524112","2019-05-12","47.51667","-111.18333","1058.3","MALMSTROM AFB, MT US","  61.8","24","  38.1","24","1008.6","24","888.6","24"," 10.0","24","  8.1","24"," 15.0"," 22.0","  77.9"," ","  40.1"," "," 0.00","I","999.9","000000"
"72775524112","2019-05-13","47.51667","-111.18333","1058.3","MALMSTROM AFB, MT US","  63.3","24","  36.7","24","1008.1","24","888.7","24"," 10.0","24","  8.8","24"," 13.0"," 20.0","  77.9"," ","  46.8"," "," 0.00","I","999.9","000000"
"72775524112","2019-05-14","47.51667","-111.18333","1058.3","MALMSTROM AFB, MT US","  61.0","24","  41.5","24","1010.7","24","890.8","24"," 10.0","24","  3.7","24","  9.9","999.9","  77.2"," ","  43.2"," "," 0.00","I","999.9","000000"
"72775524112","2019-05-15","47.51667","-111.18333","1058.3","MALMSTROM AFB, MT US","  64.8","24","  40.5","24","1008.8","24","889.5","23"," 10.0","24","  9.2","24"," 25.1"," 35.9","  77.2"," ","  43.2"," ","99.99"," ","999.9","010000"
"72775524112","2019-05-16","47.51667","-111.18333","1058.3","MALMSTROM AFB, MT US","  54.0","24","  43.9","24","1010.3","24","889.8","24"," 10.0","24","  8.8","24"," 19.0"," 24.1","  71.8"," ","  46.4"," "," 0.07","G","999.9","010000"
"72775524112","2019-05-17","47.51667","-111.18333","1058.3","MALMSTROM AFB, MT US","  45.2","24","  43.6","23","1007.3","19","886.1","24","  8.8","24","  7.8","24"," 15.0","999.9","  55.0"," ","  42.8"," "," 0.15","G","999.9","010000"
"72775524112","2019-05-18","47.51667","-111.18333","1058.3","MALMSTROM AFB, MT US","  37.0","24","  36.8","20","1017.7","17","892.7","24","  7.9","24","  8.1","24"," 14.0","999.9","  42.8"," ","  31.3"," "," 0.43","G","999.9","011000"
"72775524112","2019-05-19","47.51667","-111.18333","1058.3","MALMSTROM AFB, MT US","  39.0","24","  33.5","24","1019.3","24","895.4","24"," 10.0","24","  7.9","24"," 22.0"," 27.0","  49.1"," ","  30.9"," "," 0.20","G","999.9","010000"
"72775524112","2019-05-20","47.51667","-111.18333","1058.3","MALMSTROM AFB, MT US","  43.0","24","  32.6","24","1015.1","24","892.5","24"," 10.0","24"," 10.3","24"," 14.0"," 20.0","  49.5"," ","  30.9"," "," 0.00","G","999.9","010000"
"72775524112","2019-05-21","47.51667","-111.18333","1058.3","MALMSTROM AFB, MT US","  42.6","22","  37.8","22","1011.7","20","889.2","22"," 10.0","22","  7.7","22"," 18.1","999.9","  50.0"," ","  33.6"," ","99.99"," ","999.9","010000"
"72775524112","2019-05-22","47.51667","-111.18333","1058.3","MALMSTROM AFB, MT US","  45.6","16","  39.3","16","1015.9","13","893.5","16"," 10.0","16","  9.5","16"," 15.9","999.9","  62.8"," ","  38.5"," "," 0.04","G","999.9","010000"
"72775524112","2019-05-23","47.51667","-111.18333","1058.3","MALMSTROM AFB, MT US","  53.0","24","  35.2","24","1017.6","24","895.4","24"," 10.0","24","  6.5","24"," 19.0"," 24.1","  66.9"," ","  35.1"," "," 0.00","G","999.9","000000"
"72775524112","2019-05-24","47.51667","-111.18333","1058.3","MALMSTROM AFB, MT US","  50.6","24","  37.9","24","1010.3","24","888.9","24"," 10.0","24","  4.2","24"," 15.9","999.9","  66.9"," ","  35.1"," "," 0.00","I","999.9","000000"
"72775524112","2019-05-25","47.51667","-111.18333","1058.3","MALMSTROM AFB, MT US","  53.8","24","  42.1","24","1012.2","24","890.8","24"," 10.0","24","  5.6","24"," 12.0","999.9","  63.3"," ","  36.7"," "," 0.00","I","999.9","000000"
"72775524112","2019-05-26","47.51667","-111.18333","1058.3","MALMSTROM AFB, MT US","  50.7","24","  46.7","24","1015.4","24","893.5","24","  9.1","24"," 11.0","24"," 18.1"," 21.0","  63.3"," ","  45.9"," "," 0.05","G","999.9","010000"
"72775524112","2019-05-27","47.51667","-111.18333","1058.3","MALMSTROM AFB, MT US","  47.5","24","  46.8","24","1018.2","24","895.4","24","  5.9","24","  9.3","24"," 14.0","999.9","  52.9"," ","  44.6"," "," 0.16","G","999.9","010000"
"72775524112","2019-05-28","47.51667","-111.18333","1058.3","MALMSTROM AFB, MT US","  51.8","24","  43.3","24","1018.5","24","895.9","24","  7.0","24","  2.4","24","  5.1","999.9","  65.1"," ","  42.3"," "," 0.20","G","999.9","110000"
"72775524112","2019-05-29","47.51667","-111.18333","1058.3","MALMSTROM AFB, MT US","  56.1","24","  38.8","24","1016.2","24","894.5","24"," 10.0","24","  4.3","24","  8.0","999.9","  74.3"," ","  37.2"," "," 0.00","G","999.9","000000"
"72775524112","2019-05-30","47.51667","-111.18333","1058.3","MALMSTROM AFB, MT US","  62.8","24","  39.0","24","1011.8","24","891.6","23"," 10.0","24","  7.4","24"," 22.9"," 29.9","  78.4"," ","  37.2"," ","99.99"," ","999.9","010010"
"72775524112","2019-05-31","47.51667","-111.18333","1058.3","MALMSTROM AFB, MT US","  59.8","24","  46.2","24","1017.9","24","897.2","21","  9.0","24","  7.3","24"," 21.0"," 32.1","  78.4"," ","  45.5"," ","99.99"," ","999.9","010000"
"72775524112","2019-06-01","47.51667","-111.18333","1058.3","MALMSTROM AFB, MT US","  60.2","23","  47.5","23","1016.1","23","894.7","16"," 10.0","23","  4.1","23","  8.9","999.9","  76.5","*","  48.0","*"," 0.00","I","999.9","000000"
"72775524112","2019-06-02","47.51667","-111.18333","1058.3","MALMSTROM AFB, MT US","  65.6","23","  47.8","23","1010.1","23","890.8","23"," 10.0","23","  6.7","23"," 14.0","999.9","  80.4"," ","  46.6"," "," 0.00","I","999.9","000000"
"72775524112","2019-06-03","47.51667","-111.18333","1058.3","MALMSTROM AFB, MT US","  69.1","24","  45.6","24","1007.1","24","888.7","24","  9.7","24"," 11.0","24"," 19.0"," 24.1","  82.4","*","  56.3","*"," 0.00","I","999.9","000000"
"72775524112","2019-06-04","47.51667","-111.18333","1058.3","MALMSTROM AFB, MT US","  64.5","24","  39.5","24","1012.7","24","893.3","24"," 10.0","24","  6.8","24"," 14.0"," 21.0","  81.9"," ","  48.2"," "," 0.00","I","999.9","000000"
"72775524112","2019-06-05","47.51667","-111.18333","1058.3","MALMSTROM AFB, MT US","  65.4","23","  34.8","23","1013.6","23","893.9","23"," 10.0","23","  7.7","23"," 18.1"," 22.9","  79.2"," ","  48.2"," "," 0.00","I","999.9","000000"
"72775524112","2019-06-06","47.51667","-111.18333","1058.3","MALMSTROM AFB, MT US","  63.1","24","  43.9","24","1007.7","22","888.5","24"," 10.0","24","  5.8","24"," 15.0","999.9","  79.0"," ","  47.3"," "," 0.00","I","999.9","000000"
"72775524112","2019-06-07","47.51667","-111.18333","1058.3","MALMSTROM AFB, MT US","  55.7","24","  39.6","24","1008.0","24","887.9","24"," 10.0","24"," 10.6","24"," 21.0"," 27.0","  74.8"," ","  47.3"," "," 0.15","G","999.9","010000"
"72775524112","2019-06-08","47.51667","-111.18333","1058.3","MALMSTROM AFB, MT US","  47.6","24","  33.4","24","1019.9","24","897.1","24"," 10.0","24","  7.6","24"," 17.1"," 21.0","  62.2"," ","  39.9"," "," 0.02","G","999.9","010010"
"72775524112","2019-06-09","47.51667","-111.18333","1058.3","MALMSTROM AFB, MT US","  50.4","22","  34.9","22","1028.6","22","904.5","22"," 10.0","22"," 11.7","22"," 17.1"," 20.0","  66.7"," ","  38.5"," "," 0.02","G","999.9","010010"
"72775524112","2019-06-10","47.51667","-111.18333","1058.3","MALMSTROM AFB, MT US","  57.6","24","  32.9","24","1025.2","24","902.7","24"," 10.0","24","  7.5","24"," 15.9"," 19.0","  72.9"," ","  38.5"," "," 0.00","G","999.9","000000"
"72775524112","2019-06-11","47.51667","-111.18333","1058.3","MALMSTROM AFB, MT US","  61.0","24","  43.0","24","1023.5","24","902.0","24"," 10.0","24","  4.5","24","  9.9","999.9","  72.9"," ","  39.7"," "," 0.02","G","999.9","010000"
"72775524112","2019-06-12","47.51667","-111.18333","1058.3","MALMSTROM AFB, MT US","  62.7","24","  43.4","24","1021.9","24","900.5","24"," 10.0","24","  3.6","24","  7.0","999.9","  80.1"," ","  44.4"," "," 0.00","G","999.9","000000"
"72775524112","2019-06-13","47.51667","-111.18333","1058.3","MALMSTROM AFB, MT US","  68.9","23","  49.2","23","1010.2","23","891.4","22"," 10.0","23","  6.2","23"," 13.0"," 20.0","  84.7"," ","  44.4"," "," 0.00","I","999.9","000000"
"72775524112","2019-06-14","47.51667","-111.18333","1058.3","MALMSTROM AFB, MT US","  69.0","24","  48.0","24","1007.2","21","888.7","24"," 10.0","24","  8.7","24"," 22.0"," 35.0","  84.7"," ","  52.3"," ","99.99"," ","999.9","010010"
"72775524112","2019-06-15","47.51667","-111.18333","1058.3","MALMSTROM AFB, MT US","  60.9","24","  48.5","24","1015.4","24","895.0","24"," 10.0","24","  5.0","24","  8.9","999.9","  81.0"," ","  48.0"," ","99.99"," ","999.9","010000"
"72775524112","2019-06-16","47.51667","-111.18333","1058.3","MALMSTROM AFB, MT US","  59.6","24","  48.5","24","1016.9","24","896.0","24"," 10.0","24","  5.2","24","  9.9","999.9","  73.0"," ","  48.0"," ","99.99"," ","999.9","010000"
"72775524112","2019-06-17","47.51667","-111.18333","1058.3","MALMSTROM AFB, MT US","  63.7","24","  46.2","24","1016.9","24","896.3","24"," 10.0","24","  4.4","24"," 17.1","999.9","  77.4"," ","  46.0"," "," 0.02","G","999.9","010000"
"72775524112","2019-06-18","47.51667","-111.18333","1058.3","MALMSTROM AFB, MT US","  64.2","23","  49.4","23","1013.5","23","893.9","23"," 10.0","23","  7.5","23"," 25.1"," 32.1","  77.4"," ","  46.0"," "," 0.00","G","999.9","010110"
"72775524112","2019-06-19","47.51667","-111.18333","1058.3","MALMSTROM AFB, MT US","  63.3","23","  43.9","23","1008.0","23","888.6","23"," 10.0","23"," 11.3","23"," 22.0"," 28.0","  74.7"," ","  50.4"," "," 0.17","G","999.9","010010"
"72775524112","2019-06-20","47.51667","-111.18333","1058.3","MALMSTROM AFB, MT US","  53.5","23","  37.9","23","1009.0","21","888.4","23"," 10.0","23","  7.9","23"," 17.1"," 22.0","  61.5","*","  42.3","*"," 0.00","G","999.9","010010"
"72775524112","2019-06-21","47.51667","-111.18333","1058.3","MALMSTROM AFB, MT US","  50.7","24","  39.4","24","1013.3","22","891.2","24"," 10.0","24","  7.3","24"," 15.0"," 21.0","  62.6"," ","  41.0"," "," 0.05","A","999.9","010000"
"72775524112","2019-06-22","47.51667","-111.18333","1058.3","MALMSTROM AFB, MT US","  52.6","24","  45.7","24","1016.8","24","894.6","24","  9.6","24"," 10.4","24"," 17.1"," 22.9","  65.5"," ","  45.0"," "," 0.20","G","999.9","010000"
"72775524112","2019-06-23","47.51667","-111.18333","1058.3","MALMSTROM AFB, MT US","  58.6","23","  43.4","23","1013.8","23","892.7","23"," 10.0","23"," 10.4","23"," 22.0"," 27.0","  69.8"," ","  46.8"," "," 0.05","G","999.9","010000"
"72775524112","2019-06-24","47.51667","-111.18333","1058.3","MALMSTROM AFB, MT US","  58.2","24","  40.7","24","1011.4","24","891.0","24"," 10.0","24","  7.6","24"," 22.0","999.9","  69.8"," ","  46.8"," "," 0.02","G","999.9","010000"
"72775524112","2019-06-25","47.51667","-111.18333","1058.3","MALMSTROM AFB, MT US","  57.3","23","  37.4","23","1012.3","23","891.3","23"," 10.0","23","  4.9","23"," 17.1"," 22.0","  73.8"," ","  39.4"," "," 0.00","G","999.9","000000"
"72775524112","2019-06-26","47.51667","-111.18333","1058.3","MALMSTROM AFB, MT US","  59.8","24","  43.5","24","1013.2","24","892.7","24"," 10.0","24","  5.4","24"," 12.0","999.9","  74.1"," ","  39.4"," "," 0.00","I","999.9","000000"
"72775524112","2019-06-27","47.51667","-111.18333","1058.3","MALMSTROM AFB, MT US","  56.9","24","  51.7","24","1014.9","24","894.0","24","  9.0","24","  7.1","24"," 27.0"," 39.0","  74.1"," ","  45.1"," "," 0.05","G","999.9","110010"
"72775524112","2019-06-28","47.51667","-111.18333","1058.3","MALMSTROM AFB, MT US","  58.2","24","  50.6","24","1018.6","24","896.8","22"," 10.0","24","  5.1","24"," 17.1"," 21.0","  75.2"," ","  47.1"," "," 0.59","G","999.9","000000"
"72775524112","2019-06-29","47.51667","-111.18333","1058.3","MALMSTROM AFB, MT US","  63.0","24","  44.6","24","1018.9","24","898.1","23"," 10.0","24","  9.3","24"," 17.1"," 22.0","  78.8","*","  52.9","*"," 0.03","G","999.9","010000"
"72775524112","2019-06-30","47.51667","-111.18333","1058.3","MALMSTROM AFB, MT US","  64.9","24","  41.3","24","1019.4","24","899.0","23"," 10.0","24","  5.9","24"," 13.0"," 19.0","  78.3"," ","  46.9"," "," 0.00","G","999.9","010000"
"72775524112","2019-07-01","47.51667","-111.18333","1058.3","MALMSTROM AFB, MT US","  68.0","21","  49.1","21","1015.0","21","895.4","21"," 10.0","21","  7.4","21"," 15.9"," 26.0","  82.9"," ","  46.9"," ","99.99"," ","999.9","010010"
"72775524112","2019-07-02","47.51667","-111.18333","1058.3","MALMSTROM AFB, MT US","  59.0","24","  43.2","24","1015.9","24","895.6","24"," 10.0","24","  6.1","24"," 15.9","999.9","  82.9"," ","  47.5"," "," 0.00","I","999.9","000000"
"72775524112","2019-07-03","47.51667","-111.18333","1058.3","MALMSTROM AFB, MT US","  56.7","24","  47.0","24","1016.3","18","894.9","24"," 10.0","24","  4.1","24","  8.9","999.9","  65.8"," ","  47.5"," ","99.99"," ","999.9","010000"
"72775524112","2019-07-04","47.51667","-111.18333","1058.3","MALMSTROM AFB, MT US","  59.3","24","  45.4","24","1015.9","24","894.7","24"," 10.0","24","  3.7","24","  7.0"," 15.0","  76.5"," ","  45.1"," "," 0.00","I","999.9","000000"
"72775524112","2019-07-05","47.51667","-111.18333","1058.3","MALMSTROM AFB, MT US","  60.6","22","  49.8","22","1021.9","22","900.7","22"," 10.0","22","  5.1","22","  8.0","999.9","  76.5"," ","  45.1"," ","99.99"," ","999.9","010010"
"72775524112","2019-07-06","47.51667","-111.18333","1058.3","MALMSTROM AFB, MT US","  64.4","23","  50.4","23","1016.8"," 9","899.8","23","  9.8","23","  4.2","23"," 11.1","999.9","  82.4","*","  47.5","*"," 0.00","H","999.9","010010"
"72775524112","2019-07-07","47.51667","-111.18333","1058.3","MALMSTROM AFB, MT US","  62.1","24","  51.9","24","1008.0"," 8","893.8","23","  9.4","24","  6.4","24"," 29.9"," 40.0","  83.3"," ","  47.1"," "," 0.35","G","999.9","010110"
"72775524112","2019-07-08","47.51667","-111.18333","1058.3","MALMSTROM AFB, MT US","  59.5","19","  50.5","19","9999.9"," 0","892.8","19"," 10.0","19","  4.7","19","  8.9","999.9","  76.8"," ","  50.7"," "," 0.03","G","999.9","000000"
"72775524112","2019-07-09","47.51667","-111.18333","1058.3","MALMSTROM AFB, MT US","  59.8","24","  49.3","24","1017.6","22","896.5","24","  9.9","24","  7.8","24"," 18.1"," 21.0","  73.9"," ","  52.7"," "," 0.43","G","999.9","010010"
"72775524112","2019-07-10","47.51667","-111.18333","1058.3","MALMSTROM AFB, MT US","  64.5","22","  49.1","22","1019.3","22","898.6","22"," 10.0","22","  6.2","22"," 13.0","999.9","  84.6"," ","  49.1"," "," 0.01","G","999.9","000000"
"72775524112","2019-07-11","47.51667","-111.18333","1058.3","MALMSTROM AFB, MT US","  72.1","23","  51.3","23","1015.3","23","896.3","23"," 10.0","23","  5.8","23","  9.9","999.9","  84.7"," ","  49.1"," "," 0.00","G","999.9","000000"
"72775524112","2019-07-12","47.51667","-111.18333","1058.3","MALMSTROM AFB, MT US","  71.1","23","  50.0","23","1014.8","20","896.0","23"," 10.0","23","  4.8","23"," 11.1","999.9","  85.3"," ","  54.7"," "," 0.00","I","999.9","000000"
"72775524112","2019-07-13","47.51667","-111.18333","1058.3","MALMSTROM AFB, MT US","  70.7","24","  51.5","24","1013.1","24","894.3","23"," 10.0","24","  6.3","24"," 24.1"," 33.0","  88.5"," ","  55.0"," "," 0.06","A","999.9","010010"
"72775524112","2019-07-14","47.51667","-111.18333","1058.3","MALMSTROM AFB, MT US","  72.3","24","  53.7","24","1012.7","24","894.1","23"," 10.0","24"," 10.3","24"," 26.0"," 39.0","  88.5"," ","  55.0"," "," 0.02","A","999.9","010000"
"72775524112","2019-07-15","47.51667","-111.18333","1058.3","MALMSTROM AFB, MT US","  69.9","24","  45.2","24","1014.8","24","895.9","21"," 10.0","24","  4.2","24","  9.9","999.9","  86.5"," ","  50.4"," "," 0.00","I","999.9","000000"
"72775524112","2019-07-16","47.51667","-111.18333","1058.3","MALMSTROM AFB, MT US","  67.6","24","  48.6","24","1012.6","24","893.5","24"," 10.0","24","  6.0","24","  9.9"," 15.0","  80.6"," ","  50.4"," "," 0.00","I","999.9","000000"
"72775524112","2019-07-17","47.51667","-111.18333","1058.3","MALMSTROM AFB, MT US","  65.7","23","  44.0","23","1010.5","19","891.5","21"," 10.0","23","  8.0","23"," 17.1"," 25.1","  77.4"," ","  50.0"," ","99.99"," ","999.9","010000"
"72775524112","2019-07-18","47.51667","-111.18333","1058.3","MALMSTROM AFB, MT US","  67.7","22","  42.4","22","1006.7","14","887.9","22"," 10.0","22"," 16.7","22"," 27.0"," 33.0","  77.2"," ","  50.0"," "," 0.00","I","999.9","000000"
"72775524112","2019-07-19","47.51667","-111.18333","1058.3","MALMSTROM AFB, MT US","  62.1","24","  29.6","24","1010.8","22","891.0","23"," 10.0","24"," 10.5","24"," 21.0"," 27.0","  77.2"," ","  43.7"," "," 0.00","I","999.9","000000"
"72775524112","2019-07-20","47.51667","-111.18333","1058.3","MALMSTROM AFB, MT US","  59.9","24","  31.5","24","1017.5","24","896.5","24"," 10.0","24","  5.9","24"," 14.0"," 21.0","  74.3"," ","  43.7"," "," 0.00","I","999.9","000000"
"72775524112","2019-07-21","47.51667","-111.18333","1058.3","MALMSTROM AFB, MT US","  58.7","24","  42.4","24","1024.0","24","902.0","24"," 10.0","24","  4.6","24"," 19.0","999.9","  77.0"," ","  38.3"," "," 0.00","I","999.9","000000"
"72775524112","2019-07-22","47.51667","-111.18333","1058.3","MALMSTROM AFB, MT US","  67.9","24","  46.5","24","1020.9","24","900.3","24"," 10.0","24","  5.3","24"," 11.1","999.9","  89.1"," ","  38.3"," "," 0.00","I","999.9","000000"
"72775524112","2019-07-23","47.51667","-111.18333","1058.3","MALMSTROM AFB, MT US","  76.6","24","  53.3","24","1016.4","24","897.7","24","  9.9","24","  5.1","24"," 11.1","999.9","  95.7"," ","  46.9"," "," 0.00","I","999.9","000000"
"72775524112","2019-07-24","47.51667","-111.18333","1058.3","MALMSTROM AFB, MT US","  78.3","22","  45.4","22","1011.9","22","894.1","22"," 10.0","22"," 13.7","22"," 29.9"," 36.9","  95.7"," ","  56.7"," ","99.99"," ","999.9","010010"
"72775524112","2019-07-25","47.51667","-111.18333","1058.3","MALMSTROM AFB, MT US","  68.5","24","  27.8","24","1015.8","24","896.6","24"," 10.0","24"," 11.4","24"," 21.0"," 26.0","  86.2"," ","  48.4"," "," 0.00","I","999.9","000000"
"72775524112","2019-07-26","47.51667","-111.18333","1058.3","MALMSTROM AFB, MT US","  69.0","24","  34.8","24","1017.3","24","897.7","23"," 10.0","24","  4.7","24"," 13.0","999.9","  87.4"," ","  48.4"," "," 0.00","I","999.9","000000"
"72775524112","2019-07-27","47.51667","-111.18333","1058.3","MALMSTROM AFB, MT US","  77.4","22","  38.0","22","1013.7","22","895.2","22"," 10.0","22","  9.9","22"," 20.0"," 28.0","  91.8"," ","  48.9"," "," 0.00","I","999.9","000000"
"72775524112","2019-07-28","47.51667","-111.18333","1058.3","MALMSTROM AFB, MT US","  70.2","24","  38.5","24","1016.8","24","897.8","23"," 10.0","24","  7.0","24"," 14.0"," 20.0","  91.8"," ","  48.7"," "," 0.00","I","999.9","000000"
"72775524112","2019-07-29","47.51667","-111.18333","1058.3","MALMSTROM AFB, MT US","  68.3","24","  38.1","24","1016.2","24","896.5","24"," 10.0","24","  4.7","24","  8.9","999.9","  88.0"," ","  48.7"," "," 0.00","I","999.9","000000"
"72775524112","2019-07-30","47.51667","-111.18333","1058.3","MALMSTROM AFB, MT US","  75.7","24","  43.5","24","1010.4","24","891.9"," 7"," 10.0","24","  7.8","24"," 26.0"," 35.9","  90.7"," ","  50.4"," "," 0.03","A","999.9","010010"
"72775524112","2019-07-31","47.51667","-111.18333","1058.3","MALMSTROM AFB, MT US","  74.6","24","  45.2","24","1013.0","24","895.2","20"," 10.0","24","  4.0","24"," 15.0"," 20.0","  91.6"," ","  56.3"," "," 0.00","I","999.9","000000"
"72775524112","2019-08-01","47.51667","-111.18333","1058.3","MALMSTROM AFB, MT US","  77.1","24","  47.2","24","1013.4","24","895.6","19"," 10.0","24","  6.2","24"," 20.0"," 27.0","  93.7"," ","  56.8"," "," 0.02","G","999.9","010010"
"72775524112","2019-08-02","47.51667","-111.18333","1058.3","MALMSTROM AFB, MT US","  79.1","24","  43.3","24","1014.3","24","896.2","24"," 10.0","24","  8.8","24"," 19.0"," 28.9","  95.0","*","  63.7","*"," 0.00","G","999.9","010000"
"72775524112","2019-08-03","47.51667","-111.18333","1058.3","MALMSTROM AFB, MT US","  76.2","24","  45.8","24","1015.4","24","897.1","24"," 10.0","24"," 12.6","24"," 22.9"," 29.9","  94.6"," ","  60.6"," "," 0.02","G","999.9","010000"
"72775524112","2019-08-04","47.51667","-111.18333","1058.3","MALMSTROM AFB, MT US","  70.8","24","  42.8","24","1016.4","24","897.4","24"," 10.0","24","  4.5","24","  9.9","999.9","  89.4"," ","  53.8"," "," 0.00","G","999.9","000000"
"72775524112","2019-08-05","47.51667","-111.18333","1058.3","MALMSTROM AFB, MT US","  71.5","24","  40.7","24","1016.9","24","897.6","24"," 10.0","24","  4.3","24","  9.9","999.9","  90.9"," ","  50.0"," "," 0.00","I","999.9","000000"
"72775524112","2019-08-06","47.51667","-111.18333","1058.3","MALMSTROM AFB, MT US","  72.3","24","  38.4","24","1014.6","24","895.7","24"," 10.0","24","  5.0","24","  8.9","999.9","  90.9"," ","  50.0"," "," 0.00","I","999.9","000000"
"72775524112","2019-08-07","47.51667","-111.18333","1058.3","MALMSTROM AFB, MT US","  68.8","23","  48.2","23","1014.9","23","895.7","23"," 10.0","23","  5.6","23"," 19.0"," 22.9","  88.0"," ","  53.2"," "," 0.00","I","999.9","000000"
"72775524112","2019-08-08","47.51667","-111.18333","1058.3","MALMSTROM AFB, MT US","  72.0","24","  44.2","24","1011.8","24","893.0","24"," 10.0","24","  3.3","24","  8.0","999.9","  88.5"," ","  55.2"," "," 0.00","I","999.9","000000"
"72775524112","2019-08-09","47.51667","-111.18333","1058.3","MALMSTROM AFB, MT US","  72.9","24","  44.8","24","1010.4","20","892.1","23"," 10.0","24","  7.9","24"," 15.0","999.9","  88.5"," ","  55.9"," ","99.99"," ","999.9","010000"
"72775524112","2019-08-10","47.51667","-111.18333","1058.3","MALMSTROM AFB, MT US","  60.6","24","  53.8","24","1016.7","24","896.6","24"," 10.0","24","  4.8","24","  8.0","999.9","  76.6"," ","  53.8"," "," 0.03","A","999.9","010000"
"72775524112","2019-08-11","47.51667","-111.18333","1058.3","MALMSTROM AFB, MT US","  57.0","24","  52.9","24","1017.4","12","896.3","22","  9.7","24","  7.2","24"," 20.0"," 25.1","  64.9"," ","  52.7"," "," 0.09","G","999.9","010010"
"72775524112","2019-08-12","47.51667","-111.18333","1058.3","MALMSTROM AFB, MT US","  61.5","23","  45.8","23","1016.9","23","999.9"," 0"," 10.0","23"," 12.7","23"," 20.0"," 26.0","  75.2"," ","  52.7"," "," 0.43","G","999.9","010000"
"72775524112","2019-08-13","47.51667","-111.18333","1058.3","MALMSTROM AFB, MT US","  61.6","24","  45.2","24","1021.5","24","900.6","15"," 10.0","24","  3.6","24"," 12.0","999.9","  78.3"," ","  46.2"," "," 0.00","G","999.9","000000"
"72775524112","2019-08-14","47.51667","-111.18333","1058.3","MALMSTROM AFB, MT US","  64.9","24","  41.6","24","1019.9","24","899.2","24"," 10.0","24","  6.6","24"," 15.0"," 21.0","  82.4","*","  50.0","*"," 0.00","I","999.9","000000"
"72775524112","2019-08-15","47.51667","-111.18333","1058.3","MALMSTROM AFB, MT US","  66.5","24","  44.8","24","1017.8","24","897.8","24"," 10.0","24","  8.1","24"," 15.9"," 20.0","  82.2"," ","  49.5"," "," 0.17","G","999.9","010010"
"72775524112","2019-08-16","47.51667","-111.18333","1058.3","MALMSTROM AFB, MT US","  68.0","24","  42.5","24","1011.5","24","892.5","24"," 10.0","24"," 10.8","24"," 13.0"," 21.0","  80.8"," ","  51.1"," "," 0.00","G","999.9","000000"
"72775524112","2019-08-17","47.51667","-111.18333","1058.3","MALMSTROM AFB, MT US","  52.1","24","  46.0","24","1015.1","24","894.0","24","  9.3","24","  6.4","24"," 19.0"," 28.0","  76.3"," ","  46.4"," "," 0.13","G","999.9","010000"
"72775524112","2019-08-18","47.51667","-111.18333","1058.3","MALMSTROM AFB, MT US","  62.5","24","  45.4","24","1010.6","24","890.0","24"," 10.0","24","  8.8","24"," 18.1"," 22.9","  82.8"," ","  46.4"," "," 0.08","G","999.9","000000"
"72775524112","2019-08-19","47.51667","-111.18333","1058.3","MALMSTROM AFB, MT US","  70.7","22","  42.0","22","1009.0","22","890.5","22"," 10.0","22","  5.8","22"," 11.1"," 15.0","  88.0","*","  55.6","*"," 0.00","G","999.9","000000"
"72775524112","2019-08-20","47.51667","-111.18333","1058.3","MALMSTROM AFB, MT US","  66.7","23","  46.3","23","1017.0","23","897.5","23"," 10.0","23","  5.7","23"," 14.0","999.9","  88.5"," ","  49.3"," "," 0.00","I","999.9","000000"
"72775524112","2019-08-21","47.51667","-111.18333","1058.3","MALMSTROM AFB, MT US","  72.0","24","  50.6","24","1015.2","24","895.9","24"," 10.0","24","  4.0","24"," 15.9"," 18.1","  93.2","*","  53.6","*"," 0.00","I","999.9","000000"
"72775524112","2019-08-22","47.51667","-111.18333","1058.3","MALMSTROM AFB, MT US","  69.7","24","  53.0","24","1007.9","24","889.6","24"," 10.0","24","  7.3","24"," 19.0"," 24.1","  93.0"," ","  52.9"," "," 0.02","G","999.9","010010"
"72775524112","2019-08-23","47.51667","-111.18333","1058.3","MALMSTROM AFB, MT US","  64.1","24","  52.7","24","1015.0","24","895.1","24"," 10.0","24","  5.6","24"," 13.0","999.9","  77.4"," ","  55.6"," "," 0.00","G","999.9","000000"
"72775524112","2019-08-24","47.51667","-111.18333","1058.3","MALMSTROM AFB, MT US","  70.3","24","  47.9","24","1009.1","24","890.3","24"," 10.0","24","  9.4","24"," 18.1"," 26.0","  83.5"," ","  55.6"," ","99.99"," ","999.9","010000"
"72775524112","2019-08-25","47.51667","-111.18333","1058.3","MALMSTROM AFB, MT US","  66.6","24","  40.2","24","1009.9","24","891.1","24"," 10.0","24","  9.0","24"," 33.0"," 42.0","  83.5"," ","  49.6"," ","99.99"," ","999.9","010000"
"72775524112","2019-08-26","47.51667","-111.18333","1058.3","MALMSTROM AFB, MT US","  57.8","24","  45.8","24","1019.6","24","898.2","24"," 10.0","24","  5.1","24","  8.9","999.9","  76.1"," ","  49.6"," "," 0.02","G","999.9","010000"
"72775524112","2019-08-27","47.51667","-111.18333","1058.3","MALMSTROM AFB, MT US","  57.7","24","  38.4","24","1023.1","24","901.0","24"," 10.0","24","  4.4","24"," 15.0","999.9","  75.4"," ","  40.6"," "," 0.01","G","999.9","000000"
"72775524112","2019-08-28","47.51667","-111.18333","1058.3","MALMSTROM AFB, MT US","  65.5","23","  36.3","23","1014.8","23","894.6","23"," 10.0","23","  6.9","23"," 18.1"," 21.0","  88.0"," ","  40.6"," "," 0.00","G","999.9","000000"
"72775524112","2019-08-29","47.51667","-111.18333","1058.3","MALMSTROM AFB, MT US","  64.3","23","  41.8","23","1017.4","23","897.3","23"," 10.0","23","  6.2","23"," 17.1","999.9","  88.0"," ","  45.0"," "," 0.00","I","999.9","000000"
"72775524112","2019-08-30","47.51667","-111.18333","1058.3","MALMSTROM AFB, MT US","  66.5","24","  46.8","24","1016.1","19","896.4","23"," 10.0","24","  5.9","24"," 15.0"," 22.9","  80.4"," ","  45.0"," "," 0.02","G","999.9","010000"
"72775524112","2019-08-31","47.51667","-111.18333","1058.3","MALMSTROM AFB, MT US","  64.8","24","  49.6","24","1017.9","24","897.8","22","  9.8","24","  4.0","24"," 19.0"," 32.1","  84.0"," ","  49.1"," "," 0.05","G","999.9","010000"
"72775524112","2019-09-01","47.51667","-111.18333","1058.3","MALMSTROM AFB, MT US","  66.5","23","  49.0","23","1016.2","23","897.0","16"," 10.0","23","  5.7","23"," 11.1","999.9","  84.2"," ","  49.1"," "," 0.00","G","999.9","000000"
"72775524112","2019-09-02","47.51667","-111.18333","1058.3","MALMSTROM AFB, MT US","  72.4","24","  48.2","24","1012.5","24","893.7","24"," 10.0","24","  8.4","24"," 18.1"," 22.0","  86.2"," ","  52.5"," "," 0.00","I","999.9","000000"
"72775524112","2019-09-03","47.51667","-111.18333","1058.3","MALMSTROM AFB, MT US","  65.6","24","  41.8","24","1018.5","24","898.5","24"," 10.0","24","  4.5","24"," 13.0","999.9","  87.8"," ","  46.6"," "," 0.00","I","999.9","000000"
"72775524112","2019-09-04","47.51667","-111.18333","1058.3","MALMSTROM AFB, MT US","  75.0","24","  35.0","24","1011.6","24","893.2","24"," 10.0","24","  8.8","24"," 15.9"," 22.0","  89.1","*","  62.6","*"," 0.00","I","999.9","000000"
"72775524112","2019-09-05","47.51667","-111.18333","1058.3","MALMSTROM AFB, MT US","  65.6","24","  34.0","24","1018.8","24","898.9","24"," 10.0","24","  5.0","24","  8.9","999.9","  89.4"," ","  45.7"," "," 0.00","I","999.9","000000"
"72775524112","2019-09-06","47.51667","-111.18333","1058.3","MALMSTROM AFB, MT US","  62.3","24","  44.3","24","1020.7","24","900.1","24"," 10.0","24","  3.6","24","  8.0","999.9","  81.1"," ","  45.7"," ","99.99"," ","999.9","010000"
"72775524112","2019-09-07","47.51667","-111.18333","1058.3","MALMSTROM AFB, MT US","  58.0","24","  52.9","24","1020.8","24","899.2","24","  8.8","24","  4.9","24"," 11.1","999.9","  66.9"," ","  52.9"," "," 0.04","G","999.9","110000"
"72775524112","2019-09-08","47.51667","-111.18333","1058.3","MALMSTROM AFB, MT US","  55.2","24","  48.6","20","1014.9","24","893.5","24","  8.4","24","  6.6","24"," 14.0","999.9","  69.3"," ","  44.6"," "," 0.06","G","999.9","100000"
"72775524112","2019-09-09","47.51667","-111.18333","1058.3","MALMSTROM AFB, MT US","  54.4","24","  49.4","24","1010.5","24","889.6","24","  9.1","24","  8.3","24"," 13.0","999.9","  69.3"," ","  44.6"," "," 0.32","G","999.9","010000"
"72775524112","2019-09-10","47.51667","-111.18333","1058.3","MALMSTROM AFB, MT US","  53.0","24","  45.8","24","1016.8","24","894.9","24"," 10.0","24","  4.0","24","  8.0","999.9","  61.2"," ","  48.4"," "," 0.17","G","999.9","010000"
"72775524112","2019-09-11","47.51667","-111.18333","1058.3","MALMSTROM AFB, MT US","  51.5","22","  45.9","22","1021.7","20","899.0","22"," 10.0","22","  5.8","22","  8.9","999.9","  58.3"," ","  47.1"," "," 0.06","G","999.9","010000"
"72775524112","2019-09-12","47.51667","-111.18333","1058.3","MALMSTROM AFB, MT US","  54.4","22","  41.9","22","1024.7","22","901.6","22"," 10.0","22","  6.1","22"," 11.1"," 17.1","  71.6"," ","  39.7"," "," 0.00","G","999.9","000000"
"72775524112","2019-09-13","47.51667","-111.18333","1058.3","MALMSTROM AFB, MT US","  61.2","24","  40.6","24","1017.5","22","896.6","24"," 10.0","24"," 10.6","24"," 20.0"," 28.9","  78.4"," ","  39.7"," "," 0.01","A","999.9","010000"
"72775524112","2019-09-14","47.51667","-111.18333","1058.3","MALMSTROM AFB, MT US","  65.5","24","  40.5","24","1013.7","24","894.0","24"," 10.0","24"," 11.2","24"," 26.0","999.9","  79.5"," ","  46.8"," "," 0.00","I","999.9","000000"
"72775524112","2019-09-15","47.51667","-111.18333","1058.3","MALMSTROM AFB, MT US","  69.9","24","  40.0","24","1007.8","24","889.1","24"," 10.0","24","  9.1","24"," 20.0"," 22.9","  88.2"," ","  51.6"," "," 0.00","I","999.9","000000"
"72775524112","2019-09-16","47.51667","-111.18333","1058.3","MALMSTROM AFB, MT US","  65.2","24","  40.6","24","1003.3","24","885.1","24"," 10.0","24","  6.8","24"," 14.0","999.9","  88.2"," ","  50.2"," "," 0.00","I","999.9","000000"
"72775524112","2019-09-17","47.51667","-111.18333","1058.3","MALMSTROM AFB, MT US","  61.5","23","  42.5","23","1006.4","23","887.3","23"," 10.0","23","  6.3","23"," 11.1","999.9","  81.3"," ","  50.2"," "," 0.00","I","999.9","000000"
"72775524112","2019-09-18","47.51667","-111.18333","1058.3","MALMSTROM AFB, MT US","  54.5","23","  37.3","23","1013.0","23","891.8","23"," 10.0","23","  6.1","23"," 15.0","999.9","  72.0"," ","  40.8"," "," 0.00","I","999.9","000000"
"72775524112","2019-09-19","47.51667","-111.18333","1058.3","MALMSTROM AFB, MT US","  54.8","24","  44.3","24","1013.7","24","892.6","24"," 10.0","24","  4.9","24"," 15.0"," 22.9","  72.0"," ","  40.8"," ","99.99"," ","999.9","010000"
"72775524112","2019-09-20","47.51667","-111.18333","1058.3","MALMSTROM AFB, MT US","  51.9","23","  40.4","23","1013.5","23","891.8","23"," 10.0","23","  4.1","23","  7.0","999.9","  61.3"," ","  38.3"," "," 0.00","I","999.9","000000"
"72775524112","2019-09-21","47.51667","-111.18333","1058.3","MALMSTROM AFB, MT US","  54.8","24","  43.9","24","1015.9","24","894.2","24"," 10.0","24","  8.2","24"," 14.0","999.9","  63.3"," ","  47.5"," "," 0.06","A","999.9","010000"
"72775524112","2019-09-22","47.51667","-111.18333","1058.3","MALMSTROM AFB, MT US","  56.0","24","  40.6","24","1014.5","20","892.6","24"," 10.0","24","  9.8","24"," 13.0"," 18.1","  73.4","*","  44.6","*"," 0.00","I","999.9","000000"
"72775524112","2019-09-23","47.51667","-111.18333","1058.3","MALMSTROM AFB, MT US","  60.9","24","  41.4","24","9999.9"," 0","891.7","24"," 10.0","24"," 13.5","24"," 24.1"," 33.0","  73.9"," ","  53.4"," "," 0.00","I","999.9","000000"
"72775524112","2019-09-24","47.51667","-111.18333","1058.3","MALMSTROM AFB, MT US","  60.8","24","  35.8","24","1013.1","23","892.8","24"," 10.0","24"," 17.2","24"," 29.9"," 38.1","  71.1"," ","  51.4"," "," 0.00","I","999.9","000000"
"72775524112","2019-09-25","47.51667","-111.18333","1058.3","MALMSTROM AFB, MT US","  54.5","24","  32.4","24","1017.1","24","895.7","24"," 10.0","24","  6.2","24"," 15.0","999.9","  67.1"," ","  43.2"," "," 0.02","A","999.9","010000"
"72775524112","2019-09-26","47.51667","-111.18333","1058.3","MALMSTROM AFB, MT US","  58.2","22","  32.2","22","1007.9","21","887.4","22"," 10.0","22"," 17.2","22"," 33.0"," 42.0","  64.8"," ","  43.2"," ","99.99"," ","999.9","010000"
"72775524112","2019-09-27","47.51667","-111.18333","1058.3","MALMSTROM AFB, MT US","  44.8","24","  36.8","24","1013.4","24","891.4","24"," 10.0","24","  6.4","24"," 15.9"," 22.9","  63.3"," ","  40.5"," ","99.99"," ","999.9","010000"
"72775524112","2019-09-28","47.51667","-111.18333","1058.3","MALMSTROM AFB, MT US","  35.0","24","9999.9"," 0","1017.7","24","894.0","24","  6.0","24"," 16.0","24"," 24.1"," 28.9","  47.1"," ","  26.6"," "," 0.08","G","  1.2","011000"
"72775524112","2019-09-29","47.51667","-111.18333","1058.3","MALMSTROM AFB, MT US","  28.6","24","9999.9"," 0","1017.4","24","892.5","23","  1.9","24","  8.0","24"," 13.0","999.9","  39.7"," ","  26.4"," "," 0.24","G","  5.1","011000"
"72775524112","2019-09-30","47.51667","-111.18333","1058.3","MALMSTROM AFB, MT US","  28.7","24","  26.3","24","1021.9","24","894.5","12","  9.6","24","  7.9","24"," 11.1","999.9","  32.0","*","  25.9","*"," 0.37","G","  3.9","011000"
"72775524112","2019-10-01","47.51667","-111.18333","1058.3","MALMSTROM AFB, MT US","  19.0","24","  17.3","23","1027.6","24","899.7","24","  9.3","24","  3.7","24","  8.0","999.9","  30.4"," ","   7.9"," "," 0.00","G","  3.9","100000"
"72775524112","2019-10-02","47.51667","-111.18333","1058.3","MALMSTROM AFB, MT US","  26.3","23","  25.2","18","1025.1","23","898.1","22","  8.5","23","  2.0","23","  5.1","999.9","  37.8"," ","   7.9"," "," 0.00","I","  3.1","100000"
"72775524112","2019-10-03","47.51667","-111.18333","1058.3","MALMSTROM AFB, MT US","  38.0","24","  30.3","23","1020.0","24","895.7","24","  9.9","24","  4.7","24"," 12.0","999.9","  55.9"," ","  18.3"," "," 0.00","I","999.9","000000"
"72775524112","2019-10-04","47.51667","-111.18333","1058.3","MALMSTROM AFB, MT US","  42.3","24","  34.8","24","1015.7","24","892.7","24"," 10.0","24","  3.1","24","  9.9","999.9","  55.9"," ","  28.2"," "," 0.00","I","999.9","000000"
"72775524112","2019-10-05","47.51667","-111.18333","1058.3","MALMSTROM AFB, MT US","  43.8","23","  30.7","23","1020.4","23","896.9","23"," 10.0","23"," 11.5","23"," 21.0"," 28.0","  54.9"," ","  31.6"," "," 0.00","I","999.9","000000"
"72775524112","2019-10-06","47.51667","-111.18333","1058.3","MALMSTROM AFB, MT US","  44.7","23","  29.3","23","1024.3","23","900.4","23"," 10.0","23"," 13.8","23"," 19.0"," 27.0","  58.6"," ","  34.5"," "," 0.00","I","999.9","000000"
"72775524112","2019-10-07","47.51667","-111.18333","1058.3","MALMSTROM AFB, MT US","  51.1","23","  23.8","23","1016.6","23","894.2","23"," 10.0","23"," 17.3","23"," 35.9"," 42.0","  66.7"," ","  34.5"," "," 0.00","I","999.9","000000"
"72775524112","2019-10-08","47.51667","-111.18333","1058.3","MALMSTROM AFB, MT US","  47.4","24","  30.5","24","1006.4","23","885.7","24","  8.3","24"," 14.6","24"," 26.0"," 32.1","  66.7"," ","  26.2"," "," 0.06","A","  1.2","011000"
"72775524112","2019-10-09","47.51667","-111.18333","1058.3","MALMSTROM AFB, MT US","  23.2","24","  22.0","24","1025.3","24","899.1","24","  2.7","24"," 10.6","24"," 15.0"," 17.1","  26.6","*","  21.2","*"," 0.11","D","  3.9","001000"
"72775524112","2019-10-10","47.51667","-111.18333","1058.3","MALMSTROM AFB, MT US","  17.0","23","  13.7","23","1036.0","23","906.2","15","  9.6","23","  4.9","23","  8.0","999.9","  28.0"," ","   4.6"," ","99.99"," ","  3.9","101000"
"72775524112","2019-10-11","47.51667","-111.18333","1058.3","MALMSTROM AFB, MT US","  24.0","22","  17.3","22","1032.4","20","904.2","22"," 10.0","22","  7.1","22"," 12.0","999.9","  37.8","*","  15.4","*"," 0.00","I","  2.0","000000"
"72775524112","2019-10-12","47.51667","-111.18333","1058.3","MALMSTROM AFB, MT US","  32.9","24","  24.4","24","1021.3","24","896.4","23"," 10.0","24","  3.3","24"," 11.1","999.9","  52.9"," ","  14.4"," "," 0.00","I","  1.2","000000"
"72775524112","2019-10-13","47.51667","-111.18333","1058.3","MALMSTROM AFB, MT US","  41.6","23","  27.9","23","1014.0","23","890.9","22","  9.7","23","  2.9","23","  7.0","999.9","  60.1"," ","  29.3"," "," 0.00","I","  1.2","000000"
"72775524112","2019-10-14","47.51667","-111.18333","1058.3","MALMSTROM AFB, MT US","  46.2","19","  33.0","19","1014.0","19","891.6","19"," 10.0","19","  8.8","19"," 13.0"," 19.0","  60.1"," ","  29.3"," ","99.99"," ","999.9","010000"
"72775524112","2019-10-15","47.51667","-111.18333","1058.3","MALMSTROM AFB, MT US","  40.4","24","  31.6","24","1024.2","24","900.0","24"," 10.0","24","  3.5","24"," 11.1","999.9","  58.1"," ","  25.5"," ","99.99"," ","999.9","010000"
"72775524112","2019-10-16","47.51667","-111.18333","1058.3","MALMSTROM AFB, MT US","  57.8","24","  28.7","24","1013.6","24","892.1","24"," 10.0","24"," 11.7","24"," 18.1","999.9","  71.8","*","  47.1","*"," 0.00","I","999.9","000000"
"72775524112","2019-10-17","47.51667","-111.18333","1058.3","MALMSTROM AFB, MT US","  55.1","24","  27.0","24","1001.5","23","881.9","24"," 10.0","24","  8.6","24"," 17.1","999.9","  72.3"," ","  43.3"," ","99.99"," ","999.9","010000"
"72775524112","2019-10-18","47.51667","-111.18333","1058.3","MALMSTROM AFB, MT US","  45.5","24","  27.6","24","1004.8","24","883.6","24"," 10.0","24"," 16.5","24"," 26.0"," 35.9","  63.0"," ","  38.5"," "," 0.00","I","999.9","000000"
"72775524112","2019-10-19","47.51667","-111.18333","1058.3","MALMSTROM AFB, MT US","  44.0","24","  23.0","24","1007.0","24","887.4"," 8"," 10.0","24"," 14.2","24"," 22.0"," 25.1","  53.2"," ","  37.9"," "," 0.00","I","999.9","000000"
"72775524112","2019-10-20","47.51667","-111.18333","1058.3","MALMSTROM AFB, MT US","  40.8","24","  32.3","24","1011.5","24","888.3"," 4"," 10.0","24","  6.4","24"," 22.0","999.9","  52.0"," ","  34.7"," "," 0.02","G","999.9","010000"
"72775524112","2019-10-21","47.51667","-111.18333","1058.3","MALMSTROM AFB, MT US","  39.0","24","  25.8","24","1017.2","24","892.1"," 7"," 10.0","24","  9.4","24"," 15.0","999.9","  50.0"," ","  28.9"," "," 0.00","G","999.9","010000"
"72775524112","2019-10-22","47.51667","-111.18333","1058.3","MALMSTROM AFB, MT US","  46.9","24","  31.6","24","1015.8","24","999.9"," 0"," 10.0","24"," 17.3","24"," 29.9"," 35.9","  60.8"," ","  28.9"," ","99.99"," ","999.9","010000"
"72775524112","2019-10-23","47.51667","-111.18333","1058.3","MALMSTROM AFB, MT US","  37.6","24","  31.9","24","1025.2","24","902.3"," 6"," 10.0","24","  8.4","24"," 14.0"," 21.0","  60.8"," ","  33.8"," "," 0.06","G","999.9","011000"
"72775524112","2019-10-24","47.51667","-111.18333","1058.3","MALMSTROM AFB, MT US","  37.9","24","  28.4","24","1028.5","24","902.4","20"," 10.0","24"," 14.6","24"," 22.9"," 27.0","  52.0"," ","  28.6"," "," 0.01","G","999.9","000000"
"72775524112","2019-10-25","47.51667","-111.18333","1058.3","MALMSTROM AFB, MT US","  50.7","21","  34.2","21","1017.7","21","898.3"," 7"," 10.0","21"," 19.9","21"," 35.0"," 41.0","  70.3"," ","  28.6"," "," 0.00","G","999.9","000000"
"72775524112","2019-10-26","47.51667","-111.18333","1058.3","MALMSTROM AFB, MT US","  36.7","24","  28.6","24","1018.8","24","895.4"," 7","  7.9","24"," 12.1","24"," 24.1"," 35.0","  64.0","*","  28.4","*"," 0.13","G","  3.1","011000"
"72775524112","2019-10-27","47.51667","-111.18333","1058.3","MALMSTROM AFB, MT US","  22.8","24","  16.2","24","1033.0","24","905.3","24"," 10.0","24"," 10.2","24"," 15.9"," 22.0","  28.4","*","  17.6","*"," 0.03","G","  1.2","001000"
"72775524112","2019-10-28","47.51667","-111.18333","1058.3","MALMSTROM AFB, MT US","  20.5","24","  16.5","24","1025.9","24","899.4","15","  5.9","24"," 10.9","24"," 26.0"," 28.0","  27.1","*","  12.0","*"," 0.00","G","  3.9","001000"
"72775524112","2019-10-29","47.51667","-111.18333","1058.3","MALMSTROM AFB, MT US","   9.8","24","   5.3","24","1039.2","24","907.7"," 8"," 10.0","24","  8.2","24"," 13.0","999.9","  27.3"," ","   5.2"," "," 0.02","G","  3.9","001000"
"72775524112","2019-10-30","47.51667","-111.18333","1058.3","MALMSTROM AFB, MT US","  14.4","23","   5.9","23","1033.1","23","999.9"," 0"," 10.0","23"," 16.5","23"," 22.0","999.9","  27.3"," ","   5.2"," "," 0.00","G","  3.1","000000"
"72775524112","2019-10-31","47.51667","-111.18333","1058.3","MALMSTROM AFB, MT US","  31.3","24","  18.3","24","1024.4","24","898.3","18"," 10.0","24"," 14.0","24"," 22.0","999.9","  38.5","*","  26.1","*"," 0.00","I","  3.1","000000"
"72775524112","2019-11-01","47.51667","-111.18333","1058.3","MALMSTROM AFB, MT US","  31.2","24","  23.6","24","1031.1","24","905.3","20"," 10.0","24","  8.3","24"," 13.0","999.9","  38.5"," ","  20.5"," ","99.99"," ","999.9","010000"
"72775524112","2019-11-02","47.51667","-111.18333","1058.3","MALMSTROM AFB, MT US","  38.0","24","  24.0","24","1024.5","24","899.7","24"," 10.0","24"," 13.4","24"," 17.1","999.9","  48.2"," ","  20.5"," "," 0.00","I","999.9","000000"
"72775524112","2019-11-03","47.51667","-111.18333","1058.3","MALMSTROM AFB, MT US","  40.2","24","  31.2","24","1019.2","24","895.7","24"," 10.0","24","  7.0","24"," 11.1","999.9","  48.2"," ","  32.2"," "," 0.04","A","999.9","010000"
"72775524112","2019-11-04","47.51667","-111.18333","1058.3","MALMSTROM AFB, MT US","  31.5","24","9999.9"," 0","1023.0","24","898.2","24","  4.7","24","  4.6","24","  8.0","999.9","  42.3"," ","  28.2"," "," 0.12","G","999.9","111000"
"72775524112","2019-11-05","47.51667","-111.18333","1058.3","MALMSTROM AFB, MT US","  33.6","24","  32.2","15","1021.3","24","896.8","24","  9.6","24","  6.8","24"," 13.0","999.9","  44.8"," ","  26.2"," "," 0.00","G","999.9","110000"
"72775524112","2019-11-06","47.51667","-111.18333","1058.3","MALMSTROM AFB, MT US","  18.4","24","  16.4","22","1036.0","23","907.6","24","  7.8","24","  7.1","24"," 15.9","999.9","  44.8"," ","   9.7"," "," 0.01","G","  1.2","011000"
"72775524112","2019-11-07","47.51667","-111.18333","1058.3","MALMSTROM AFB, MT US","  25.3","24","  19.7","22","1031.5","23","902.9","24"," 10.0","24","  8.7","24"," 17.1","999.9","  47.3"," ","   6.4"," "," 0.00","G","999.9","000000"
"72775524112","2019-11-08","47.51667","-111.18333","1058.3","MALMSTROM AFB, MT US","  47.5","24","  21.8","24","1020.8","24","897.2","24"," 10.0","24"," 17.3","24"," 26.0"," 33.0","  60.8","*","  35.4","*"," 0.00","I","999.9","000000"
"72775524112","2019-11-09","47.51667","-111.18333","1058.3","MALMSTROM AFB, MT US","  50.9","24","  24.5","24","1017.3","24","895.3","24"," 10.0","24"," 13.7","24"," 24.1","999.9","  62.1"," ","  32.0"," "," 0.00","I","999.9","000000"
"72775524112","2019-11-10","47.51667","-111.18333","1058.3","MALMSTROM AFB, MT US","  19.5","24","  16.4","21","1030.7","24","903.8","24","  5.0","24","  9.1","24"," 11.1","999.9","  32.0","*","  10.0","*","99.99"," ","  1.2","011000"
"72775524112","2019-11-11","47.51667","-111.18333","1058.3","MALMSTROM AFB, MT US","   7.3","24","   2.9","24","1043.9","24","910.3","24","  9.0","24","  6.3","24"," 17.1","999.9","  34.0"," ","  -6.7"," ","99.99"," ","  1.2","001000"
"72775524112","2019-11-12","47.51667","-111.18333","1058.3","MALMSTROM AFB, MT US","  39.2","24","  21.6","24","1018.6","24","893.9","24"," 10.0","24"," 15.5","24"," 22.9","999.9","  48.0","*","  29.7","*","99.99"," ","999.9","010000"
"72775524112","2019-11-13","47.51667","-111.18333","1058.3","MALMSTROM AFB, MT US","  38.6","24","  32.5","24","1018.8","24","895.1","24"," 10.0","24","  6.1","24"," 11.1","999.9","  49.6"," ","  30.9"," "," 0.13","G","999.9","010000"
"72775524112","2019-11-14","47.51667","-111.18333","1058.3","MALMSTROM AFB, MT US","  35.3","24","  27.9","24","1022.2","24","897.8","24"," 10.0","24","  6.6","24"," 12.0","999.9","  52.5"," ","  25.5"," "," 0.00","G","999.9","000000"
"72775524112","2019-11-15","47.51667","-111.18333","1058.3","MALMSTROM AFB, MT US","  44.5","24","  26.7","24","1015.9","24","892.8","24"," 10.0","24"," 12.9","24"," 20.0"," 26.0","  61.7"," ","  25.5"," "," 0.00","I","999.9","000000"
"72775524112","2019-11-16","47.51667","-111.18333","1058.3","MALMSTROM AFB, MT US","  45.2","24","  29.5","24","1019.4","24","896.4","24"," 10.0","24"," 10.8","24"," 21.0"," 25.1","  61.7"," ","  32.5"," ","99.99"," ","999.9","010000"
"72775524112","2019-11-17","47.51667","-111.18333","1058.3","MALMSTROM AFB, MT US","  46.5","23","  30.7","23","1016.3","23","893.5","23"," 10.0","23"," 20.2","23"," 32.1"," 38.1","  55.4","*","  34.7","*","99.99"," ","999.9","010000"
"72775524112","2019-11-18","47.51667","-111.18333","1058.3","MALMSTROM AFB, MT US","  51.6","23","  33.0","23","1013.2","20","891.2","23"," 10.0","23"," 18.6","23"," 27.0"," 33.0","  54.9"," ","  42.3"," "," 0.00","I","999.9","000000"
"72775524112","2019-11-19","47.51667","-111.18333","1058.3","MALMSTROM AFB, MT US","  37.9","24","  32.3","24","1007.7","24","888.8"," 8","  9.7","24","  4.0","24"," 11.1","999.9","  54.0"," ","  32.0"," "," 0.06","A","999.9","011000"
"72775524112","2019-11-20","47.51667","-111.18333","1058.3","MALMSTROM AFB, MT US","  28.9","24","  28.5","20","1020.6","24","895.8","24","  5.5","24","  7.2","24"," 13.0","999.9","  38.1"," ","  26.4"," "," 0.17","G","  1.2","011000"
"72775524112","2019-11-21","47.51667","-111.18333","1058.3","MALMSTROM AFB, MT US","  21.2","22","  18.4","21","1023.8","22","999.9"," 0"," 10.0","22","  4.2","22","  9.9","999.9","  32.2"," ","  11.7"," "," 0.01","G","  1.2","000000"
"72775524112","2019-11-22","47.51667","-111.18333","1058.3","MALMSTROM AFB, MT US","  32.6","20","  23.1","20","1017.4","19","999.9"," 0"," 10.0","20"," 10.8","20"," 19.0","999.9","  48.7","*","  21.4","*"," 0.00","G","  1.2","000000"
"72775524112","2019-11-23","47.51667","-111.18333","1058.3","MALMSTROM AFB, MT US","  42.7","21","  20.7","21","1017.3","21","893.7","12"," 10.0","21"," 19.7","21"," 28.9"," 35.0","  48.9"," ","  27.0"," "," 0.00","I","999.9","000000"
"72775524112","2019-11-24","47.51667","-111.18333","1058.3","MALMSTROM AFB, MT US","  46.5","24","  21.7","24","1009.2","24","890.8"," 7"," 10.0","24"," 22.2","24"," 29.9"," 41.0","  50.5"," ","  36.9"," "," 0.00","I","999.9","000000"
"72775524112","2019-11-25","47.51667","-111.18333","1058.3","MALMSTROM AFB, MT US","  32.1","24","  20.4","24","1012.7","24","999.9"," 0"," 10.0","24","  6.1","24"," 15.0"," 20.0","  50.5"," ","  24.6"," ","99.99"," ","999.9","001000"
"72775524112","2019-11-26","47.51667","-111.18333","1058.3","MALMSTROM AFB, MT US","  25.5","20","  24.4","20","1015.3","20","999.9"," 0","  9.0","20","  3.4","20","  8.0","999.9","  35.1"," ","  22.8"," "," 0.01","A","999.9","011000"
"72775524112","2019-11-27","47.51667","-111.18333","1058.3","MALMSTROM AFB, MT US","  21.6","24","  20.1","21","1016.4","24","999.9"," 0","  9.0","24","  7.6","24"," 14.0"," 19.0","  27.7"," ","  14.9"," ","99.99"," ","999.9","101000"
"72775524112","2019-11-28","47.51667","-111.18333","1058.3","MALMSTROM AFB, MT US","  11.2","24","   9.5","24","1022.9","24","894.3"," 6","  2.1","24","  7.9","24"," 13.0","999.9","  26.8"," ","   8.6"," "," 0.03","B","999.9","001000"
"72775524112","2019-11-29","47.51667","-111.18333","1058.3","MALMSTROM AFB, MT US","  -1.7","24","  -4.1","24","1026.4","24","893.4","24","  7.1","24","  3.8","24","  8.0","999.9","  13.1"," "," -16.1"," "," 0.01","A","999.9","001000"
"72775524112","2019-11-30","47.51667","-111.18333","1058.3","MALMSTROM AFB, MT US","   7.9","24","   5.5","24","1027.4","24","893.0"," 7","  6.3","24","  6.0","24","  9.9","999.9","  11.8","*","   5.0","*"," 0.04","C","999.9","001000"
"72775524112","2019-12-01","47.51667","-111.18333","1058.3","MALMSTROM AFB, MT US","  22.2","24","  14.5","24","1021.6","24","893.7","24"," 10.0","24"," 17.0","24"," 26.0","999.9","  32.9"," ","   3.2"," "," 0.01","A","999.9","001000"
"72775524112","2019-12-02","47.51667","-111.18333","1058.3","MALMSTROM AFB, MT US","  34.8","24","  27.1","24","1015.5","24","891.5","24"," 10.0","24"," 19.8","24"," 28.0"," 33.0","  39.2"," ","  19.0"," "," 0.00","I","999.9","000000"
"72775524112","2019-12-03","47.51667","-111.18333","1058.3","MALMSTROM AFB, MT US","  39.4","24","  29.0","24","1014.8","24","891.5","24"," 10.0","24"," 21.5","24"," 27.0"," 31.1","  43.3"," ","  29.7"," "," 0.00","I","999.9","000000"
"72775524112","2019-12-04","47.51667","-111.18333","1058.3","MALMSTROM AFB, MT US","  41.4","21","  29.1","21","1012.8","21","889.8","17"," 10.0","21"," 18.0","21"," 24.1","999.9","  44.1"," ","  36.7"," "," 0.00","I","999.9","000000"
"72775524112","2019-12-05","47.51667","-111.18333","1058.3","MALMSTROM AFB, MT US","  31.6","23","  26.5","23","1018.3","23","894.2","23"," 10.0","23","  5.8","23"," 15.9","999.9","  44.1"," ","  26.2"," ","99.99"," ","999.9","001000"
"72775524112","2019-12-06","47.51667","-111.18333","1058.3","MALMSTROM AFB, MT US","  35.8","23","  27.0","23","1019.4","21","895.2","23"," 10.0","23","  9.1","23"," 15.0","999.9","  47.8"," ","  25.2"," "," 0.00","I","999.9","000000"
"72775524112","2019-12-07","47.51667","-111.18333","1058.3","MALMSTROM AFB, MT US","  43.2","24","  27.3","24","1010.2","24","887.9","24"," 10.0","24"," 15.5","24"," 20.0","999.9","  51.8"," ","  28.0"," "," 0.00","I","999.9","000000"
"72775524112","2019-12-08","47.51667","-111.18333","1058.3","MALMSTROM AFB, MT US","  22.1","24","  18.5","24","1013.9","24","889.5","23","  6.8","24","  8.2","24"," 17.1"," 19.0","  51.8"," ","  -1.3"," ","99.99"," ","  1.2","001000"
"72775524112","2019-12-09","47.51667","-111.18333","1058.3","MALMSTROM AFB, MT US","  16.8","24","  12.2","24","1024.8","24","895.5","24"," 10.0","24","  7.6","24"," 14.0","999.9","  34.0"," ","  -5.1"," "," 0.01","A","999.9","000000"
"72775524112","2019-12-10","47.51667","-111.18333","1058.3","MALMSTROM AFB, MT US","  24.1","24","  20.3","22","1023.8","24","896.8","24"," 10.0","24","  8.8","24"," 17.1","999.9","  37.9"," ","   5.9"," ","99.99"," ","999.9","001000"
"72775524112","2019-12-11","47.51667","-111.18333","1058.3","MALMSTROM AFB, MT US","  33.1","24","  24.7","23","1015.9","23","891.7","24"," 10.0","24"," 11.3","24"," 22.0"," 27.0","  41.4"," ","  11.3"," "," 0.00","I","999.9","000000"
"72775524112","2019-12-12","47.51667","-111.18333","1058.3","MALMSTROM AFB, MT US","  36.9","23","  26.3","23","1011.9","23","889.1","17"," 10.0","23"," 12.1","23"," 26.0"," 32.1","  45.7"," ","  25.9"," "," 0.00","I","999.9","000000"
"72775524112","2019-12-13","47.51667","-111.18333","1058.3","MALMSTROM AFB, MT US","  26.9","24","  21.9","23","1014.8","24","890.1","19","  7.4","24","  7.3","24"," 15.9"," 22.9","  45.7"," ","  14.0"," "," 0.07","G","999.9","011000"
"72775524112","2019-12-14","47.51667","-111.18333","1058.3","MALMSTROM AFB, MT US","  17.1","24","  16.1","23","1017.2","24","889.2","17","  7.1","24","  0.7","24","  5.1","999.9","  38.3"," ","  10.8"," "," 0.02","G","999.9","011000"
"72775524112","2019-12-15","47.51667","-111.18333","1058.3","MALMSTROM AFB, MT US","  24.8","23","  21.2","22","1015.0","23","889.4","19","  9.6","23","  3.4","23","  8.0","999.9","  31.5"," ","  10.8"," "," 0.00","G","999.9","001000"
"72775524112","2019-12-16","47.51667","-111.18333","1058.3","MALMSTROM AFB, MT US","  24.2","24","  14.3","24","1023.0","24","896.4","20"," 10.0","24"," 10.7","24"," 21.0"," 26.0","  33.8"," ","  16.7"," "," 0.00","I","999.9","000000"
"72775524112","2019-12-17","47.51667","-111.18333","1058.3","MALMSTROM AFB, MT US","  35.3","21","  14.1","21","1023.4","21","898.4","21"," 10.0","21"," 22.2","21"," 31.1"," 36.9","  44.2"," ","  17.1"," "," 0.00","I","999.9","000000"
"72775524112","2019-12-18","47.51667","-111.18333","1058.3","MALMSTROM AFB, MT US","  39.5","24","   6.1","24","1015.5","24","892.2","24"," 10.0","24"," 19.9","24"," 36.9"," 42.9","  45.9"," ","  32.4"," "," 0.00","I","999.9","000000"
"72775524112","2019-12-19","47.51667","-111.18333","1058.3","MALMSTROM AFB, MT US","  35.6","24","  14.5","24","1012.0","24","888.9","24"," 10.0","24"," 12.3","24"," 25.1"," 32.1","  45.9"," ","  25.7"," "," 0.00","I","999.9","000000"
"72775524112","2019-12-20","47.51667","-111.18333","1058.3","MALMSTROM AFB, MT US","  44.7","24","  24.8","24","1013.0","24","890.2","24"," 10.0","24"," 18.1","24"," 27.0"," 29.9","  55.9"," ","  25.7"," "," 0.00","I","999.9","000000"
"72775524112","2019-12-21","47.51667","-111.18333","1058.3","MALMSTROM AFB, MT US","  49.2","24","  20.5","24","1011.1","24","889.2","24"," 10.0","24"," 22.2","24"," 28.9"," 35.0","  58.1"," ","  41.2"," "," 0.00","I","999.9","000000"
"72775524112","2019-12-22","47.51667","-111.18333","1058.3","MALMSTROM AFB, MT US","  44.9","24","  20.2","24","1009.5","24","887.7","24"," 10.0","24"," 12.8","24"," 22.0","999.9","  58.1"," ","  31.3"," "," 0.00","I","999.9","000000"
"72775524112","2019-12-23","47.51667","-111.18333","1058.3","MALMSTROM AFB, MT US","  28.9","24","  25.5","14","1011.5","24","887.7","24","  7.8","24","  3.3","24","  8.9","999.9","  48.9","*","  19.4","*"," 0.00","I","999.9","100000"
"72775524112","2019-12-24","47.51667","-111.18333","1058.3","MALMSTROM AFB, MT US","  27.2","21","9999.9"," 0","1011.7","21","887.3","21","  3.9","21","  3.1","21","  7.0","999.9","  31.6"," ","  25.5"," "," 0.01","A","999.9","111000"
"72775524112","2019-12-25","47.51667","-111.18333","1058.3","MALMSTROM AFB, MT US","  25.8","24","  23.6","14","1012.5","24","887.5","24","  6.0","24","  2.4","24","  5.1","999.9","  31.6"," ","  14.7"," "," 0.00","I","999.9","100000"
"72775524112","2019-12-26","47.51667","-111.18333","1058.3","MALMSTROM AFB, MT US","  27.0","24","  20.1","24","1020.3","24","894.5","24"," 10.0","24","  5.9","24"," 15.0","999.9","  34.9"," ","  14.7"," "," 0.00","I","999.9","000000"
"72775524112","2019-12-27","47.51667","-111.18333","1058.3","MALMSTROM AFB, MT US","  27.2","24","  12.9","24","1016.9","24","891.6","24"," 10.0","24"," 15.8","24"," 20.0"," 24.1","  34.9"," ","  16.2"," "," 0.00","I","999.9","000000"
"72775524112","2019-12-28","47.51667","-111.18333","1058.3","MALMSTROM AFB, MT US","  27.6","24","  15.5","24","1021.8","24","896.1","24"," 10.0","24","  6.5","24"," 15.0","999.9","  34.0"," ","  20.1"," "," 0.00","I","999.9","000000"
"72775524112","2019-12-29","47.51667","-111.18333","1058.3","MALMSTROM AFB, MT US","  20.7","23","  12.6","23","1023.3","23","896.1","23"," 10.0","23","  5.4","23"," 11.1","999.9","  33.8"," ","  10.4"," "," 0.00","I","999.9","000000"
"72775524112","2019-12-30","47.51667","-111.18333","1058.3","MALMSTROM AFB, MT US","  23.2","24","  15.5","24","1025.8","24","898.5","23"," 10.0","24","  9.4","24"," 20.0","999.9","  38.1"," ","  10.4"," "," 0.00","I","999.9","000000"
"72775524112","2019-12-31","47.51667","-111.18333","1058.3","MALMSTROM AFB, MT US","  36.2","23","  23.0","23","1013.3","23","890.3","21"," 10.0","23"," 22.8","23"," 31.1"," 36.9","  42.8"," ","  28.9"," "," 0.00","I","999.9","000000"
"72775524112","2020-01-01","47.51667","-111.18333","1058.3","MALMSTROM AFB, MT US","  42.5"," 7","  28.3"," 7"," 999.7"," 7","999.9"," 0"," 10.0"," 7"," 22.9"," 7"," 27.0"," 39.0","  44.2"," ","  32.7"," "," 0.00","I","999.9","000000"
