"STATION","DATE","LATITUDE","LONGITUDE","ELEVATION","NAME","TEMP","TEMP_ATTRIBUTES","DEWP","DEWP_ATTRIBUTES","SLP","SLP_ATTRIBUTES","STP","STP_ATTRIBUTES","VISIB","VISIB_ATTRIBUTES","WDSP","WDSP_ATTRIBUTES","MXSPD","GUST","MAX","MAX_ATTRIBUTES","MIN","MIN_ATTRIBUTES","PRCP","PRCP_ATTRIBUTES","SNDP","FRSHTT"
"74465853889","2019-01-01","38.66472","-88.45278","143.9","FLORA MUNICIPAL AIRPORT, IL US","  42.2","24","  38.5","24","9999.9"," 0","003.5","24","  7.8","24","  8.9","24"," 19.0"," 27.0","  51.4"," ","  38.3"," "," 0.67","G","999.9","000000"
"74465853889","2019-01-02","38.66472","-88.45278","143.9","FLORA MUNICIPAL AIRPORT, IL US","  36.6","24","  33.2","24","9999.9"," 0","007.4","24","  8.5","24","  5.2","24"," 11.1","999.9","  38.3"," ","  34.7"," ","99.99"," ","999.9","010000"
"74465853889","2019-01-03","38.66472","-88.45278","143.9","FLORA MUNICIPAL AIRPORT, IL US","  34.1","24","  28.8","24","9999.9"," 0","003.5","24","  9.9","24","  3.3","24","  8.9","999.9","  42.6"," ","  26.4"," "," 0.00","I","999.9","000000"
"74465853889","2019-01-04","38.66472","-88.45278","143.9","FLORA MUNICIPAL AIRPORT, IL US","  34.1","24","  31.2","24","9999.9"," 0","994.7","24","  6.9","24","  4.0","24","  9.9","999.9","  40.1"," ","  28.6"," "," 0.46","B","999.9","011000"
"74465853889","2019-01-05","38.66472","-88.45278","143.9","FLORA MUNICIPAL AIRPORT, IL US","  42.4","24","  34.8","24","9999.9"," 0","995.2","24"," 10.0","24","  4.9","24","  9.9","999.9","  56.8"," ","  33.3"," "," 0.00","I","999.9","000000"
"74465853889","2019-01-06","38.66472","-88.45278","143.9","FLORA MUNICIPAL AIRPORT, IL US","  42.0","24","  39.2","24","9999.9"," 0","002.6","24","  7.4","24","  3.2","24","  8.0","999.9","  55.0"," ","  32.0"," "," 0.00","I","999.9","100000"
"74465853889","2019-01-07","38.66472","-88.45278","143.9","FLORA MUNICIPAL AIRPORT, IL US","  53.3","24","  48.0","24","9999.9"," 0","996.7","24"," 10.0","24"," 11.5","24"," 21.0"," 26.0","  58.1"," ","  49.6"," "," 0.02","A","999.9","010000"
"74465853889","2019-01-08","38.66472","-88.45278","143.9","FLORA MUNICIPAL AIRPORT, IL US","  53.7","24","  47.0","24","9999.9"," 0","997.1","24","  8.9","24"," 12.5","24"," 24.1"," 35.0","  58.5"," ","  45.5"," "," 0.01","A","999.9","000000"
"74465853889","2019-01-09","38.66472","-88.45278","143.9","FLORA MUNICIPAL AIRPORT, IL US","  36.6","24","  21.9","24","9999.9"," 0","007.7","24"," 10.0","24"," 14.1","24"," 19.0"," 29.9","  46.4"," ","  30.2"," "," 0.00","I","999.9","000000"
"74465853889","2019-01-10","38.66472","-88.45278","143.9","FLORA MUNICIPAL AIRPORT, IL US","  28.5","12","  16.7","12","9999.9"," 0","012.2"," 8"," 10.0","12","  3.4","12"," 11.1"," 15.9","  30.4","*","  25.2","*"," 0.00","I","999.9","000000"
"74465853889","2019-01-11","38.66472","-88.45278","143.9","FLORA MUNICIPAL AIRPORT, IL US","  27.1","24","  20.9","24","9999.9"," 0","010.8","24"," 10.0","24","  3.2","24","  8.9","999.9","  33.1"," ","  21.9"," "," 0.00","I","999.9","000000"
"74465853889","2019-01-12","38.66472","-88.45278","143.9","FLORA MUNICIPAL AIRPORT, IL US","  32.8","24","  31.2","24","9999.9"," 0","005.7","24","  3.1","24","  6.1","24"," 12.0"," 15.0","  36.1"," ","  30.0"," "," 0.14","G","999.9","011000"
"74465853889","2019-01-13","38.66472","-88.45278","143.9","FLORA MUNICIPAL AIRPORT, IL US","  34.6","24","  32.7","24","9999.9"," 0","004.2","24","  6.7","24","  8.7","24"," 12.0"," 17.1","  36.1"," ","  31.5"," "," 0.33","G","999.9","011000"
"74465853889","2019-01-14","38.66472","-88.45278","143.9","FLORA MUNICIPAL AIRPORT, IL US","  28.6","24","  24.5","24","9999.9"," 0","011.8","24","  7.2","24","  5.7","24"," 12.0","999.9","  33.1"," ","  22.5"," "," 0.00","G","999.9","000000"
"74465853889","2019-01-15","38.66472","-88.45278","143.9","FLORA MUNICIPAL AIRPORT, IL US","  32.2","24","  28.9","24","9999.9"," 0","009.2","24","  8.2","24","  5.4","24"," 12.0"," 14.0","  33.8"," ","  31.6"," "," 0.00","I","999.9","000000"
"74465853889","2019-01-16","38.66472","-88.45278","143.9","FLORA MUNICIPAL AIRPORT, IL US","  36.0","24","  33.9","24","9999.9"," 0","006.2","24","  6.4","24","  5.1","24","  8.9","999.9","  38.3"," ","  33.8"," "," 0.00","I","999.9","000000"
"74465853889","2019-01-17","38.66472","-88.45278","143.9","FLORA MUNICIPAL AIRPORT, IL US","  40.2","24","  38.3","24","9999.9"," 0","002.2","24","  5.9","24","  4.6","24"," 11.1","999.9","  43.9"," ","  37.4"," "," 0.05","G","999.9","010000"
"74465853889","2019-01-18","38.66472","-88.45278","143.9","FLORA MUNICIPAL AIRPORT, IL US","  36.5","24","  33.3","24","9999.9"," 0","003.3","24","  8.5","24","  4.9","24"," 12.0","999.9","  41.0"," ","  32.5"," "," 0.04","G","999.9","000000"
"74465853889","2019-01-19","38.66472","-88.45278","143.9","FLORA MUNICIPAL AIRPORT, IL US","  37.4","24","  35.8","24","9999.9"," 0","991.9","24","  4.4","24"," 11.8","24"," 24.1"," 32.1","  41.4"," ","  28.9"," "," 0.97","G","999.9","011000"
"74465853889","2019-01-20","38.66472","-88.45278","143.9","FLORA MUNICIPAL AIRPORT, IL US","  22.6","24","  15.7","24","9999.9"," 0","004.1","24","  8.7","19"," 11.0","24"," 28.0"," 39.0","  30.0"," ","  15.8"," "," 0.13","G","999.9","001000"
"74465853889","2019-01-21","38.66472","-88.45278","143.9","FLORA MUNICIPAL AIRPORT, IL US","  16.3","24","   9.7","24","9999.9"," 0","014.7","24"," 10.0","24","  6.7","24"," 15.0"," 18.1","  23.2"," ","   8.8"," "," 0.00","G","999.9","001000"
"74465853889","2019-01-22","38.66472","-88.45278","143.9","FLORA MUNICIPAL AIRPORT, IL US","  29.1","24","  19.6","24","9999.9"," 0","006.7","24"," 10.0","24"," 12.8","24"," 18.1"," 24.1","  41.0"," ","  22.6"," "," 0.00","I","999.9","000000"
"74465853889","2019-01-23","38.66472","-88.45278","143.9","FLORA MUNICIPAL AIRPORT, IL US","  40.5","24","  37.8","24","9999.9"," 0","993.8","24","  8.4","24"," 13.0","24"," 20.0"," 31.1","  50.4"," ","  28.4"," "," 0.57","G","999.9","010000"
"74465853889","2019-01-24","38.66472","-88.45278","143.9","FLORA MUNICIPAL AIRPORT, IL US","  26.5","24","  20.9","24","9999.9"," 0","998.0","24"," 10.0","24","  9.2","24"," 15.9"," 21.0","  31.3"," ","  22.5"," "," 0.11","G","999.9","000000"
"74465853889","2019-01-25","38.66472","-88.45278","143.9","FLORA MUNICIPAL AIRPORT, IL US","  19.6","24","   7.9","24","9999.9"," 0","008.6","24"," 10.0","24","  9.8","24"," 17.1"," 21.0","  30.2"," ","  11.5"," "," 0.00","G","999.9","000000"
"74465853889","2019-01-26","38.66472","-88.45278","143.9","FLORA MUNICIPAL AIRPORT, IL US","  29.3","24","  22.5","24","9999.9"," 0","003.9","24","  8.6","24","  6.1","24","  9.9"," 14.0","  37.0"," ","  23.7"," ","99.99"," ","999.9","001000"
"74465853889","2019-01-27","38.66472","-88.45278","143.9","FLORA MUNICIPAL AIRPORT, IL US","  28.8","24","  22.3","24","9999.9"," 0","002.0","24","  9.8","24","  7.1","24"," 14.0"," 18.1","  38.7"," ","  17.8"," ","99.99"," ","999.9","010000"
"74465853889","2019-01-28","38.66472","-88.45278","143.9","FLORA MUNICIPAL AIRPORT, IL US","  34.6","24","  28.5","24","9999.9"," 0","992.7","24","  9.2","24"," 10.6","24"," 19.0"," 28.9","  46.4"," ","  25.7"," "," 0.02","A","999.9","010000"
"74465853889","2019-01-29","38.66472","-88.45278","143.9","FLORA MUNICIPAL AIRPORT, IL US","  19.2","24","   8.6","24","9999.9"," 0","002.1","24","  9.8","24"," 13.5","24"," 25.1"," 29.9","  27.5"," ","  11.8"," ","99.99"," ","999.9","001000"
"74465853889","2019-01-30","38.66472","-88.45278","143.9","FLORA MUNICIPAL AIRPORT, IL US","   7.6","24","  -6.4","24","9999.9"," 0","008.4","24","  9.6","24"," 11.9","24"," 21.0"," 29.9","  21.6"," ","  -3.8"," ","99.99"," ","999.9","001000"
"74465853889","2019-01-31","38.66472","-88.45278","143.9","FLORA MUNICIPAL AIRPORT, IL US","  10.6","24","   2.4","24","9999.9"," 0","012.9","23","  9.1","24","  4.9","24"," 12.0","999.9","  21.2"," ","   6.3"," ","99.99"," ","999.9","001000"
"74465853889","2019-02-01","38.66472","-88.45278","143.9","FLORA MUNICIPAL AIRPORT, IL US","  28.0","24","  21.3","24","9999.9"," 0","007.1","24","  9.5","24","  3.6","24"," 11.1","999.9","  41.4"," ","  21.2"," "," 0.01","G","999.9","001000"
"74465853889","2019-02-02","38.66472","-88.45278","143.9","FLORA MUNICIPAL AIRPORT, IL US","  35.5","24","  33.3","24","9999.9"," 0","006.2","24","  5.4","24","  3.2","24"," 11.1"," 14.0","  53.2"," ","  25.5"," "," 0.00","G","999.9","110000"
"74465853889","2019-02-03","38.66472","-88.45278","143.9","FLORA MUNICIPAL AIRPORT, IL US","  46.3","24","  42.2","24","9999.9"," 0","998.5","24","  5.8","24","  6.3","24"," 11.1"," 19.0","  65.3"," ","  34.9"," "," 0.00","I","999.9","100000"
"74465853889","2019-02-04","38.66472","-88.45278","143.9","FLORA MUNICIPAL AIRPORT, IL US","  52.3","24","  49.8","24","9999.9"," 0","993.4","24","  8.2","24","  8.0","24"," 13.0"," 20.0","  61.0"," ","  44.2"," "," 0.00","I","999.9","000000"
"74465853889","2019-02-05","38.66472","-88.45278","143.9","FLORA MUNICIPAL AIRPORT, IL US","  37.6","24","  36.2","24","9999.9"," 0","999.8","24","  5.3","24","  6.6","24"," 13.0"," 15.9","  56.7"," ","  32.0"," ","99.99"," ","999.9","010000"
"74465853889","2019-02-06","38.66472","-88.45278","143.9","FLORA MUNICIPAL AIRPORT, IL US","  40.2","24","  39.7","24","9999.9"," 0","996.0","24","  3.8","24","  1.9","24","  8.9"," 15.9","  44.6"," ","  37.8"," "," 0.61","G","999.9","110010"
"74465853889","2019-02-07","38.66472","-88.45278","143.9","FLORA MUNICIPAL AIRPORT, IL US","  45.1","24","  44.7","24","9999.9"," 0","992.8","24","  3.4","24","  7.3","24"," 24.1"," 35.0","  59.4"," ","  32.4"," "," 0.69","G","999.9","110010"
"74465853889","2019-02-08","38.66472","-88.45278","143.9","FLORA MUNICIPAL AIRPORT, IL US","  22.5","24","  13.1","24","9999.9"," 0","013.7","24"," 10.0","24"," 13.8","24"," 21.0"," 29.9","  32.4"," ","  17.6"," "," 1.04","G","999.9","000000"
"74465853889","2019-02-09","38.66472","-88.45278","143.9","FLORA MUNICIPAL AIRPORT, IL US","  21.6","24","  11.2","24","9999.9"," 0","025.7","24"," 10.0","24","  6.3","24","  9.9","999.9","  32.0"," ","  15.8"," "," 0.00","G","999.9","000000"
"74465853889","2019-02-10","38.66472","-88.45278","143.9","FLORA MUNICIPAL AIRPORT, IL US","  29.7","24","  24.6","24","9999.9"," 0","013.6","24","  7.6","24","  5.8","24","  8.9","999.9","  36.7"," ","  24.6"," "," 0.08","A","999.9","011000"
"74465853889","2019-02-11","38.66472","-88.45278","143.9","FLORA MUNICIPAL AIRPORT, IL US","  36.4","24","  36.0","24","9999.9"," 0","001.7","24","  1.9","24","  3.4","24","  8.0","999.9","  40.1"," ","  34.7"," "," 0.20","C","999.9","110000"
"74465853889","2019-02-12","38.66472","-88.45278","143.9","FLORA MUNICIPAL AIRPORT, IL US","  41.1","24","  39.3","24","9999.9"," 0","990.5","24","  6.4","24"," 10.4","24"," 24.1"," 34.0","  48.4"," ","  33.8"," "," 0.24","C","999.9","110000"
"74465853889","2019-02-13","38.66472","-88.45278","143.9","FLORA MUNICIPAL AIRPORT, IL US","  32.8","24","  20.5","24","9999.9"," 0","001.8","24"," 10.0","24"," 10.4","24"," 20.0"," 28.9","  41.5"," ","  27.3"," "," 0.00","I","999.9","000000"
"74465853889","2019-02-14","38.66472","-88.45278","143.9","FLORA MUNICIPAL AIRPORT, IL US","  42.6","24","  35.2","24","9999.9"," 0","992.3","24"," 10.0","24"," 10.6","24"," 25.1"," 34.0","  56.5"," ","  35.6"," "," 0.00","I","999.9","000000"
"74465853889","2019-02-15","38.66472","-88.45278","143.9","FLORA MUNICIPAL AIRPORT, IL US","  34.2","24","  28.0","24","9999.9"," 0","994.7","24","  9.4","24"," 10.9","24"," 19.0"," 24.1","  53.1"," ","  24.6"," ","99.99"," ","999.9","001000"
"74465853889","2019-02-16","38.66472","-88.45278","143.9","FLORA MUNICIPAL AIRPORT, IL US","  27.9","24","  20.2","24","9999.9"," 0","000.0","24"," 10.0","24","  8.0","24"," 13.0"," 17.1","  37.2"," ","  23.7"," ","99.99"," ","999.9","001000"
"74465853889","2019-02-17","38.66472","-88.45278","143.9","FLORA MUNICIPAL AIRPORT, IL US","  33.8","24","  28.3","24","9999.9"," 0","993.1","24","  8.9","24","  6.2","24"," 13.0"," 15.9","  37.9"," ","  32.2"," "," 0.00","I","999.9","000000"
"74465853889","2019-02-18","38.66472","-88.45278","143.9","FLORA MUNICIPAL AIRPORT, IL US","  32.5","24","  26.3","24","9999.9"," 0","005.1","24","  9.8","24"," 10.4","24"," 15.0"," 20.0","  35.6"," ","  30.2"," ","99.99"," ","999.9","001000"
"74465853889","2019-02-19","38.66472","-88.45278","143.9","FLORA MUNICIPAL AIRPORT, IL US","  30.4","24","  23.5","24","9999.9"," 0","017.0","24","  9.9","24","  5.1","24"," 12.0"," 15.9","  36.0"," ","  23.9"," "," 0.00","I","999.9","000000"
"74465853889","2019-02-20","38.66472","-88.45278","143.9","FLORA MUNICIPAL AIRPORT, IL US","  37.5","24","  34.6","24","9999.9"," 0","998.3","24","  6.2","24","  6.9","24"," 14.0"," 20.0","  46.6"," ","  33.1"," "," 0.41","G","999.9","111000"
"74465853889","2019-02-21","38.66472","-88.45278","143.9","FLORA MUNICIPAL AIRPORT, IL US","  38.0","24","  30.8","24","9999.9"," 0","003.5","24","  9.3","24","  4.1","24","  8.9","999.9","  45.5"," ","  28.2"," "," 0.00","G","999.9","000000"
"74465853889","2019-02-22","38.66472","-88.45278","143.9","FLORA MUNICIPAL AIRPORT, IL US","  38.1","24","  30.9","24","9999.9"," 0","008.9","24","  9.4","24","  6.8","24"," 11.1"," 15.0","  44.6"," ","  33.8"," "," 0.00","I","999.9","000000"
"74465853889","2019-02-23","38.66472","-88.45278","143.9","FLORA MUNICIPAL AIRPORT, IL US","  46.3","24","  41.6","24","9999.9"," 0","998.6","24","  8.6","24","  6.6","24"," 14.0"," 15.9","  58.5"," ","  42.1"," "," 0.02","A","999.9","010000"
"74465853889","2019-02-24","38.66472","-88.45278","143.9","FLORA MUNICIPAL AIRPORT, IL US","  47.8","24","  37.3","24","9999.9"," 0","991.3","24"," 10.0","24"," 19.1","24"," 32.1"," 42.9","  60.3"," ","  37.0"," "," 0.00","I","999.9","000000"
"74465853889","2019-02-25","38.66472","-88.45278","143.9","FLORA MUNICIPAL AIRPORT, IL US","  31.3","24","  16.9","24","9999.9"," 0","012.7","24"," 10.0","24","  7.5","24"," 17.1"," 21.0","  40.1"," ","  23.5"," "," 0.00","I","999.9","000000"
"74465853889","2019-02-26","38.66472","-88.45278","143.9","FLORA MUNICIPAL AIRPORT, IL US","  36.3","24","  25.0","24","9999.9"," 0","010.6","24"," 10.0","24","  4.0","24","  8.0","999.9","  53.4"," ","  28.2"," "," 0.00","I","999.9","000000"
"74465853889","2019-02-27","38.66472","-88.45278","143.9","FLORA MUNICIPAL AIRPORT, IL US","  40.5","24","  33.0","24","9999.9"," 0","003.7","24"," 10.0","24","  4.8","24"," 13.0"," 18.1","  51.8"," ","  32.2"," "," 0.00","I","999.9","000000"
"74465853889","2019-02-28","38.66472","-88.45278","143.9","FLORA MUNICIPAL AIRPORT, IL US","  30.4","21","  25.8","21","9999.9"," 0","005.1","19","  8.4","21","  7.8","21"," 11.1"," 15.9","  36.5"," ","  26.6"," ","99.99"," ","999.9","001000"
"74465853889","2019-03-01","38.66472","-88.45278","143.9","FLORA MUNICIPAL AIRPORT, IL US","  35.0","24","  29.5","24","9999.9"," 0","002.6","18","  9.3","24","  4.0","24","  8.0","999.9","  44.2"," ","  31.5"," "," 0.00","I","999.9","000000"
"74465853889","2019-03-02","38.66472","-88.45278","143.9","FLORA MUNICIPAL AIRPORT, IL US","  39.4","24","  31.8","24","9999.9"," 0","004.8","24","  9.3","24","  5.3","24","  9.9"," 14.0","  43.7"," ","  35.6"," "," 0.00","I","999.9","000000"
"74465853889","2019-03-03","38.66472","-88.45278","143.9","FLORA MUNICIPAL AIRPORT, IL US","  31.5","24","  25.7","24","9999.9"," 0","004.6","24","  7.4","24","  9.2","24"," 18.1"," 24.1","  35.6"," ","  23.0"," ","99.99"," ","999.9","001000"
"74465853889","2019-03-04","38.66472","-88.45278","143.9","FLORA MUNICIPAL AIRPORT, IL US","  12.4","24","   2.3","24","9999.9"," 0","009.6","24"," 10.0","24"," 10.0","24"," 14.0"," 22.9","  23.0"," ","   5.4"," "," 0.00","I","999.9","000000"
"74465853889","2019-03-05","38.66472","-88.45278","143.9","FLORA MUNICIPAL AIRPORT, IL US","  14.5","24","   5.4","24","9999.9"," 0","008.5","24"," 10.0","24","  8.4","24"," 17.1"," 24.1","  23.9"," ","   6.1"," ","99.99"," ","999.9","001000"
"74465853889","2019-03-06","38.66472","-88.45278","143.9","FLORA MUNICIPAL AIRPORT, IL US","  21.9","24","   9.6","24","9999.9"," 0","012.6","18"," 10.0","24","  6.5","24"," 11.1"," 15.9","  33.1"," ","  13.6"," "," 0.00","I","999.9","000000"
"74465853889","2019-03-07","38.66472","-88.45278","143.9","FLORA MUNICIPAL AIRPORT, IL US","  32.9","24","  22.7","24","9999.9"," 0","010.3","24"," 10.0","24","  3.1","24","  9.9","999.9","  41.0"," ","  26.6"," "," 0.00","I","999.9","000000"
"74465853889","2019-03-08","38.66472","-88.45278","143.9","FLORA MUNICIPAL AIRPORT, IL US","  36.2","24","  32.4","24","9999.9"," 0","003.5","24","  7.8","24","  5.8","24","  8.9","999.9","  43.9"," ","  33.1"," ","99.99"," ","999.9","011000"
"74465853889","2019-03-09","38.66472","-88.45278","143.9","FLORA MUNICIPAL AIRPORT, IL US","  42.0","24","  40.0","24","9999.9"," 0","993.8","24","  6.0","24","  8.6","24"," 22.9"," 24.1","  63.9"," ","  37.4"," "," 0.96","B","999.9","010010"
"74465853889","2019-03-10","38.66472","-88.45278","143.9","FLORA MUNICIPAL AIRPORT, IL US","  47.3","24","  37.7","24","9999.9"," 0","995.9","24"," 10.0","24"," 15.1","24"," 27.0"," 36.9","  62.6"," ","  37.4"," "," 0.00","I","999.9","000000"
"74465853889","2019-03-11","38.66472","-88.45278","143.9","FLORA MUNICIPAL AIRPORT, IL US","  40.7","24","  30.4","24","9999.9"," 0","010.8","24"," 10.0","24","  3.6","24","  6.0","999.9","  50.7"," ","  31.8"," "," 0.00","I","999.9","000000"
"74465853889","2019-03-12","38.66472","-88.45278","143.9","FLORA MUNICIPAL AIRPORT, IL US","  41.2","24","  30.8","24","9999.9"," 0","011.0","24"," 10.0","24","  4.3","24"," 11.1"," 14.0","  51.4"," ","  31.1"," "," 0.00","I","999.9","000000"
"74465853889","2019-03-13","38.66472","-88.45278","143.9","FLORA MUNICIPAL AIRPORT, IL US","  52.3","24","  40.8","24","9999.9"," 0","998.4","24"," 10.0","24","  9.4","24"," 21.0"," 26.0","  69.1"," ","  43.7"," ","99.99"," ","999.9","010000"
"74465853889","2019-03-14","38.66472","-88.45278","143.9","FLORA MUNICIPAL AIRPORT, IL US","  63.9","24","  54.6","24","9999.9"," 0","985.3","24","  9.6","24"," 17.2","24"," 38.1"," 49.0","  71.6"," ","  55.6"," "," 0.42","G","999.9","010010"
"74465853889","2019-03-15","38.66472","-88.45278","143.9","FLORA MUNICIPAL AIRPORT, IL US","  46.2","24","  34.0","24","9999.9"," 0","998.1","24"," 10.0","24"," 15.2","24"," 26.0"," 33.0","  55.4"," ","  41.0"," "," 0.38","G","999.9","000000"
"74465853889","2019-03-16","38.66472","-88.45278","143.9","FLORA MUNICIPAL AIRPORT, IL US","  40.2","24","  26.9","24","9999.9"," 0","010.7","24"," 10.0","24","  6.4","24"," 11.1"," 15.0","  49.8"," ","  32.0"," "," 0.00","G","999.9","000000"
"74465853889","2019-03-17","38.66472","-88.45278","143.9","FLORA MUNICIPAL AIRPORT, IL US","  41.8","24","  30.5","24","9999.9"," 0","008.3","24"," 10.0","24","  6.2","24"," 17.1"," 22.9","  50.7"," ","  31.5"," "," 0.00","I","999.9","000000"
"74465853889","2019-03-18","38.66472","-88.45278","143.9","FLORA MUNICIPAL AIRPORT, IL US","  40.2","24","  27.7","24","9999.9"," 0","011.4","24"," 10.0","24","  3.5","24","  9.9"," 14.0","  51.3"," ","  27.5"," "," 0.00","I","999.9","000000"
"74465853889","2019-03-19","38.66472","-88.45278","143.9","FLORA MUNICIPAL AIRPORT, IL US","  41.0","24","  28.8","24","9999.9"," 0","012.5","24"," 10.0","24","  2.7","24","  9.9","999.9","  54.5"," ","  29.1"," "," 0.00","I","999.9","000000"
"74465853889","2019-03-20","38.66472","-88.45278","143.9","FLORA MUNICIPAL AIRPORT, IL US","  45.8","24","  35.4","24","9999.9"," 0","004.9","24"," 10.0","24","  6.9","24"," 13.0"," 15.9","  51.1"," ","  40.1"," "," 0.07","B","999.9","010000"
"74465853889","2019-03-21","38.66472","-88.45278","143.9","FLORA MUNICIPAL AIRPORT, IL US","  44.9","24","  39.2","24","9999.9"," 0","999.4","24","  9.6","24","  8.0","24"," 15.0"," 19.0","  49.6"," ","  39.6"," "," 0.00","I","999.9","000000"
"74465853889","2019-03-22","38.66472","-88.45278","143.9","FLORA MUNICIPAL AIRPORT, IL US","  45.9","24","  35.3","24","9999.9"," 0","001.7","24"," 10.0","24","  7.5","24"," 14.0"," 18.1","  57.9"," ","  35.6"," "," 0.00","I","999.9","000000"
"74465853889","2019-03-23","38.66472","-88.45278","143.9","FLORA MUNICIPAL AIRPORT, IL US","  44.0","24","  30.6","24","9999.9"," 0","007.9","24"," 10.0","24","  3.7","24","  8.9"," 14.0","  57.4"," ","  29.5"," "," 0.00","I","999.9","000000"
"74465853889","2019-03-24","38.66472","-88.45278","143.9","FLORA MUNICIPAL AIRPORT, IL US","  50.6","24","  41.8","24","9999.9"," 0","003.4","24"," 10.0","24","  4.9","24"," 12.0"," 14.0","  62.1"," ","  44.6"," "," 0.08","A","999.9","010000"
"74465853889","2019-03-25","38.66472","-88.45278","143.9","FLORA MUNICIPAL AIRPORT, IL US","  50.5","24","  47.7","24","9999.9"," 0","999.8","24","  7.9","24","  9.3","24"," 17.1"," 22.9","  58.5"," ","  44.1"," "," 0.74","G","999.9","010010"
"74465853889","2019-03-26","38.66472","-88.45278","143.9","FLORA MUNICIPAL AIRPORT, IL US","  42.9","24","  29.4","24","9999.9"," 0","010.4","24","  9.9","24","  6.5","24","  9.9"," 15.9","  52.2"," ","  32.4"," "," 0.00","G","999.9","000000"
"74465853889","2019-03-27","38.66472","-88.45278","143.9","FLORA MUNICIPAL AIRPORT, IL US","  43.3","24","  29.2","24","9999.9"," 0","010.6","24"," 10.0","24","  3.4","24"," 11.1"," 14.0","  59.9"," ","  29.7"," "," 0.00","I","999.9","000000"
"74465853889","2019-03-28","38.66472","-88.45278","143.9","FLORA MUNICIPAL AIRPORT, IL US","  55.2","24","  37.5","24","9999.9"," 0","003.9","24"," 10.0","24","  7.9","24"," 14.0"," 18.1","  73.4"," ","  46.4"," "," 0.00","I","999.9","000000"
"74465853889","2019-03-29","38.66472","-88.45278","143.9","FLORA MUNICIPAL AIRPORT, IL US","  59.5","24","  52.7","24","9999.9"," 0","000.2","20","  9.7","24","  6.4","24"," 14.0"," 19.0","  68.0"," ","  53.6"," "," 0.05","G","999.9","010000"
"74465853889","2019-03-30","38.66472","-88.45278","143.9","FLORA MUNICIPAL AIRPORT, IL US","  54.0","24","  51.9","24","9999.9"," 0","992.8","23","  7.5","24"," 11.2","24"," 22.0"," 28.9","  61.0"," ","  37.6"," "," 0.32","G","999.9","010010"
"74465853889","2019-03-31","38.66472","-88.45278","143.9","FLORA MUNICIPAL AIRPORT, IL US","  37.6","24","  26.9","24","9999.9"," 0","006.2","20"," 10.0","24","  9.6","24"," 15.0"," 21.0","  42.4"," ","  32.7"," "," 0.73","G","999.9","000000"
"74465853889","2019-04-01","38.66472","-88.45278","143.9","FLORA MUNICIPAL AIRPORT, IL US","  37.1","24","  27.5","24","9999.9"," 0","010.9","24"," 10.0","24","  3.2","24","  8.9"," 17.1","  50.0"," ","  27.1"," "," 0.00","G","999.9","000000"
"74465853889","2019-04-02","38.66472","-88.45278","143.9","FLORA MUNICIPAL AIRPORT, IL US","  45.0","24","  31.9","24","9999.9"," 0","003.6","24"," 10.0","24","  4.1","24"," 13.0"," 15.9","  61.9"," ","  30.9"," "," 0.00","I","999.9","000000"
"74465853889","2019-04-03","38.66472","-88.45278","143.9","FLORA MUNICIPAL AIRPORT, IL US","  51.7","24","  37.0","24","9999.9"," 0","006.1","24","  9.9","24","  4.5","24","  8.9","999.9","  64.6"," ","  39.6"," "," 0.00","I","999.9","000000"
"74465853889","2019-04-04","38.66472","-88.45278","143.9","FLORA MUNICIPAL AIRPORT, IL US","  57.3","24","  41.8","24","9999.9"," 0","005.0","24","  9.8","24","  6.1","24"," 13.0","999.9","  68.4"," ","  47.3"," "," 0.06","A","999.9","010000"
"74465853889","2019-04-05","38.66472","-88.45278","143.9","FLORA MUNICIPAL AIRPORT, IL US","  55.3","24","  52.9","24","9999.9"," 0","000.9","24","  6.1","24","  4.5","24","  9.9","999.9","  60.4"," ","  52.3"," "," 0.17","G","999.9","010000"
"74465853889","2019-04-06","38.66472","-88.45278","143.9","FLORA MUNICIPAL AIRPORT, IL US","  57.3","24","  51.2","24","9999.9"," 0","002.8","24","  7.5","24","  2.9","24"," 11.1"," 17.1","  70.9"," ","  44.8"," "," 0.00","G","999.9","100000"
"74465853889","2019-04-07","38.66472","-88.45278","143.9","FLORA MUNICIPAL AIRPORT, IL US","  64.1","24","  57.5","24","9999.9"," 0","997.3","24","  9.6","24","  7.7","24"," 19.0"," 22.9","  75.2"," ","  57.2"," "," 0.16","G","999.9","010000"
"74465853889","2019-04-08","38.66472","-88.45278","143.9","FLORA MUNICIPAL AIRPORT, IL US","  66.5","24","  60.1","24","9999.9"," 0","995.5","24","  9.9","24","  4.9","24"," 15.0"," 17.1","  75.9"," ","  58.5"," "," 0.16","G","999.9","010000"
"74465853889","2019-04-09","38.66472","-88.45278","143.9","FLORA MUNICIPAL AIRPORT, IL US","  63.7","24","  48.3","24","9999.9"," 0","994.6","24"," 10.0","24","  4.8","24"," 11.1"," 15.9","  73.0"," ","  52.3"," "," 0.00","G","999.9","000000"
"74465853889","2019-04-10","38.66472","-88.45278","143.9","FLORA MUNICIPAL AIRPORT, IL US","  61.4","24","  44.2","24","9999.9"," 0","993.9","24"," 10.0","24","  6.1","24"," 19.0"," 22.9","  76.6"," ","  49.6"," "," 0.00","I","999.9","000000"
"74465853889","2019-04-11","38.66472","-88.45278","143.9","FLORA MUNICIPAL AIRPORT, IL US","  69.8","24","  52.4","24","9999.9"," 0","986.1","24"," 10.0","24"," 13.4","24"," 29.9"," 35.9","  81.5"," ","  61.0"," "," 0.03","G","999.9","000000"
"74465853889","2019-04-12","38.66472","-88.45278","143.9","FLORA MUNICIPAL AIRPORT, IL US","  59.9","24","  44.3","24","9999.9"," 0","991.2","24","  9.3","24"," 11.5","24"," 21.0"," 33.0","  77.9"," ","  47.5"," "," 0.61","G","999.9","010000"
"74465853889","2019-04-13","38.66472","-88.45278","143.9","FLORA MUNICIPAL AIRPORT, IL US","  52.1","24","  35.9","24","9999.9"," 0","001.4","24"," 10.0","24","  4.7","24"," 11.1"," 15.9","  62.1"," ","  44.8"," "," 0.00","G","999.9","000000"
"74465853889","2019-04-14","38.66472","-88.45278","143.9","FLORA MUNICIPAL AIRPORT, IL US","  45.8","24","  41.3","24","9999.9"," 0","987.9","24","  7.6","24"," 13.3","24"," 22.0"," 29.9","  57.0"," ","  40.1"," "," 0.99","G","999.9","010010"
"74465853889","2019-04-15","38.66472","-88.45278","143.9","FLORA MUNICIPAL AIRPORT, IL US","  42.7","24","  34.2","24","9999.9"," 0","999.2","24"," 10.0","24","  5.7","24"," 15.0"," 26.0","  59.7"," ","  33.1"," "," 0.08","G","999.9","000000"
"74465853889","2019-04-16","38.66472","-88.45278","143.9","FLORA MUNICIPAL AIRPORT, IL US","  58.8","24","  47.2","24","9999.9"," 0","999.5","24"," 10.0","24"," 11.0","24"," 22.0"," 27.0","  76.3"," ","  44.8"," "," 0.00","G","999.9","000000"
"74465853889","2019-04-17","38.66472","-88.45278","143.9","FLORA MUNICIPAL AIRPORT, IL US","  66.2","24","  54.1","24","9999.9"," 0","995.7","24"," 10.0","24"," 10.6","24"," 22.9"," 29.9","  79.3"," ","  55.9"," "," 0.00","I","999.9","000000"
"74465853889","2019-04-18","38.66472","-88.45278","143.9","FLORA MUNICIPAL AIRPORT, IL US","  64.1","24","  58.4","24","9999.9"," 0","988.9","24","  8.4","24"," 12.6","24"," 21.0"," 28.9","  72.9"," ","  49.5"," "," 0.11","G","999.9","010010"
"74465853889","2019-04-19","38.66472","-88.45278","143.9","FLORA MUNICIPAL AIRPORT, IL US","  47.5","24","  42.7","24","9999.9"," 0","989.1","24","  9.5","24"," 13.5","24"," 21.0"," 33.0","  50.5"," ","  44.6"," "," 0.67","G","999.9","010000"
"74465853889","2019-04-20","38.66472","-88.45278","143.9","FLORA MUNICIPAL AIRPORT, IL US","  51.7","24","  33.2","24","9999.9"," 0","990.5","24"," 10.0","24"," 16.4","24"," 22.0"," 33.0","  67.1"," ","  43.0"," "," 0.00","G","999.9","000000"
"74465853889","2019-04-21","38.66472","-88.45278","143.9","FLORA MUNICIPAL AIRPORT, IL US","  56.7","24","  37.3","24","9999.9"," 0","998.3","24"," 10.0","24","  2.3","24","  9.9","999.9","  76.1"," ","  37.4"," "," 0.00","I","999.9","000000"
"74465853889","2019-04-22","38.66472","-88.45278","143.9","FLORA MUNICIPAL AIRPORT, IL US","  63.9","24","  47.9","24","9999.9"," 0","001.4","24"," 10.0","24","  6.1","24"," 20.0"," 25.1","  80.2"," ","  49.6"," "," 0.00","I","999.9","000000"
"74465853889","2019-04-23","38.66472","-88.45278","143.9","FLORA MUNICIPAL AIRPORT, IL US","  67.3","24","  55.0","24","9999.9"," 0","998.8","24"," 10.0","24","  8.2","24"," 14.0"," 19.0","  75.2"," ","  61.3"," ","99.99"," ","999.9","010000"
"74465853889","2019-04-24","38.66472","-88.45278","143.9","FLORA MUNICIPAL AIRPORT, IL US","  58.7","24","  55.3","24","9999.9"," 0","997.6","24","  8.0","24","  5.3","24","  9.9","999.9","  64.4"," ","  54.1"," "," 0.28","G","999.9","010000"
"74465853889","2019-04-25","38.66472","-88.45278","143.9","FLORA MUNICIPAL AIRPORT, IL US","  61.7","24","  61.1","24","9999.9"," 0","991.4","24","  3.2","24","  2.3","24","  8.9","999.9","  65.7"," ","  58.5"," "," 0.22","G","999.9","110000"
"74465853889","2019-04-26","38.66472","-88.45278","143.9","FLORA MUNICIPAL AIRPORT, IL US","  58.7","24","  47.7","24","9999.9"," 0","993.1","24","  9.0","24"," 12.3","24"," 20.0"," 28.0","  65.8"," ","  50.2"," "," 0.65","G","999.9","010000"
"74465853889","2019-04-27","38.66472","-88.45278","143.9","FLORA MUNICIPAL AIRPORT, IL US","  55.1","24","  44.9","24","9999.9"," 0","995.5","24"," 10.0","24","  4.9","24"," 12.0"," 15.0","  63.9"," ","  47.3"," "," 0.01","G","999.9","010000"
"74465853889","2019-04-28","38.66472","-88.45278","143.9","FLORA MUNICIPAL AIRPORT, IL US","  51.3","24","  44.2","24","9999.9"," 0","998.2","24","  9.6","24"," 10.2","24"," 20.0"," 26.0","  70.2"," ","  41.4"," "," 0.04","G","999.9","000000"
"74465853889","2019-04-29","38.66472","-88.45278","143.9","FLORA MUNICIPAL AIRPORT, IL US","  58.4","24","  50.4","24","9999.9"," 0","000.2","14"," 10.0","24","  6.7","24"," 20.0"," 25.1","  77.9"," ","  49.8"," "," 0.00","G","999.9","010000"
"74465853889","2019-04-30","38.66472","-88.45278","143.9","FLORA MUNICIPAL AIRPORT, IL US","  66.9","24","  59.7","24","9999.9"," 0","001.5","23"," 10.0","24","  2.9","24"," 15.0"," 22.0","  83.8"," ","  57.2"," "," 0.00","I","999.9","000000"
"74465853889","2019-05-01","38.66472","-88.45278","143.9","FLORA MUNICIPAL AIRPORT, IL US","  69.5","24","  63.2","24","9999.9"," 0","998.3","19","  9.5","24","  6.7","24"," 20.0"," 26.0","  76.1"," ","  63.9"," "," 0.09","G","999.9","010000"
"74465853889","2019-05-02","38.66472","-88.45278","143.9","FLORA MUNICIPAL AIRPORT, IL US","  63.8","24","  62.2","24","9999.9"," 0","000.9","24","  6.1","24","  1.5","24"," 15.0"," 19.0","  72.5"," ","  55.8"," "," 0.36","G","999.9","110010"
"74465853889","2019-05-03","38.66472","-88.45278","143.9","FLORA MUNICIPAL AIRPORT, IL US","  61.4","24","  58.8","24","9999.9"," 0","999.4","24","  7.2","24","  3.0","24"," 11.1"," 15.0","  69.3"," ","  54.7"," "," 0.39","G","999.9","010000"
"74465853889","2019-05-04","38.66472","-88.45278","143.9","FLORA MUNICIPAL AIRPORT, IL US","  58.8","24","  55.6","24","9999.9"," 0","996.9","24","  8.9","24","  5.2","24"," 11.1"," 14.0","  62.2"," ","  54.5"," "," 0.55","G","999.9","010000"
"74465853889","2019-05-05","38.66472","-88.45278","143.9","FLORA MUNICIPAL AIRPORT, IL US","  59.9","24","  51.3","24","9999.9"," 0","995.7","24","  9.4","24","  1.1","24","  7.0","999.9","  73.2"," ","  49.1"," "," 0.16","G","999.9","000000"
"74465853889","2019-05-06","38.66472","-88.45278","143.9","FLORA MUNICIPAL AIRPORT, IL US","  63.4","24","  53.4","24","9999.9"," 0","998.8","24"," 10.0","24","  1.0","24","  9.9","999.9","  77.2"," ","  50.0"," "," 0.00","G","999.9","000000"
"74465853889","2019-05-07","38.66472","-88.45278","143.9","FLORA MUNICIPAL AIRPORT, IL US","  66.2","24","  57.3","24","9999.9"," 0","001.2","24","  9.9","24","  0.0","24","999.9","999.9","  79.9"," ","  54.1"," "," 0.00","I","999.9","000000"
"74465853889","2019-05-08","38.66472","-88.45278","143.9","FLORA MUNICIPAL AIRPORT, IL US","  72.9","24","  61.6","24","9999.9"," 0","997.9","24"," 10.0","24","  6.2","24"," 18.1"," 22.9","  85.1"," ","  63.5"," ","99.99"," ","999.9","010000"
"74465853889","2019-05-09","38.66472","-88.45278","143.9","FLORA MUNICIPAL AIRPORT, IL US","  71.4","24","  64.8","24","9999.9"," 0","991.8","24","  9.5","24","  8.5","24"," 15.0"," 20.0","  79.0"," ","  63.0"," "," 0.06","G","999.9","010000"
"74465853889","2019-05-10","38.66472","-88.45278","143.9","FLORA MUNICIPAL AIRPORT, IL US","  54.5","24","  46.1","24","9999.9"," 0","001.6","24"," 10.0","24","  4.4","24"," 11.1"," 15.0","  63.0"," ","  49.6"," "," 0.07","G","999.9","010000"
"74465853889","2019-05-11","38.66472","-88.45278","143.9","FLORA MUNICIPAL AIRPORT, IL US","  50.7","24","  46.4","24","9999.9"," 0","000.4","24","  9.4","24","  1.4","24","  9.9"," 14.0","  58.3"," ","  44.6"," "," 0.00","G","999.9","010000"
"74465853889","2019-05-12","38.66472","-88.45278","143.9","FLORA MUNICIPAL AIRPORT, IL US","  51.5","24","  49.1","24","9999.9"," 0","992.9","24","  8.9","24","  1.0","24","  8.0","999.9","  53.8"," ","  48.4"," "," 0.31","G","999.9","000000"
"74465853889","2019-05-13","38.66472","-88.45278","143.9","FLORA MUNICIPAL AIRPORT, IL US","  53.2","24","  46.4","24","9999.9"," 0","996.3","24","  8.5","24","  1.5","24","  8.9","999.9","  64.2"," ","  45.5"," "," 0.00","G","999.9","010000"
"74465853889","2019-05-14","38.66472","-88.45278","143.9","FLORA MUNICIPAL AIRPORT, IL US","  58.2","24","  45.1","24","9999.9"," 0","000.0","24"," 10.0","24","  0.8","24","  8.0","999.9","  71.4"," ","  43.3"," "," 0.00","I","999.9","000000"
"74465853889","2019-05-15","38.66472","-88.45278","143.9","FLORA MUNICIPAL AIRPORT, IL US","  61.9","24","  56.1","24","9999.9"," 0","998.4","24","  9.6","24","  0.6","24","  8.9","999.9","  69.1","*","  55.9","*"," 0.14","G","999.9","010010"
"74465853889","2019-05-16","38.66472","-88.45278","143.9","FLORA MUNICIPAL AIRPORT, IL US","  66.1","24","  61.0","24","9999.9"," 0","996.9","24","  5.6","24","  4.3","24"," 15.0"," 20.0","  86.0"," ","  53.2"," "," 0.07","G","999.9","100000"
"74465853889","2019-05-17","38.66472","-88.45278","143.9","FLORA MUNICIPAL AIRPORT, IL US","  78.9","24","  65.6","24","9999.9"," 0","993.7","24"," 10.0","24","  5.3","24"," 15.0"," 20.0","  88.0"," ","  67.3"," "," 0.01","G","999.9","000000"
"74465853889","2019-05-18","38.66472","-88.45278","143.9","FLORA MUNICIPAL AIRPORT, IL US","  76.2","24","  62.6","24","9999.9"," 0","994.2","24"," 10.0","24","  7.0","24"," 21.0"," 27.0","  87.4"," ","  64.9"," "," 0.00","G","999.9","000000"
"74465853889","2019-05-19","38.66472","-88.45278","143.9","FLORA MUNICIPAL AIRPORT, IL US","  72.1","24","  64.4","24","9999.9"," 0","990.7","24","  9.5","24"," 10.5","24"," 21.0"," 34.0","  81.5"," ","  65.8"," "," 0.29","B","999.9","010000"
"74465853889","2019-05-20","38.66472","-88.45278","143.9","FLORA MUNICIPAL AIRPORT, IL US","  64.9","24","  52.5","24","9999.9"," 0","998.7","24"," 10.0","24","  3.1","24"," 12.0"," 21.0","  75.2"," ","  53.2"," "," 0.00","I","999.9","000000"
"74465853889","2019-05-21","38.66472","-88.45278","143.9","FLORA MUNICIPAL AIRPORT, IL US","  58.3","24","  51.9","24","9999.9"," 0","997.9","24","  9.5","24","  9.2","24"," 15.0"," 19.0","  70.9"," ","  49.1"," "," 0.47","G","999.9","010000"
"74465853889","2019-05-22","38.66472","-88.45278","143.9","FLORA MUNICIPAL AIRPORT, IL US","  70.1","24","  64.7","24","9999.9"," 0","994.5","24","  9.2","24","  8.3","24"," 17.1"," 25.1","  83.3","*","  62.1","*"," 1.17","G","999.9","010010"
"74465853889","2019-05-23","38.66472","-88.45278","143.9","FLORA MUNICIPAL AIRPORT, IL US","  77.9","24","  72.2","24","9999.9"," 0","999.7","24","  9.4","24","  2.3","24"," 12.0"," 18.1","  85.6"," ","  70.9"," "," 0.06","G","999.9","010010"
"74465853889","2019-05-24","38.66472","-88.45278","143.9","FLORA MUNICIPAL AIRPORT, IL US","  79.2","24","  70.8","24","9999.9"," 0","001.2","24","  8.8","24","  3.3","24"," 13.0"," 18.1","  90.1"," ","  67.6"," "," 0.10","G","999.9","000000"
"74465853889","2019-05-25","38.66472","-88.45278","143.9","FLORA MUNICIPAL AIRPORT, IL US","  79.8","24","  70.1","24","9999.9"," 0","999.4","24"," 10.0","24","  5.1","24"," 15.9"," 22.0","  89.1"," ","  72.5"," "," 0.00","G","999.9","000000"
"74465853889","2019-05-26","38.66472","-88.45278","143.9","FLORA MUNICIPAL AIRPORT, IL US","  77.6","24","  69.5","24","9999.9"," 0","000.1","24","  9.8","24","  1.2","24"," 15.0"," 20.0","  86.4"," ","  69.1"," "," 0.34","A","999.9","010010"
"74465853889","2019-05-27","38.66472","-88.45278","143.9","FLORA MUNICIPAL AIRPORT, IL US","  76.6","24","  69.1","24","9999.9"," 0","998.1","24","  9.9","24","  4.0","24"," 17.1"," 24.1","  88.9"," ","  67.3"," "," 0.00","I","999.9","000000"
"74465853889","2019-05-28","38.66472","-88.45278","143.9","FLORA MUNICIPAL AIRPORT, IL US","  79.8","24","  67.4","24","9999.9"," 0","992.0","24"," 10.0","24","  5.3","24"," 17.1"," 22.9","  88.9"," ","  70.9"," "," 0.00","I","999.9","000000"
"74465853889","2019-05-29","38.66472","-88.45278","143.9","FLORA MUNICIPAL AIRPORT, IL US","  77.3","24","  70.3","24","9999.9"," 0","990.4","24","  9.6","24","  4.2","24"," 13.0"," 22.0","  86.9","*","  69.1","*"," 0.10","A","999.9","010010"
"74465853889","2019-05-30","38.66472","-88.45278","143.9","FLORA MUNICIPAL AIRPORT, IL US","  73.1","24","  65.7","24","9999.9"," 0","992.6","23"," 10.0","24","  5.2","24"," 12.0"," 20.0","  83.3"," ","  67.5"," "," 0.02","A","999.9","010010"
"74465853889","2019-05-31","38.66472","-88.45278","143.9","FLORA MUNICIPAL AIRPORT, IL US","  71.5","24","  59.7","24","9999.9"," 0","995.1","22"," 10.0","24","  2.1","24","  8.9","999.9","  81.5"," ","  60.4"," "," 0.00","I","999.9","000000"
"74465853889","2019-06-01","38.66472","-88.45278","143.9","FLORA MUNICIPAL AIRPORT, IL US","  72.8","24","  63.1","24","9999.9"," 0","995.4","19"," 10.0","24","  2.8","24"," 12.0"," 15.0","  83.8"," ","  61.2"," "," 0.00","I","999.9","000000"
"74465853889","2019-06-02","38.66472","-88.45278","143.9","FLORA MUNICIPAL AIRPORT, IL US","  74.3","24","  62.0","24","9999.9"," 0","994.2","24"," 10.0","24","  2.4","24"," 13.0"," 15.0","  81.3"," ","  65.5"," "," 0.00","I","999.9","000000"
"74465853889","2019-06-03","38.66472","-88.45278","143.9","FLORA MUNICIPAL AIRPORT, IL US","  69.1","24","  52.5","24","9999.9"," 0","000.9","24","  9.8","24","  0.3","24","  6.0","999.9","  79.0"," ","  54.1"," "," 0.00","I","999.9","000000"
"74465853889","2019-06-04","38.66472","-88.45278","143.9","FLORA MUNICIPAL AIRPORT, IL US","  70.1","24","  57.7","24","9999.9"," 0","000.2","24","  6.0","24","  3.8","24"," 14.0"," 17.1","  84.9"," ","  56.7"," ","99.99"," ","999.9","110000"
"74465853889","2019-06-05","38.66472","-88.45278","143.9","FLORA MUNICIPAL AIRPORT, IL US","  77.4","24","  69.9","24","9999.9"," 0","993.2","24","  9.8","24","  7.0","24"," 22.0"," 35.9","  90.3"," ","  68.2"," "," 0.39","G","999.9","010010"
"74465853889","2019-06-06","38.66472","-88.45278","143.9","FLORA MUNICIPAL AIRPORT, IL US","  74.4","24","  68.1","24","9999.9"," 0","993.0","24","  9.8","24","  1.1","24"," 11.1"," 15.0","  86.7"," ","  66.2"," "," 0.31","G","999.9","010010"
"74465853889","2019-06-07","38.66472","-88.45278","143.9","FLORA MUNICIPAL AIRPORT, IL US","  77.2","24","  69.4","24","9999.9"," 0","992.3","24","  9.6","24","  5.1","24"," 15.0"," 20.0","  86.9"," ","  71.8"," "," 0.00","G","999.9","010000"
"74465853889","2019-06-08","38.66472","-88.45278","143.9","FLORA MUNICIPAL AIRPORT, IL US","  73.5","24","  64.8","24","9999.9"," 0","992.8","24","  9.6","24","  4.6","24"," 12.0"," 15.9","  82.0"," ","  65.8"," "," 0.17","G","999.9","010000"
"74465853889","2019-06-09","38.66472","-88.45278","143.9","FLORA MUNICIPAL AIRPORT, IL US","  76.9","24","  69.2","24","9999.9"," 0","994.3","24"," 10.0","24","  2.1","24","  8.0","999.9","  86.9"," ","  71.6"," "," 0.00","G","999.9","000000"
"74465853889","2019-06-10","38.66472","-88.45278","143.9","FLORA MUNICIPAL AIRPORT, IL US","  74.1","24","  59.3","24","9999.9"," 0","000.1","24"," 10.0","24","  9.0","24"," 17.1"," 22.9","  85.1"," ","  67.3"," "," 0.00","I","999.9","000000"
"74465853889","2019-06-11","38.66472","-88.45278","143.9","FLORA MUNICIPAL AIRPORT, IL US","  68.9","24","  51.1","24","9999.9"," 0","005.2","24"," 10.0","24","  0.4","24","  5.1","999.9","  81.5"," ","  53.2"," "," 0.00","I","999.9","000000"
"74465853889","2019-06-12","38.66472","-88.45278","143.9","FLORA MUNICIPAL AIRPORT, IL US","  66.4","24","  54.8","24","9999.9"," 0","998.6","24"," 10.0","24","  1.9","24"," 20.0"," 26.0","  77.9"," ","  55.0"," ","99.99"," ","999.9","010000"
"74465853889","2019-06-13","38.66472","-88.45278","143.9","FLORA MUNICIPAL AIRPORT, IL US","  64.0","24","  52.7","24","9999.9"," 0","996.6","24","  9.7","24","  9.4","24"," 18.1"," 25.1","  73.9"," ","  56.1"," ","99.99"," ","999.9","010000"
"74465853889","2019-06-14","38.66472","-88.45278","143.9","FLORA MUNICIPAL AIRPORT, IL US","  64.7","24","  48.1","24","9999.9"," 0","001.9","24","  8.6","24","  5.2","24"," 15.0"," 20.0","  80.1"," ","  48.0"," "," 0.00","I","999.9","000000"
"74465853889","2019-06-15","38.66472","-88.45278","143.9","FLORA MUNICIPAL AIRPORT, IL US","  70.9","24","  62.0","24","9999.9"," 0","995.4","24","  9.6","24","  7.9","24"," 22.0"," 28.0","  83.3","*","  63.9","*"," 0.06","A","999.9","010010"
"74465853889","2019-06-16","38.66472","-88.45278","143.9","FLORA MUNICIPAL AIRPORT, IL US","  77.2","24","  70.7","24","9999.9"," 0","992.8","24","  9.1","24","  5.1","24"," 14.0"," 24.1","  86.4","*","  67.3","*"," 0.68","A","999.9","010010"
"74465853889","2019-06-17","38.66472","-88.45278","143.9","FLORA MUNICIPAL AIRPORT, IL US","  73.3","24","  71.0","24","9999.9"," 0","995.8","24","  9.0","24","  1.5","24"," 13.0","999.9","  78.6"," ","  69.6"," "," 0.57","B","999.9","010000"
"74465853889","2019-06-18","38.66472","-88.45278","143.9","FLORA MUNICIPAL AIRPORT, IL US","  75.1","24","  70.9","24","9999.9"," 0","996.0","24","  7.7","24","  0.5","24","  6.0","999.9","  84.0"," ","  69.8"," ","99.99"," ","999.9","010000"
"74465853889","2019-06-19","38.66472","-88.45278","143.9","FLORA MUNICIPAL AIRPORT, IL US","  78.1","24","  72.3","24","9999.9"," 0","990.9","24","  8.4","24","  3.1","24"," 13.0"," 18.1","  85.8"," ","  72.5"," ","99.99"," ","999.9","010010"
"74465853889","2019-06-20","38.66472","-88.45278","143.9","FLORA MUNICIPAL AIRPORT, IL US","  72.1","24","  66.6","24","9999.9"," 0","988.4","24"," 10.0","24","  6.5","24"," 15.0"," 26.0","  79.7"," ","  66.2"," "," 0.10","G","999.9","010010"
"74465853889","2019-06-21","38.66472","-88.45278","143.9","FLORA MUNICIPAL AIRPORT, IL US","  70.4","24","  64.8","24","9999.9"," 0","996.8","24","  9.7","24","  4.0","24"," 17.1"," 24.1","  78.3"," ","  63.9"," "," 0.00","G","999.9","010010"
"74465853889","2019-06-22","38.66472","-88.45278","143.9","FLORA MUNICIPAL AIRPORT, IL US","  71.6","24","  68.2","24","9999.9"," 0","996.8","24","  9.0","24","  4.9","24"," 22.0"," 28.0","  81.5"," ","  67.1"," "," 1.43","G","999.9","010010"
"74465853889","2019-06-23","38.66472","-88.45278","143.9","FLORA MUNICIPAL AIRPORT, IL US","  75.1","24","  71.8","24","9999.9"," 0","996.3","24","  9.3","24","  6.5","24"," 19.0"," 28.0","  82.6"," ","  70.9"," "," 0.13","G","999.9","010010"
"74465853889","2019-06-24","38.66472","-88.45278","143.9","FLORA MUNICIPAL AIRPORT, IL US","  74.2","24","  68.6","24","9999.9"," 0","990.5","24","  9.8","24","  8.4","24"," 15.0"," 22.0","  83.3"," ","  69.1"," "," 0.20","G","999.9","010000"
"74465853889","2019-06-25","38.66472","-88.45278","143.9","FLORA MUNICIPAL AIRPORT, IL US","  75.5","24","  62.8","24","9999.9"," 0","997.0","24"," 10.0","24","  4.8","24"," 14.0"," 18.1","  86.0"," ","  64.6"," "," 0.04","G","999.9","000000"
"74465853889","2019-06-26","38.66472","-88.45278","143.9","FLORA MUNICIPAL AIRPORT, IL US","  78.0","24","  69.8","24","9999.9"," 0","001.0","24","  9.9","24","  2.5","24"," 18.1"," 22.0","  91.9"," ","  68.5"," "," 0.00","G","999.9","010010"
"74465853889","2019-06-27","38.66472","-88.45278","143.9","FLORA MUNICIPAL AIRPORT, IL US","  74.4","24","  69.1","24","9999.9"," 0","004.5","24"," 10.0","24","  2.0","24","  8.9","999.9","  86.0"," ","  69.1"," "," 1.22","G","999.9","010010"
"74465853889","2019-06-28","38.66472","-88.45278","143.9","FLORA MUNICIPAL AIRPORT, IL US","  79.3","24","  71.0","24","9999.9"," 0","004.2","22","  9.9","24","  2.0","24"," 12.0"," 15.0","  89.2"," ","  69.1"," "," 0.00","G","999.9","000000"
"74465853889","2019-06-29","38.66472","-88.45278","143.9","FLORA MUNICIPAL AIRPORT, IL US","  81.2","24","  71.1","24","9999.9"," 0","003.0","24","  9.5","24","  1.2","24","  7.0","999.9","  91.9"," ","  69.8"," "," 0.00","I","999.9","000000"
"74465853889","2019-06-30","38.66472","-88.45278","143.9","FLORA MUNICIPAL AIRPORT, IL US","  83.8","24","  72.4","24","9999.9"," 0","000.9","24"," 10.0","24","  2.4","24"," 22.0"," 32.1","  93.2"," ","  73.9"," "," 0.00","I","999.9","000000"
"74465853889","2019-07-01","38.66472","-88.45278","143.9","FLORA MUNICIPAL AIRPORT, IL US","  76.3","24","  71.0","24","9999.9"," 0","000.8","24","  9.6","24","  2.3","24"," 13.0"," 18.1","  90.1"," ","  70.9"," "," 0.06","G","999.9","010010"
"74465853889","2019-07-02","38.66472","-88.45278","143.9","FLORA MUNICIPAL AIRPORT, IL US","  82.1","24","  73.4","24","9999.9"," 0","998.1","24","  9.9","24","  1.0","24","  9.9","999.9","  92.8"," ","  74.3"," "," 0.33","G","999.9","000000"
"74465853889","2019-07-03","38.66472","-88.45278","143.9","FLORA MUNICIPAL AIRPORT, IL US","  81.6","24","  73.9","24","9999.9"," 0","995.8","24","  9.2","24","  2.3","24"," 28.9"," 42.0","  93.4"," ","  69.1"," "," 0.00","G","999.9","010010"
"74465853889","2019-07-04","38.66472","-88.45278","143.9","FLORA MUNICIPAL AIRPORT, IL US","  75.6","24","  72.3","24","9999.9"," 0","998.1","24","  9.0","24","  1.8","24"," 18.1"," 24.1","  89.6","*","  70.2","*"," 1.71","G","999.9","010010"
"74465853889","2019-07-05","38.66472","-88.45278","143.9","FLORA MUNICIPAL AIRPORT, IL US","  79.8","24","  75.4","24","9999.9"," 0","999.2","24","  8.6","24","  1.1","24","  8.9","999.9","  91.9"," ","  74.3"," "," 0.00","G","999.9","010010"
"74465853889","2019-07-06","38.66472","-88.45278","143.9","FLORA MUNICIPAL AIRPORT, IL US","  77.7","24","  75.0","24","9999.9"," 0","998.8","24","  7.5","24","  0.8","24"," 15.0"," 18.1","  89.2"," ","  74.3"," "," 0.62","C","999.9","110010"
"74465853889","2019-07-07","38.66472","-88.45278","143.9","FLORA MUNICIPAL AIRPORT, IL US","  79.5","24","  74.3","24","9999.9"," 0","997.6","24","  9.3","24","  1.8","24","  8.0","999.9","  87.8"," ","  72.5"," "," 0.01","A","999.9","010010"
"74465853889","2019-07-08","38.66472","-88.45278","143.9","FLORA MUNICIPAL AIRPORT, IL US","  79.5","24","  71.4","24","9999.9"," 0","998.1","24","  9.6","24","  1.8","24","  7.0","999.9","  88.5"," ","  70.9"," "," 0.00","I","999.9","000000"
"74465853889","2019-07-09","38.66472","-88.45278","143.9","FLORA MUNICIPAL AIRPORT, IL US","  80.6","24","  71.6","24","9999.9"," 0","998.4","24","  9.8","24","  0.2","24","  5.1","999.9","  90.1"," ","  71.8"," "," 0.00","I","999.9","000000"
"74465853889","2019-07-10","38.66472","-88.45278","143.9","FLORA MUNICIPAL AIRPORT, IL US","  84.6","24","  75.4","24","9999.9"," 0","997.8","24","  9.3","24","  0.4","24","  7.0","999.9","  96.3"," ","  75.2"," "," 0.00","I","999.9","000000"
"74465853889","2019-07-11","38.66472","-88.45278","143.9","FLORA MUNICIPAL AIRPORT, IL US","  81.9","24","  70.5","24","9999.9"," 0","996.5","24"," 10.0","24","  4.2","24"," 11.1"," 14.0","  90.7"," ","  74.7"," ","99.99"," ","999.9","010000"
"74465853889","2019-07-12","38.66472","-88.45278","143.9","FLORA MUNICIPAL AIRPORT, IL US","  78.7","24","  64.8","24","9999.9"," 0","997.4","24","  9.6","24","  1.9","24","  8.0","999.9","  86.9"," ","  69.3"," "," 0.00","I","999.9","000000"
"74465853889","2019-07-13","38.66472","-88.45278","143.9","FLORA MUNICIPAL AIRPORT, IL US","  77.5","24","  64.4","24","9999.9"," 0","999.5","24","  9.9","24","  0.3","24","  6.0","999.9","  90.7"," ","  63.9"," "," 0.00","I","999.9","000000"
"74465853889","2019-07-14","38.66472","-88.45278","143.9","FLORA MUNICIPAL AIRPORT, IL US","  80.7","24","  70.7","24","9999.9"," 0","002.2","23"," 10.0","24","  3.2","24"," 11.1"," 15.0","  91.9"," ","  70.9"," "," 0.00","I","999.9","000000"
"74465853889","2019-07-15","38.66472","-88.45278","143.9","FLORA MUNICIPAL AIRPORT, IL US","  77.3","24","  70.1","24","9999.9"," 0","002.5","21","  9.5","24","  3.8","24"," 15.0"," 22.0","  89.1"," ","  71.8"," "," 0.09","B","999.9","010000"
"74465853889","2019-07-16","38.66472","-88.45278","143.9","FLORA MUNICIPAL AIRPORT, IL US","  78.5","24","  73.7","24","9999.9"," 0","996.8","24","  9.7","24","  8.2","24"," 17.1"," 24.1","  83.5"," ","  74.5"," ","99.99"," ","999.9","010000"
"74465853889","2019-07-17","38.66472","-88.45278","143.9","FLORA MUNICIPAL AIRPORT, IL US","  82.7","24","  75.6","24","9999.9"," 0","996.7","23","  9.9","24","  2.9","24","  8.9"," 14.0","  93.4"," ","  76.3"," "," 0.00","I","999.9","000000"
"74465853889","2019-07-18","38.66472","-88.45278","143.9","FLORA MUNICIPAL AIRPORT, IL US","  82.3","24","  74.5","24","9999.9"," 0","997.0","24"," 10.0","24","  5.4","24"," 15.0"," 19.0","  93.7"," ","  74.3"," ","99.99"," ","999.9","010000"
"74465853889","2019-07-19","38.66472","-88.45278","143.9","FLORA MUNICIPAL AIRPORT, IL US","  86.2","24","  77.9","24","9999.9"," 0","996.7","24","  9.2","24","  8.2","24"," 14.0"," 20.0","  95.4"," ","  78.8"," "," 0.00","I","999.9","000000"
"74465853889","2019-07-20","38.66472","-88.45278","143.9","FLORA MUNICIPAL AIRPORT, IL US","  85.7","24","  76.3","24","9999.9"," 0","997.2","24","  9.8","24","  4.3","24"," 11.1"," 15.9","  95.4"," ","  76.1"," "," 0.00","I","999.9","000000"
"74465853889","2019-07-21","38.66472","-88.45278","143.9","FLORA MUNICIPAL AIRPORT, IL US","  85.6","24","  77.1","24","9999.9"," 0","995.9","24"," 10.0","24","  3.2","24"," 13.0"," 17.1","  95.4"," ","  77.9"," "," 0.00","I","999.9","000000"
"74465853889","2019-07-22","38.66472","-88.45278","143.9","FLORA MUNICIPAL AIRPORT, IL US","  75.9","24","  70.8","24","9999.9"," 0","997.3","24","  9.5","24","  4.3","24"," 14.0"," 19.0","  90.5"," ","  70.7"," "," 0.06","G","999.9","010000"
"74465853889","2019-07-23","38.66472","-88.45278","143.9","FLORA MUNICIPAL AIRPORT, IL US","  71.6","24","  57.1","24","9999.9"," 0","001.9","24"," 10.0","24","  3.9","24","  9.9"," 15.9","  83.7"," ","  59.9"," "," 0.02","G","999.9","000000"
"74465853889","2019-07-24","38.66472","-88.45278","143.9","FLORA MUNICIPAL AIRPORT, IL US","  73.9","24","  60.4","24","9999.9"," 0","003.1","24"," 10.0","24","  1.3","24","  8.0","999.9","  83.5"," ","  62.6"," "," 0.00","G","999.9","000000"
"74465853889","2019-07-25","38.66472","-88.45278","143.9","FLORA MUNICIPAL AIRPORT, IL US","  74.2","24","  62.5","24","9999.9"," 0","004.2","24","  9.9","24","  0.1","24","  6.0","999.9","  85.1"," ","  62.1"," "," 0.00","I","999.9","000000"
"74465853889","2019-07-26","38.66472","-88.45278","143.9","FLORA MUNICIPAL AIRPORT, IL US","  74.2","24","  62.5","24","9999.9"," 0","005.9","24"," 10.0","24","  0.5","24","  7.0","999.9","  86.9"," ","  62.1"," "," 0.00","I","999.9","000000"
"74465853889","2019-07-27","38.66472","-88.45278","143.9","FLORA MUNICIPAL AIRPORT, IL US","  76.9","24","  65.4","24","9999.9"," 0","005.7","24"," 10.0","24","  3.3","24"," 14.0"," 18.1","  89.6"," ","  64.4"," "," 0.00","I","999.9","000000"
"74465853889","2019-07-28","38.66472","-88.45278","143.9","FLORA MUNICIPAL AIRPORT, IL US","  78.7","24","  66.1","24","9999.9"," 0","003.6","24"," 10.0","24","  3.7","24"," 11.1"," 17.1","  91.6"," ","  65.5"," "," 0.00","I","999.9","000000"
"74465853889","2019-07-29","38.66472","-88.45278","143.9","FLORA MUNICIPAL AIRPORT, IL US","  77.9","24","  70.7","24","9999.9"," 0","998.5","24"," 10.0","24","  4.3","24"," 19.0"," 25.1","  87.4"," ","  72.1"," "," 0.07","A","999.9","010010"
"74465853889","2019-07-30","38.66472","-88.45278","143.9","FLORA MUNICIPAL AIRPORT, IL US","  78.1","24","  69.8","24","9999.9"," 0","998.4","22","  8.9","24","  3.5","24"," 11.1"," 15.0","  86.4"," ","  71.6"," "," 0.00","I","999.9","000000"
"74465853889","2019-07-31","38.66472","-88.45278","143.9","FLORA MUNICIPAL AIRPORT, IL US","  75.8","24","  64.6","24","9999.9"," 0","001.8","24"," 10.0","24","  4.4","24","  8.0","999.9","  83.7"," ","  66.2"," "," 0.00","I","999.9","000000"
"74465853889","2019-08-01","38.66472","-88.45278","143.9","FLORA MUNICIPAL AIRPORT, IL US","  72.8","24","  61.9","24","9999.9"," 0","002.9","24"," 10.0","24","  2.4","24","  9.9","999.9","  83.3"," ","  61.7"," "," 0.00","I","999.9","000000"
"74465853889","2019-08-02","38.66472","-88.45278","143.9","FLORA MUNICIPAL AIRPORT, IL US","  75.0","24","  65.6","24","9999.9"," 0","001.5","24","  9.9","24","  1.7","24","  7.0","999.9","  88.9"," ","  63.9"," "," 0.00","I","999.9","000000"
"74465853889","2019-08-03","38.66472","-88.45278","143.9","FLORA MUNICIPAL AIRPORT, IL US","  78.5","24","  66.1","24","9999.9"," 0","000.2","24"," 10.0","24","  3.4","24"," 11.1","999.9","  88.2"," ","  68.0"," "," 0.00","I","999.9","000000"
"74465853889","2019-08-04","38.66472","-88.45278","143.9","FLORA MUNICIPAL AIRPORT, IL US","  78.2","24","  64.4","24","9999.9"," 0","999.6","24"," 10.0","24","  2.0","24","  6.0","999.9","  88.9"," ","  68.0"," "," 0.00","I","999.9","000000"
"74465853889","2019-08-05","38.66472","-88.45278","143.9","FLORA MUNICIPAL AIRPORT, IL US","  77.7","24","  65.2","24","9999.9"," 0","998.8","24"," 10.0","24","  0.4","24","  6.0","999.9","  90.3"," ","  64.6"," "," 0.00","I","999.9","000000"
"74465853889","2019-08-06","38.66472","-88.45278","143.9","FLORA MUNICIPAL AIRPORT, IL US","  77.8","24","  70.1","24","9999.9"," 0","994.8","24"," 10.0","24","  2.6","24"," 11.1","999.9","  91.9"," ","  68.7"," "," 0.04","A","999.9","010010"
"74465853889","2019-08-07","38.66472","-88.45278","143.9","FLORA MUNICIPAL AIRPORT, IL US","  76.0","24","  68.0","24","9999.9"," 0","994.3","24","  9.3","24","  1.2","24","  7.0","999.9","  87.4"," ","  66.2"," "," 0.00","I","999.9","000000"
"74465853889","2019-08-08","38.66472","-88.45278","143.9","FLORA MUNICIPAL AIRPORT, IL US","  77.1","24","  69.8","24","9999.9"," 0","995.5","24","  9.6","24","  2.6","24","  9.9","999.9","  88.2"," ","  66.2"," "," 0.00","I","999.9","000000"
"74465853889","2019-08-09","38.66472","-88.45278","143.9","FLORA MUNICIPAL AIRPORT, IL US","  79.7","24","  71.1","24","9999.9"," 0","996.5","24"," 10.0","24","  1.2","24","  8.0","999.9","  88.9"," ","  72.1"," "," 0.00","I","999.9","000000"
"74465853889","2019-08-10","38.66472","-88.45278","143.9","FLORA MUNICIPAL AIRPORT, IL US","  73.5","21","  62.4","21","9999.9"," 0","998.3","21"," 10.0","21","  0.2","21","  5.1","999.9","  86.5","*","  62.2","*"," 0.00","I","999.9","000000"
"74465853889","2019-11-14","38.66472","-88.45278","143.9","FLORA MUNICIPAL AIRPORT, IL US","  37.2"," 9","  24.6"," 9","9999.9"," 0","008.4"," 9"," 10.0"," 9","  5.8"," 9","  8.9","999.9","  41.0","*","  33.8","*"," 0.00","I","999.9","000000"
"74465853889","2019-11-15","38.66472","-88.45278","143.9","FLORA MUNICIPAL AIRPORT, IL US","  30.2","24","  24.0","24","9999.9"," 0","011.7","24","  7.5","24","  3.3","24","  7.0","999.9","  42.8","*","  21.2","*"," 0.00","I","999.9","000000"
"74465853889","2019-11-16","38.66472","-88.45278","143.9","FLORA MUNICIPAL AIRPORT, IL US","  33.6","24","  27.7","24","9999.9"," 0","010.1","24","  6.9","24","  4.0","24","  8.0","999.9","  42.8","*","  26.6","*"," 0.00","I","999.9","000000"
"74465853889","2019-11-17","38.66472","-88.45278","143.9","FLORA MUNICIPAL AIRPORT, IL US","  32.9","24","  28.7","24","9999.9"," 0","002.3","24","  5.2","24","  2.1","24","  8.9","999.9","  44.6","*","  24.8","*"," 0.00","I","999.9","000000"
"74465853889","2019-11-18","38.66472","-88.45278","143.9","FLORA MUNICIPAL AIRPORT, IL US","  41.1","24","  37.0","24","9999.9"," 0","994.0","24","  7.8","24","  3.3","24","  7.0","999.9","  46.4","*","  37.4","*","99.99"," ","999.9","010000"
"74465853889","2019-11-19","38.66472","-88.45278","143.9","FLORA MUNICIPAL AIRPORT, IL US","  42.8","24","  38.7","24","9999.9"," 0","992.4"," 9","  9.6","24","  7.1","24"," 15.9"," 24.1","  50.0","*","  37.4","*","99.99"," ","999.9","010000"
"74465853889","2019-11-20","38.66472","-88.45278","143.9","FLORA MUNICIPAL AIRPORT, IL US","  39.0","24","  34.9","24","9999.9"," 0","003.0","24","  6.3","24","  3.3","24","  8.9","999.9","  53.6","*","  26.6","*"," 0.00","I","999.9","100000"
"74465853889","2019-11-21","38.66472","-88.45278","143.9","FLORA MUNICIPAL AIRPORT, IL US","  49.9","24","  44.5","24","9999.9"," 0","999.9"," 0","  8.7","24"," 11.3","24"," 20.0"," 24.1","  55.4","*","  44.6","*","99.99"," ","999.9","010000"
"74465853889","2019-11-22","38.66472","-88.45278","143.9","FLORA MUNICIPAL AIRPORT, IL US","  43.0","24","  38.1","24","9999.9"," 0","999.9"," 0","  7.8","24","  9.1","24"," 12.0"," 17.1","  53.6","*","  37.4","*","99.99"," ","999.9","010000"
"74465853889","2019-11-23","38.66472","-88.45278","143.9","FLORA MUNICIPAL AIRPORT, IL US","  37.7","24","  33.6","24","9999.9"," 0","993.1","13","  9.0","24","  7.1","24"," 14.0"," 17.1","  41.0","*","  33.8","*","99.99"," ","999.9","010000"
"74465853889","2019-11-24","38.66472","-88.45278","143.9","FLORA MUNICIPAL AIRPORT, IL US","  39.8","24","  33.7","24","9999.9"," 0","994.6"," 9"," 10.0","24","  8.3","24"," 13.0","999.9","  51.8","*","  32.0","*"," 0.00","I","999.9","000000"
"74465853889","2019-11-25","38.66472","-88.45278","143.9","FLORA MUNICIPAL AIRPORT, IL US","  45.8","24","  38.8","24","9999.9"," 0","999.9"," 0"," 10.0","24","  9.4","24"," 14.0","999.9","  60.8","*","  37.4","*"," 0.00","I","999.9","000000"
"74465853889","2019-11-26","38.66472","-88.45278","143.9","FLORA MUNICIPAL AIRPORT, IL US","  48.1","24","  42.1","24","9999.9"," 0","999.9"," 0"," 10.0","24","  7.6","24"," 15.0"," 21.0","  55.4","*","  37.4","*","99.99"," ","999.9","010000"
"74465853889","2019-11-27","38.66472","-88.45278","143.9","FLORA MUNICIPAL AIRPORT, IL US","  50.6","24","  41.6","24","9999.9"," 0","999.9"," 0","  9.5","24"," 19.2","24"," 31.1"," 38.1","  60.8","*","  42.8","*","99.99"," ","999.9","010000"
"74465853889","2019-11-28","38.66472","-88.45278","143.9","FLORA MUNICIPAL AIRPORT, IL US","  36.5","24","  29.1","24","9999.9"," 0","013.8"," 6"," 10.0","24","  7.0","24"," 12.0"," 15.9","  42.8","*","  33.8","*","99.99"," ","999.9","010000"
"74465853889","2019-11-29","38.66472","-88.45278","143.9","FLORA MUNICIPAL AIRPORT, IL US","  38.8","24","  33.9","24","9999.9"," 0","010.6","24"," 10.0","24","  4.4","24","  8.0","999.9","  42.8","*","  37.4","*","99.99"," ","999.9","010000"
"74465853889","2019-11-30","38.66472","-88.45278","143.9","FLORA MUNICIPAL AIRPORT, IL US","  42.6","24","  41.4","24","9999.9"," 0","002.5"," 8","  6.4","24","  8.4","24"," 14.0"," 17.1","  51.8","*","  39.2","*","99.99"," ","999.9","010000"
"74465853889","2019-12-01","38.66472","-88.45278","143.9","FLORA MUNICIPAL AIRPORT, IL US","  45.8","24","  38.9","24","9999.9"," 0","982.6","23","  8.8","24"," 13.5","24"," 24.1"," 32.1","  57.2","*","  37.4","*","99.99"," ","999.9","010000"
"74465853889","2019-12-02","38.66472","-88.45278","143.9","FLORA MUNICIPAL AIRPORT, IL US","  34.8","24","  29.9","24","9999.9"," 0","997.4","24","  9.5","24"," 12.9","24"," 22.0"," 29.9","  37.4","*","  33.8","*","99.99"," ","999.9","011000"
"74465853889","2019-12-03","38.66472","-88.45278","143.9","FLORA MUNICIPAL AIRPORT, IL US","  33.0","24","  27.7","24","9999.9"," 0","998.5","24","  9.6","24","  6.0","24"," 12.0","999.9","  44.6","*","  24.8","*"," 0.00","I","999.9","000000"
"74465853889","2019-12-04","38.66472","-88.45278","143.9","FLORA MUNICIPAL AIRPORT, IL US","  41.5","24","  31.2","24","9999.9"," 0","992.8","24"," 10.0","24","  9.8","24"," 15.0"," 20.0","  53.6","*","  35.6","*"," 0.00","I","999.9","000000"
"74465853889","2019-12-05","38.66472","-88.45278","143.9","FLORA MUNICIPAL AIRPORT, IL US","  41.2","23","  32.2","23","9999.9"," 0","999.4","23"," 10.0","23","  5.2","23","  9.9","999.9","  55.4","*","  26.6","*"," 0.00","I","999.9","000000"
"74465853889","2019-12-06","38.66472","-88.45278","143.9","FLORA MUNICIPAL AIRPORT, IL US","  44.9","24","  37.6","24","9999.9"," 0","002.0","24","  9.8","24","  8.0","24"," 20.0"," 25.1","  48.2","*","  35.6","*","99.99"," ","999.9","010000"
"74465853889","2019-12-07","38.66472","-88.45278","143.9","FLORA MUNICIPAL AIRPORT, IL US","  33.9","24","  27.1","24","9999.9"," 0","010.9","24"," 10.0","24","  5.3","24","  8.9","999.9","  46.4","*","  26.6","*"," 0.00","I","999.9","000000"
"74465853889","2019-12-08","38.66472","-88.45278","143.9","FLORA MUNICIPAL AIRPORT, IL US","  38.9","24","  34.8","24","9999.9"," 0","002.2","24","  7.7","24","  7.5","24"," 20.0"," 22.9","  57.2","*","  28.4","*"," 0.00","I","999.9","000000"
"74465853889","2019-12-09","38.66472","-88.45278","143.9","FLORA MUNICIPAL AIRPORT, IL US","  52.2","24","  49.6","24","9999.9"," 0","989.1","24","  7.2","24"," 10.9","24"," 20.0"," 28.0","  55.4","*","  46.4","*","99.99"," ","999.9","010000"
"74465853889","2019-12-10","38.66472","-88.45278","143.9","FLORA MUNICIPAL AIRPORT, IL US","  30.6","24","  20.8","24","9999.9"," 0","002.5","24"," 10.0","24"," 11.7","24"," 21.0"," 29.9","  51.8","*","  23.0","*"," 0.00","I","999.9","000000"
"74465853889","2019-12-11","38.66472","-88.45278","143.9","FLORA MUNICIPAL AIRPORT, IL US","  27.6","24","  20.1","24","9999.9"," 0","013.1","24"," 10.0","24","  5.4","24"," 12.0","999.9","  42.8","*","  19.4","*"," 0.00","I","999.9","000000"
"74465853889","2019-12-12","38.66472","-88.45278","143.9","FLORA MUNICIPAL AIRPORT, IL US","  33.6","24","  26.2","24","9999.9"," 0","012.4","24"," 10.0","24","  5.7","24"," 13.0","999.9","  46.4","*","  24.8","*"," 0.00","I","999.9","000000"
"74465853889","2019-12-13","38.66472","-88.45278","143.9","FLORA MUNICIPAL AIRPORT, IL US","  35.4","24","  30.7","24","9999.9"," 0","999.9","24"," 10.0","24","  4.6","24","  8.9","999.9","  44.6","*","  26.6","*"," 0.00","I","999.9","000000"
"74465853889","2019-12-14","38.66472","-88.45278","143.9","FLORA MUNICIPAL AIRPORT, IL US","  34.9","24","  33.8","24","9999.9"," 0","991.7","24","  4.0","24","  4.2","24"," 13.0"," 19.0","  41.0","*","  26.6","*","99.99"," ","999.9","110000"
"74465853889","2019-12-15","38.66472","-88.45278","143.9","FLORA MUNICIPAL AIRPORT, IL US","  28.8","24","  22.8","24","9999.9"," 0","000.6","24","  8.7","24","  6.7","24"," 13.0"," 19.0","  32.0","*","  24.8","*","99.99"," ","999.9","101000"
"74465853889","2019-12-16","38.66472","-88.45278","143.9","FLORA MUNICIPAL AIRPORT, IL US","  30.4","24","  29.5","24","9999.9"," 0","999.9","24","  2.8","24","  7.8","24"," 12.0"," 15.0","  32.0","*","  28.4","*","99.99"," ","999.9","011000"
"74465853889","2019-12-17","38.66472","-88.45278","143.9","FLORA MUNICIPAL AIRPORT, IL US","  29.1","24","  25.5","24","9999.9"," 0","002.3","24","  7.3","24","  9.5","24"," 15.9"," 21.0","  32.0","*","  24.8","*","99.99"," ","999.9","001000"
"74465853889","2019-12-18","38.66472","-88.45278","143.9","FLORA MUNICIPAL AIRPORT, IL US","  23.8","24","  19.4","24","9999.9"," 0","008.4","24","  6.9","24","  7.1","24"," 12.0","999.9","  26.6","*","  17.6","*","99.99"," ","999.9","001000"
"74465853889","2019-12-19","38.66472","-88.45278","143.9","FLORA MUNICIPAL AIRPORT, IL US","  24.7","24","  18.5","24","9999.9"," 0","012.5","24","  7.0","24","  6.5","24"," 14.0"," 17.1","  39.2","*","  15.8","*"," 0.00","I","999.9","000000"
"74465853889","2019-12-20","38.66472","-88.45278","143.9","FLORA MUNICIPAL AIRPORT, IL US","  31.8","24","  25.0","24","9999.9"," 0","013.2","24"," 10.0","24","  4.3","24","  9.9","999.9","  46.4","*","  21.2","*"," 0.00","I","999.9","000000"
"74465853889","2019-12-21","38.66472","-88.45278","143.9","FLORA MUNICIPAL AIRPORT, IL US","  36.6","24","  29.4","24","9999.9"," 0","012.4","24","  9.4","24","  2.1","24","  6.0","999.9","  48.2","*","  24.8","*"," 0.00","I","999.9","000000"
"74465853889","2019-12-22","38.66472","-88.45278","143.9","FLORA MUNICIPAL AIRPORT, IL US","  36.7","24","  32.3","24","9999.9"," 0","009.8","24","  9.4","24","  1.2","24","  7.0","999.9","  53.6","*","  26.6","*"," 0.00","I","999.9","000000"
"74465853889","2019-12-23","38.66472","-88.45278","143.9","FLORA MUNICIPAL AIRPORT, IL US","  40.2","24","  35.8","24","9999.9"," 0","004.1","24","  6.4","24","  1.7","24","  6.0","999.9","  57.2","*","  28.4","*"," 0.00","I","999.9","000000"
"74465853889","2019-12-24","38.66472","-88.45278","143.9","FLORA MUNICIPAL AIRPORT, IL US","  40.6","24","  36.7","24","9999.9"," 0","002.0","24","  6.1","24","  2.3","24","  8.9","999.9","  60.8","*","  28.4","*"," 0.00","I","999.9","100000"
"74465853889","2019-12-25","38.66472","-88.45278","143.9","FLORA MUNICIPAL AIRPORT, IL US","  45.2","24","  39.1","24","9999.9"," 0","998.4","24","  9.5","24","  5.4","24"," 15.0"," 15.9","  66.2","*","  32.0","*"," 0.00","I","999.9","000000"
"74465853889","2019-12-26","38.66472","-88.45278","143.9","FLORA MUNICIPAL AIRPORT, IL US","  57.0","24","  51.7","24","9999.9"," 0","999.2","24","  8.8","24"," 10.1","24"," 17.1"," 19.0","  68.0","*","  44.6","*"," 0.00","I","999.9","100000"
"74465853889","2019-12-27","38.66472","-88.45278","143.9","FLORA MUNICIPAL AIRPORT, IL US","  46.9","24","  43.9","24","9999.9"," 0","005.4","24","  7.1","24","  6.8","24"," 12.0","999.9","  57.2","*","  41.0","*"," 0.00","I","999.9","000000"
"74465853889","2019-12-28","38.66472","-88.45278","143.9","FLORA MUNICIPAL AIRPORT, IL US","  46.9","24","  45.1","24","9999.9"," 0","003.2","24","  4.4","24","  6.2","24"," 13.0","999.9","  59.0","*","  39.2","*","99.99"," ","999.9","010000"
"74465853889","2019-12-29","38.66472","-88.45278","143.9","FLORA MUNICIPAL AIRPORT, IL US","  57.9","24","  55.9","24","9999.9"," 0","990.0","24","  9.9","24"," 12.0","24"," 19.0"," 24.1","  60.8","*","  51.8","*","99.99"," ","999.9","010000"
"74465853889","2019-12-30","38.66472","-88.45278","143.9","FLORA MUNICIPAL AIRPORT, IL US","  42.1","24","  34.8","24","9999.9"," 0","987.6","24","  9.8","24"," 13.2","24"," 25.1"," 33.0","  51.8","*","  35.6","*","99.99"," ","999.9","010000"
"74465853889","2019-12-31","38.66472","-88.45278","143.9","FLORA MUNICIPAL AIRPORT, IL US","  36.0","24","  26.6","24","9999.9"," 0","994.6","23"," 10.0","24"," 14.4","24"," 19.0"," 28.9","  39.2","*","  33.8","*"," 0.00","I","999.9","000000"
"74465853889","2020-01-01","38.66472","-88.45278","143.9","FLORA MUNICIPAL AIRPORT, IL US","  37.1"," 7","  29.4"," 7","9999.9"," 0","999.9"," 0"," 10.0"," 7","  6.0"," 7","  8.0","999.9","  37.4","*","  33.8","*"," 0.00","I","999.9","000000"
