"STATION","DATE","LATITUDE","LONGITUDE","ELEVATION","NAME","TEMP","TEMP_ATTRIBUTES","DEWP","DEWP_ATTRIBUTES","SLP","SLP_ATTRIBUTES","STP","STP_ATTRIBUTES","VISIB","VISIB_ATTRIBUTES","WDSP","WDSP_ATTRIBUTES","MXSPD","GUST","MAX","MAX_ATTRIBUTES","MIN","MIN_ATTRIBUTES","PRCP","PRCP_ATTRIBUTES","SNDP","FRSHTT"
"93773099999","2019-01-01","-44.3","171.2333333","27.0","TIMARU AERODROME AWS, NZ","  67.3"," 8","  61.4"," 8","1005.0"," 8","001.8"," 8"," 10.1"," 8","  4.0"," 8","  6.0","999.9","  81.0","*","  58.5"," "," 0.00","G","999.9","000000"
"93773099999","2019-01-02","-44.3","171.2333333","27.0","TIMARU AERODROME AWS, NZ","  65.5"," 8","  55.6"," 8","1002.9"," 8","999.7"," 8","  8.5"," 8","  5.1"," 8"," 13.0","999.9","  88.3"," ","  51.3","*"," 0.00","G","999.9","000000"
"93773099999","2019-01-03","-44.3","171.2333333","27.0","TIMARU AERODROME AWS, NZ","  59.0"," 8","  53.8"," 8","1008.1"," 8","004.9"," 8","  7.0"," 8","  5.6"," 8"," 13.0","999.9","  71.1"," ","  48.4","*"," 0.00","G","999.9","000000"
"93773099999","2019-01-04","-44.3","171.2333333","27.0","TIMARU AERODROME AWS, NZ","  58.5"," 8","  52.9"," 8","1013.6"," 8","010.3"," 8","  7.0"," 8","  5.4"," 8"," 12.0","999.9","  68.4"," ","  46.2"," "," 0.00","G","999.9","000000"
"93773099999","2019-01-05","-44.3","171.2333333","27.0","TIMARU AERODROME AWS, NZ","  70.2"," 8","  53.8"," 8","1005.4"," 8","002.2"," 8"," 10.9"," 8","  8.6"," 8"," 15.9","999.9","  90.0"," ","  46.8"," "," 0.00","G","999.9","000000"
"93773099999","2019-01-06","-44.3","171.2333333","27.0","TIMARU AERODROME AWS, NZ","  57.9"," 8","  54.6"," 8","1011.5"," 8","008.2"," 8","  8.1"," 8","  4.1"," 8","  7.0","999.9","  62.6"," ","  55.4","*"," 0.00","G","999.9","000000"
"93773099999","2019-01-07","-44.3","171.2333333","27.0","TIMARU AERODROME AWS, NZ","  62.5"," 8","  56.2"," 8","1014.5"," 8","011.2"," 8"," 11.7"," 8","  6.0"," 8"," 11.1","999.9","  71.2"," ","  54.0","*"," 0.24","G","999.9","000000"
"93773099999","2019-01-08","-44.3","171.2333333","27.0","TIMARU AERODROME AWS, NZ","  60.4"," 8","  55.7"," 8","1018.6"," 8","015.3"," 8","  5.6"," 8","  4.6"," 8","  9.9","999.9","  66.7"," ","  53.6"," "," 0.00","G","999.9","000000"
"93773099999","2019-01-09","-44.3","171.2333333","27.0","TIMARU AERODROME AWS, NZ","  63.7"," 8","  58.4"," 8","1006.5"," 8","003.3"," 8","  8.5"," 8","  4.6"," 8","  9.9","999.9","  73.2"," ","  56.8"," "," 0.02","G","999.9","000000"
"93773099999","2019-01-10","-44.3","171.2333333","27.0","TIMARU AERODROME AWS, NZ","  56.9"," 8","  50.0"," 8","1011.7"," 8","008.4"," 8"," 10.9"," 8","  5.0"," 8","  8.0","999.9","  67.6"," ","  46.6","*"," 0.00","G","999.9","000000"
"93773099999","2019-01-11","-44.3","171.2333333","27.0","TIMARU AERODROME AWS, NZ","  55.4"," 8","  51.1"," 8","1023.3"," 8","020.0"," 8","  5.0"," 8","  3.9"," 8","  8.0","999.9","  60.6"," ","  46.4"," "," 0.00","G","999.9","000000"
"93773099999","2019-01-12","-44.3","171.2333333","27.0","TIMARU AERODROME AWS, NZ","  57.7"," 8","  54.3"," 8","1018.2"," 8","014.9"," 8","  8.5"," 8","  4.2"," 8","  8.0","999.9","  62.4"," ","  52.2"," "," 0.33","G","999.9","000000"
"93773099999","2019-01-13","-44.3","171.2333333","27.0","TIMARU AERODROME AWS, NZ","  56.9"," 8","  53.2"," 8","1005.9"," 8","002.6"," 8"," 10.1"," 8","  6.3"," 8"," 20.0","999.9","  65.7"," ","  50.2"," "," 0.00","G","999.9","000000"
"93773099999","2019-01-14","-44.3","171.2333333","27.0","TIMARU AERODROME AWS, NZ","  56.9"," 8","  52.9"," 8","1015.4"," 8","012.2"," 8","  6.1"," 8","  6.8"," 8"," 15.9","999.9","  63.5"," ","  51.1"," "," 0.52","G","999.9","000000"
"93773099999","2019-01-15","-44.3","171.2333333","27.0","TIMARU AERODROME AWS, NZ","  57.3"," 8","  50.8"," 8","1016.6"," 8","013.3"," 8"," 11.2"," 8","  3.8"," 8","  8.0","999.9","  62.6"," ","  48.6","*"," 0.00","G","999.9","000000"
"93773099999","2019-01-16","-44.3","171.2333333","27.0","TIMARU AERODROME AWS, NZ","  62.0"," 8","  57.5"," 8","1008.2"," 8","005.0"," 8","  6.6"," 8","  4.8"," 8","  8.0","999.9","  71.1"," ","  46.4"," "," 0.00","G","999.9","000000"
"93773099999","2019-01-17","-44.3","171.2333333","27.0","TIMARU AERODROME AWS, NZ","  62.0"," 8","  57.9"," 8","1009.1"," 8","005.9"," 8","  8.5"," 8","  6.3"," 8","  8.9","999.9","  69.6"," ","  50.2"," "," 0.00","G","999.9","000000"
"93773099999","2019-01-18","-44.3","171.2333333","27.0","TIMARU AERODROME AWS, NZ","  61.8"," 8","  58.5"," 8","1009.8"," 8","006.6"," 8"," 10.1"," 8","  4.0"," 8","  7.0","999.9","  66.0"," ","  56.1"," "," 0.00","G","999.9","000000"
"93773099999","2019-01-19","-44.3","171.2333333","27.0","TIMARU AERODROME AWS, NZ","  67.5"," 8","  49.1"," 8"," 996.0"," 8","992.9"," 8"," 10.1"," 8","  7.7"," 8"," 14.0","999.9","  81.5"," ","  56.1"," "," 0.00","G","999.9","000000"
"93773099999","2019-01-20","-44.3","171.2333333","27.0","TIMARU AERODROME AWS, NZ","  65.4"," 8","  44.6"," 8"," 998.0"," 8","994.9"," 8"," 11.7"," 8","  8.8"," 8"," 22.0","999.9","  78.6"," ","  52.3","*"," 0.02","G","999.9","000000"
"93773099999","2019-01-21","-44.3","171.2333333","27.0","TIMARU AERODROME AWS, NZ","  59.2"," 8","  50.9"," 8","1003.5"," 8","000.3"," 8","  8.5"," 8","  5.7"," 8"," 11.1","999.9","  79.9"," ","  50.0"," "," 0.00","G","999.9","000000"
"93773099999","2019-01-22","-44.3","171.2333333","27.0","TIMARU AERODROME AWS, NZ","  74.0"," 8","  48.4"," 8"," 999.1"," 8","996.0"," 8"," 10.4"," 8"," 12.6"," 8"," 22.0","999.9","  86.0"," ","  49.1"," "," 0.00","G","999.9","000000"
"93773099999","2019-01-23","-44.3","171.2333333","27.0","TIMARU AERODROME AWS, NZ","  52.5"," 8","  46.8"," 8","1002.8"," 8","999.6"," 8"," 10.9"," 8","  9.5"," 8"," 27.0","999.9","  76.8"," ","  38.7","*"," 0.00","G","999.9","000000"
"93773099999","2019-01-24","-44.3","171.2333333","27.0","TIMARU AERODROME AWS, NZ","  55.3"," 8","  45.5"," 8","1015.8"," 8","012.5"," 8"," 11.7"," 8","  5.4"," 8"," 12.0","999.9","  63.1"," ","  36.7"," "," 0.28","G","999.9","000000"
"93773099999","2019-01-25","-44.3","171.2333333","27.0","TIMARU AERODROME AWS, NZ","  58.6"," 8","  51.0"," 8","1013.3"," 8","010.0"," 8","  8.9"," 8","  3.9"," 8","  8.0","999.9","  65.5"," ","  44.8"," "," 0.00","G","999.9","000000"
"93773099999","2019-01-26","-44.3","171.2333333","27.0","TIMARU AERODROME AWS, NZ","  64.9"," 8","  57.6"," 8","1003.9"," 8","000.7"," 8","  8.5"," 8","  5.4"," 8","  8.9","999.9","  70.9"," ","  52.3"," "," 0.00","G","999.9","000000"
"93773099999","2019-01-27","-44.3","171.2333333","27.0","TIMARU AERODROME AWS, NZ","  62.5"," 8","  58.3"," 8","1008.9"," 8","005.7"," 8","  5.7"," 8","  5.0"," 8"," 11.1","999.9","  79.3"," ","  58.5","*"," 0.00","G","999.9","000000"
"93773099999","2019-01-28","-44.3","171.2333333","27.0","TIMARU AERODROME AWS, NZ","  67.8"," 8","  61.9"," 8","1016.7"," 8","013.5"," 8"," 10.9"," 8","  3.7"," 8","  9.9","999.9","  77.4"," ","  56.8"," "," 0.09","G","999.9","000000"
"93773099999","2019-01-29","-44.3","171.2333333","27.0","TIMARU AERODROME AWS, NZ","  65.6"," 8","  61.5"," 8","1019.1"," 8","015.9"," 8","  6.3"," 8","  2.7"," 8","  5.1","999.9","  76.5"," ","  57.4","*"," 0.00","G","999.9","000000"
"93773099999","2019-01-30","-44.3","171.2333333","27.0","TIMARU AERODROME AWS, NZ","  69.3"," 8","  60.1"," 8","1019.5"," 8","016.3"," 8","  9.4"," 8","  2.9"," 8","  5.1","999.9","  82.6"," ","  54.9"," "," 0.00","G","999.9","000000"
"93773099999","2019-01-31","-44.3","171.2333333","27.0","TIMARU AERODROME AWS, NZ","  71.9"," 8","  61.6"," 8","1006.1"," 8","002.9"," 8","  8.5"," 8","  4.1"," 8","  7.0","999.9","  80.2"," ","  55.9"," "," 0.00","G","999.9","000000"
"93773099999","2019-02-01","-44.3","171.2333333","27.0","TIMARU AERODROME AWS, NZ","  55.7"," 8","  50.4"," 8","1015.5"," 8","012.2"," 8","  7.0"," 8","  6.4"," 8"," 18.1","999.9","  84.0"," ","  46.2","*"," 0.00","G","999.9","000000"
"93773099999","2019-02-02","-44.3","171.2333333","27.0","TIMARU AERODROME AWS, NZ","  58.2"," 8","  50.3"," 8","1023.1"," 8","019.8"," 8","  7.0"," 8","  4.0"," 8"," 11.1","999.9","  67.1"," ","  45.3"," "," 0.03","G","999.9","000000"
"93773099999","2019-02-03","-44.3","171.2333333","27.0","TIMARU AERODROME AWS, NZ","  58.7"," 8","  53.3"," 8","1019.1"," 8","015.8"," 8","  5.7"," 8","  3.6"," 8","  7.0","999.9","  70.7"," ","  45.5"," "," 0.00","G","999.9","000000"
"93773099999","2019-02-04","-44.3","171.2333333","27.0","TIMARU AERODROME AWS, NZ","  62.4"," 8","  57.0"," 8","1010.9"," 8","007.6"," 8","  5.0"," 8","  3.7"," 8","  8.0","999.9","  78.6"," ","  46.0"," "," 0.00","G","999.9","000000"
"93773099999","2019-02-05","-44.3","171.2333333","27.0","TIMARU AERODROME AWS, NZ","  58.9"," 8","  52.0"," 8","1016.6"," 8","013.3"," 8"," 10.1"," 8","  3.9"," 8","  9.9","999.9","  73.6"," ","  49.1"," "," 0.00","G","999.9","000000"
"93773099999","2019-02-06","-44.3","171.2333333","27.0","TIMARU AERODROME AWS, NZ","  53.6"," 8","  45.6"," 8","1030.2"," 8","026.8"," 8"," 10.9"," 8","  3.1"," 8","  5.1","999.9","  59.0","*","  50.0","*"," 0.04","G","999.9","000000"
"93773099999","2019-02-07","-44.3","171.2333333","27.0","TIMARU AERODROME AWS, NZ","  53.4"," 8","  43.9"," 8","1025.2"," 8","021.9"," 8"," 10.9"," 8","  6.3"," 8"," 13.0","999.9","  66.6"," ","  40.8","*"," 0.00","G","999.9","000000"
"93773099999","2019-02-08","-44.3","171.2333333","27.0","TIMARU AERODROME AWS, NZ","  62.6"," 8","  52.0"," 8","1013.2"," 8","010.0"," 8"," 10.1"," 8","  4.9"," 8","  9.9","999.9","  75.6"," ","  39.4"," "," 0.00","G","999.9","000000"
"93773099999","2019-02-09","-44.3","171.2333333","27.0","TIMARU AERODROME AWS, NZ","  69.1"," 8","  50.0"," 8","1008.6"," 8","005.4"," 8"," 11.7"," 8","  6.0"," 8","  9.9","999.9","  86.4"," ","  45.1"," "," 0.00","G","999.9","000000"
"93773099999","2019-02-10","-44.3","171.2333333","27.0","TIMARU AERODROME AWS, NZ","  67.7"," 8","  52.0"," 8","1003.5"," 8","000.3"," 8"," 11.7"," 8","  5.2"," 8"," 12.0","999.9","  86.0"," ","  50.4"," "," 0.00","G","999.9","000000"
"93773099999","2019-02-11","-44.3","171.2333333","27.0","TIMARU AERODROME AWS, NZ","  65.5"," 8","  56.8"," 8"," 999.2"," 8","996.0"," 8","  8.5"," 8","  4.6"," 8","  8.9","999.9","  80.6"," ","  48.4"," "," 0.00","G","999.9","000000"
"93773099999","2019-02-12","-44.3","171.2333333","27.0","TIMARU AERODROME AWS, NZ","  65.4"," 8","  57.7"," 8","1005.9"," 8","002.7"," 8","  7.8"," 8","  5.1"," 8"," 12.0","999.9","  76.3"," ","  50.4"," "," 0.00","G","999.9","000000"
"93773099999","2019-02-13","-44.3","171.2333333","27.0","TIMARU AERODROME AWS, NZ","  63.2"," 8","  59.4"," 8","1007.1"," 8","003.8"," 8","  3.0"," 8","  4.0"," 8","  8.0","999.9","  72.9"," ","  55.0"," "," 0.00","G","999.9","000000"
"93773099999","2019-02-14","-44.3","171.2333333","27.0","TIMARU AERODROME AWS, NZ","  58.2"," 6","  55.3"," 6","1012.0"," 6","008.7"," 6","  6.0"," 6","  5.5"," 6"," 15.9","999.9","  61.2","*","  54.5","*"," 0.20","B","999.9","000000"
"93773099999","2019-02-15","-44.3","171.2333333","27.0","TIMARU AERODROME AWS, NZ","  59.7"," 7","  50.2"," 7","1011.2"," 7","007.9"," 7","  9.8"," 7"," 10.3"," 7"," 22.9","999.9","  70.3"," ","  50.5","*"," 0.00","C","999.9","000000"
"93773099999","2019-02-19","-44.3","171.2333333","27.0","TIMARU AERODROME AWS, NZ","  68.5"," 8","  53.0"," 8","1003.3"," 8","000.1"," 8"," 12.4"," 8","  5.0"," 8","  8.9","999.9","  88.9"," ","  54.7","*"," 0.01","G","999.9","000000"
"93773099999","2019-02-20","-44.3","171.2333333","27.0","TIMARU AERODROME AWS, NZ","  60.5"," 8","  52.1"," 8","1013.4"," 8","010.2"," 8","  8.5"," 8","  4.8"," 8","  9.9","999.9","  70.5"," ","  48.7","*"," 0.00","G","999.9","000000"
"93773099999","2019-02-21","-44.3","171.2333333","27.0","TIMARU AERODROME AWS, NZ","  62.1"," 8","  54.6"," 8","1005.5"," 8","002.3"," 8","  8.1"," 8","  6.4"," 8"," 15.0","999.9","  77.2"," ","  48.2"," "," 0.00","G","999.9","000000"
"93773099999","2019-02-22","-44.3","171.2333333","27.0","TIMARU AERODROME AWS, NZ","  54.6"," 8","  47.6"," 8","1008.0"," 8","004.7"," 8","  8.5"," 8","  5.4"," 8"," 11.1","999.9","  62.6"," ","  45.1","*"," 0.05","G","999.9","000000"
"93773099999","2019-02-23","-44.3","171.2333333","27.0","TIMARU AERODROME AWS, NZ","  53.5"," 8","  46.4"," 8","1006.2"," 8","002.9"," 8"," 10.9"," 8","  6.0"," 8"," 11.1","999.9","  61.3"," ","  44.4"," "," 0.01","G","999.9","000000"
"93773099999","2019-02-24","-44.3","171.2333333","27.0","TIMARU AERODROME AWS, NZ","  50.9"," 8","  42.3"," 8","1019.9"," 8","016.6"," 8"," 10.9"," 8","  9.0"," 8"," 15.9","999.9","  58.3"," ","  42.4","*"," 0.34","G","999.9","000000"
"93773099999","2019-02-25","-44.3","171.2333333","27.0","TIMARU AERODROME AWS, NZ","  50.4"," 8","  42.1"," 8","1021.9"," 8","018.5"," 8"," 11.7"," 8","  3.7"," 8","  7.0","999.9","  61.3"," ","  40.5","*"," 0.02","G","999.9","000000"
"93773099999","2019-02-26","-44.3","171.2333333","27.0","TIMARU AERODROME AWS, NZ","  60.5"," 8","  50.6"," 8","1011.1"," 8","007.8"," 8"," 12.4"," 8","  3.4"," 8","  6.0","999.9","  71.2"," ","  39.6"," "," 0.00","G","999.9","000000"
"93773099999","2019-02-27","-44.3","171.2333333","27.0","TIMARU AERODROME AWS, NZ","  50.0"," 8","  41.2"," 8","1014.8"," 8","011.5"," 8"," 10.9"," 8","  7.0"," 8"," 15.9","999.9","  79.0"," ","  35.6","*"," 0.00","G","999.9","000000"
"93773099999","2019-02-28","-44.3","171.2333333","27.0","TIMARU AERODROME AWS, NZ","  51.1"," 8","  38.9"," 8","1025.8"," 8","022.4"," 8"," 12.4"," 8","  5.2"," 8","  8.0","999.9","  61.9"," ","  34.7"," "," 0.10","G","999.9","000000"
"93773099999","2019-03-01","-44.3","171.2333333","27.0","TIMARU AERODROME AWS, NZ","  56.6"," 8","  44.6"," 8","1029.2"," 8","025.9"," 8"," 10.1"," 8","  4.6"," 8","  7.0","999.9","  70.7"," ","  39.7"," "," 0.00","G","999.9","000000"
"93773099999","2019-03-02","-44.3","171.2333333","27.0","TIMARU AERODROME AWS, NZ","  59.2"," 8","  53.4"," 8","1031.0"," 8","027.7"," 8","  6.7"," 8","  4.5"," 8","  8.0","999.9","  66.9"," ","  41.2"," "," 0.00","G","999.9","000000"
"93773099999","2019-03-03","-44.3","171.2333333","27.0","TIMARU AERODROME AWS, NZ","  60.2"," 8","  54.2"," 8","1026.2"," 8","022.9"," 8","  7.1"," 8","  4.5"," 8","  7.0","999.9","  71.2"," ","  48.6","*"," 0.02","G","999.9","000000"
"93773099999","2019-03-04","-44.3","171.2333333","27.0","TIMARU AERODROME AWS, NZ","  63.8"," 8","  54.3"," 8","1017.9"," 8","014.7"," 8","  9.5"," 8","  2.8"," 8","  6.0","999.9","  77.4"," ","  47.3"," "," 0.00","G","999.9","000000"
"93773099999","2019-03-05","-44.3","171.2333333","27.0","TIMARU AERODROME AWS, NZ","  71.2"," 8","  52.8"," 8","1017.2"," 8","014.0"," 8"," 11.7"," 8","  4.9"," 8"," 11.1","999.9","  90.1"," ","  49.6"," "," 0.00","G","999.9","000000"
"93773099999","2019-03-06","-44.3","171.2333333","27.0","TIMARU AERODROME AWS, NZ","  64.1"," 8","  55.1"," 8","1011.1"," 8","007.8"," 8","  6.6"," 8","  3.9"," 8","  6.0","999.9","  76.5"," ","  51.4","*"," 0.00","G","999.9","000000"
"93773099999","2019-03-07","-44.3","171.2333333","27.0","TIMARU AERODROME AWS, NZ","  63.1"," 8","  48.1"," 8","1012.9"," 8","009.7"," 8","  9.0"," 8","  9.6"," 8"," 18.1","999.9","  85.3"," ","  49.8"," "," 0.00","G","999.9","000000"
"93773099999","2019-03-08","-44.3","171.2333333","27.0","TIMARU AERODROME AWS, NZ","  52.5"," 8","  44.4"," 8","1022.1"," 8","018.8"," 8"," 10.9"," 8","  4.0"," 8","  8.0","999.9","  62.8"," ","  43.5","*"," 0.24","G","999.9","000000"
"93773099999","2019-03-09","-44.3","171.2333333","27.0","TIMARU AERODROME AWS, NZ","  58.4"," 8","  48.1"," 8","1023.0"," 8","019.8"," 8"," 12.4"," 8","  4.2"," 8","  8.0","999.9","  69.3"," ","  42.3"," "," 0.00","G","999.9","000000"
"93773099999","2019-03-10","-44.3","171.2333333","27.0","TIMARU AERODROME AWS, NZ","  54.7"," 8","  50.7"," 8","1021.7"," 8","018.4"," 8","  7.4"," 8","  2.5"," 8","  6.0","999.9","  64.6"," ","  45.5","*"," 0.00","G","999.9","000000"
"93773099999","2019-03-11","-44.3","171.2333333","27.0","TIMARU AERODROME AWS, NZ","  61.0"," 8","  56.7"," 8","1012.2"," 8","009.0"," 8","  6.2"," 8","  3.1"," 8","  7.0","999.9","  68.4"," ","  43.7"," "," 0.05","G","999.9","000000"
"93773099999","2019-03-12","-44.3","171.2333333","27.0","TIMARU AERODROME AWS, NZ","  61.2"," 8","  54.2"," 8","1010.5"," 8","007.2"," 8","  9.3"," 8","  3.3"," 8","  7.0","999.9","  76.5"," ","  49.6","*"," 0.00","G","999.9","000000"
"93773099999","2019-03-13","-44.3","171.2333333","27.0","TIMARU AERODROME AWS, NZ","  61.4"," 7","  53.4"," 7","1014.8"," 7","011.5"," 7","  6.7"," 7","  8.3"," 7"," 26.0","999.9","  76.8","*","  48.2"," "," 0.00","G","999.9","000000"
"93773099999","2019-03-14","-44.3","171.2333333","27.0","TIMARU AERODROME AWS, NZ","  55.1"," 8","  52.6"," 8","1022.3"," 8","019.0"," 8","  6.8"," 8","  3.1"," 8","  6.0","999.9","  58.5"," ","  51.8"," "," 0.11","G","999.9","000000"
"93773099999","2019-03-15","-44.3","171.2333333","27.0","TIMARU AERODROME AWS, NZ","  59.0"," 8","  55.4"," 8","1018.2"," 8","014.9"," 8","  9.3"," 8","  4.1"," 8","  8.0","999.9","  63.9"," ","  53.8"," "," 0.05","G","999.9","000000"
"93773099999","2019-03-16","-44.3","171.2333333","27.0","TIMARU AERODROME AWS, NZ","  60.5"," 8","  52.8"," 8","1027.3"," 8","024.1"," 8"," 10.9"," 8","  3.0"," 8","  6.0","999.9","  68.5"," ","  56.3","*"," 0.08","G","999.9","000000"
"93773099999","2019-03-17","-44.3","171.2333333","27.0","TIMARU AERODROME AWS, NZ","  60.6"," 8","  55.0"," 8","1026.9"," 8","023.6"," 8"," 10.9"," 8","  4.0"," 8","  8.0","999.9","  65.8"," ","  56.1"," "," 0.00","G","999.9","000000"
"93773099999","2019-03-18","-44.3","171.2333333","27.0","TIMARU AERODROME AWS, NZ","  61.5"," 8","  55.9"," 8","1025.7"," 8","022.4"," 8"," 10.1"," 8","  3.0"," 8","  6.0","999.9","  69.4"," ","  56.8"," "," 0.00","G","999.9","000000"
"93773099999","2019-03-19","-44.3","171.2333333","27.0","TIMARU AERODROME AWS, NZ","  60.7"," 8","  56.7"," 8","1025.7"," 8","022.4"," 8","  8.1"," 8","  2.7"," 8","  5.1","999.9","  66.0"," ","  54.1","*"," 0.00","G","999.9","000000"
"93773099999","2019-03-20","-44.3","171.2333333","27.0","TIMARU AERODROME AWS, NZ","  60.0"," 8","  57.2"," 8","1026.9"," 8","023.6"," 8","  5.6"," 8","  2.9"," 8","  6.0","999.9","  67.8"," ","  52.0"," "," 0.00","G","999.9","000000"
"93773099999","2019-03-21","-44.3","171.2333333","27.0","TIMARU AERODROME AWS, NZ","  60.9"," 8","  56.1"," 8","1026.2"," 8","022.9"," 8"," 10.4"," 8","  4.2"," 8","  8.9","999.9","  71.8"," ","  52.7"," "," 0.00","G","999.9","000000"
"93773099999","2019-03-22","-44.3","171.2333333","27.0","TIMARU AERODROME AWS, NZ","  60.9"," 8","  58.0"," 8","1024.4"," 8","021.1"," 8","  3.7"," 8","  2.1"," 8","  4.1","999.9","  69.3"," ","  53.6"," "," 0.00","G","999.9","000000"
"93773099999","2019-03-23","-44.3","171.2333333","27.0","TIMARU AERODROME AWS, NZ","  61.6"," 8","  57.9"," 8","1020.8"," 8","017.6"," 8","  4.8"," 8","  2.8"," 8","  5.1","999.9","  65.5"," ","  53.6"," "," 0.00","G","999.9","000000"
"93773099999","2019-03-24","-44.3","171.2333333","27.0","TIMARU AERODROME AWS, NZ","  61.9"," 8","  57.7"," 8","1016.2"," 8","012.9"," 8","  6.2"," 8","  3.4"," 8","  6.0","999.9","  71.2"," ","  55.0","*"," 0.00","G","999.9","000000"
"93773099999","2019-03-25","-44.3","171.2333333","27.0","TIMARU AERODROME AWS, NZ","  66.9"," 8","  60.0"," 8","1009.2"," 8","006.0"," 8"," 10.1"," 8","  2.8"," 8","  6.0","999.9","  74.7"," ","  54.1"," "," 0.00","G","999.9","000000"
"93773099999","2019-03-26","-44.3","171.2333333","27.0","TIMARU AERODROME AWS, NZ","  69.2"," 8","  59.8"," 8","1002.8"," 8","999.6"," 8"," 10.9"," 8","  3.1"," 8","  6.0","999.9","  85.6"," ","  58.5"," "," 0.00","G","999.9","000000"
"93773099999","2019-03-27","-44.3","171.2333333","27.0","TIMARU AERODROME AWS, NZ","  57.4"," 8","  51.3"," 8","1017.6"," 8","014.3"," 8","  7.8"," 8","  5.4"," 8"," 17.1","999.9","  73.2"," ","  48.7","*"," 0.01","G","999.9","000000"
"93773099999","2019-03-28","-44.3","171.2333333","27.0","TIMARU AERODROME AWS, NZ","  51.9"," 8","  45.9"," 8","1028.4"," 8","025.0"," 8","  8.6"," 8","  4.0"," 8","  9.9","999.9","  66.4"," ","  39.4","*"," 0.00","G","999.9","000000"
"93773099999","2019-03-29","-44.3","171.2333333","27.0","TIMARU AERODROME AWS, NZ","  56.0"," 8","  48.9"," 8","1028.4"," 8","025.1"," 8"," 10.4"," 8","  5.2"," 8"," 11.1","999.9","  69.4"," ","  38.5"," "," 0.00","G","999.9","000000"
"93773099999","2019-03-30","-44.3","171.2333333","27.0","TIMARU AERODROME AWS, NZ","  59.7"," 8","  55.1"," 8","1023.3"," 8","020.0"," 8","  4.8"," 8","  4.4"," 8","  8.9","999.9","  70.0"," ","  41.4"," "," 0.00","G","999.9","000000"
"93773099999","2019-03-31","-44.3","171.2333333","27.0","TIMARU AERODROME AWS, NZ","  66.8"," 8","  53.6"," 8","1002.6"," 8","999.4"," 8"," 11.7"," 8"," 11.2"," 8"," 20.0","999.9","  75.9"," ","  51.1"," "," 0.00","G","999.9","000000"
"93773099999","2019-04-01","-44.3","171.2333333","27.0","TIMARU AERODROME AWS, NZ","  57.7"," 8","  38.3"," 8","1009.4"," 8","006.2"," 8"," 12.4"," 8","  9.9"," 8"," 21.0","999.9","  79.2"," ","  44.8","*"," 0.14","G","999.9","000000"
"93773099999","2019-04-02","-44.3","171.2333333","27.0","TIMARU AERODROME AWS, NZ","  49.1"," 8","  40.4"," 8","1026.9"," 8","023.5"," 8"," 12.4"," 8","  6.3"," 8"," 12.0","999.9","  63.9"," ","  39.0","*"," 0.00","G","999.9","000000"
"93773099999","2019-04-03","-44.3","171.2333333","27.0","TIMARU AERODROME AWS, NZ","  48.0"," 8","  41.1"," 8","1024.8"," 8","021.4"," 8","  9.4"," 8","  4.1"," 8","  8.0","999.9","  64.4"," ","  34.7","*"," 0.00","G","999.9","000000"
"93773099999","2019-04-04","-44.3","171.2333333","27.0","TIMARU AERODROME AWS, NZ","  52.5"," 8","  44.0"," 8","1025.8"," 8","022.5"," 8"," 11.7"," 8","  8.0"," 8"," 14.0","999.9","  62.8"," ","  32.0"," "," 0.00","G","999.9","000000"
"93773099999","2019-04-05","-44.3","171.2333333","27.0","TIMARU AERODROME AWS, NZ","  44.1"," 8","  36.9"," 8","1031.4"," 8","028.0"," 8"," 11.7"," 8","  7.7"," 8"," 15.9","999.9","  57.6"," ","  36.9","*"," 0.06","G","999.9","000000"
"93773099999","2019-04-06","-44.3","171.2333333","27.0","TIMARU AERODROME AWS, NZ","  45.1"," 8","  35.7"," 8","1027.7"," 8","024.3"," 8"," 12.4"," 8","  4.9"," 8","  7.0","999.9","  57.9"," ","  34.2"," "," 0.02","G","999.9","000000"
"93773099999","2019-04-07","-44.3","171.2333333","27.0","TIMARU AERODROME AWS, NZ","  48.3"," 8","  41.5"," 8","1024.2"," 8","020.9"," 8"," 10.1"," 8","  3.2"," 8","  6.0","999.9","  60.8"," ","  34.7"," "," 0.00","G","999.9","000000"
"93773099999","2019-04-08","-44.3","171.2333333","27.0","TIMARU AERODROME AWS, NZ","  49.2"," 8","  44.9"," 8","1018.1"," 8","014.8"," 8","  5.6"," 8","  3.2"," 8","  8.0","999.9","  62.6"," ","  36.9"," "," 0.00","G","999.9","000000"
"93773099999","2019-04-09","-44.3","171.2333333","27.0","TIMARU AERODROME AWS, NZ","  53.6"," 8","  48.7"," 8","1009.8"," 8","006.6"," 8","  7.3"," 8","  3.0"," 8","  5.1","999.9","  67.8"," ","  37.9"," "," 0.00","G","999.9","000000"
"93773099999","2019-04-10","-44.3","171.2333333","27.0","TIMARU AERODROME AWS, NZ","  55.7"," 8","  50.8"," 8","1006.1"," 8","002.8"," 8","  9.5"," 8","  6.6"," 8"," 15.9","999.9","  68.5"," ","  43.3"," "," 0.00","G","999.9","000000"
"93773099999","2019-04-11","-44.3","171.2333333","27.0","TIMARU AERODROME AWS, NZ","  50.6"," 8","  46.7"," 8","1008.6"," 8","005.3"," 8"," 10.9"," 8","  5.1"," 8","  9.9","999.9","  55.0"," ","  47.1","*"," 0.02","G","999.9","000000"
"93773099999","2019-04-12","-44.3","171.2333333","27.0","TIMARU AERODROME AWS, NZ","  45.2"," 8","  38.5"," 8","1019.5"," 8","016.1"," 8"," 10.3"," 8","  7.6"," 8"," 18.1","999.9","  59.7"," ","  33.8","*"," 0.00","G","999.9","000000"
"93773099999","2019-04-13","-44.3","171.2333333","27.0","TIMARU AERODROME AWS, NZ","  47.8"," 8","  40.0"," 8","1018.5"," 8","015.1"," 8"," 10.9"," 8","  4.8"," 8","  8.0","999.9","  60.1"," ","  31.8"," "," 0.00","G","999.9","000000"
"93773099999","2019-04-14","-44.3","171.2333333","27.0","TIMARU AERODROME AWS, NZ","  51.7"," 8","  45.2"," 8","1024.0"," 8","020.7"," 8"," 10.1"," 8","  5.5"," 8"," 13.0","999.9","  60.6"," ","  35.6"," "," 0.00","G","999.9","000000"
"93773099999","2019-04-15","-44.3","171.2333333","27.0","TIMARU AERODROME AWS, NZ","  51.0"," 8","  42.5"," 8","1028.4"," 8","025.0"," 8"," 12.4"," 8","  3.5"," 8","  7.0","999.9","  62.4"," ","  42.8","*"," 0.00","G","999.9","000000"
"93773099999","2019-04-16","-44.3","171.2333333","27.0","TIMARU AERODROME AWS, NZ","  48.0"," 8","  41.5"," 8","1033.8"," 8","030.4"," 8","  9.6"," 8","  3.6"," 8","  8.0","999.9","  59.0"," ","  34.5","*"," 0.00","G","999.9","000000"
"93773099999","2019-04-17","-44.3","171.2333333","27.0","TIMARU AERODROME AWS, NZ","  52.3"," 8","  46.9"," 8","1036.0"," 8","032.7"," 8","  8.5"," 8","  3.2"," 8","  7.0","999.9","  62.2"," ","  34.3"," "," 0.00","G","999.9","000000"
"93773099999","2019-04-18","-44.3","171.2333333","27.0","TIMARU AERODROME AWS, NZ","  50.9"," 8","  45.2"," 8","1034.4"," 8","031.0"," 8","  8.5"," 8","  2.8"," 8","  7.0","999.9","  54.5"," ","  41.7"," "," 0.00","G","999.9","000000"
"93773099999","2019-04-19","-44.3","171.2333333","27.0","TIMARU AERODROME AWS, NZ","  46.6"," 8","  42.8"," 8","1025.1"," 8","021.7"," 8","  4.4"," 8","  2.8"," 8","  5.1","999.9","  60.4"," ","  38.5","*"," 0.00","G","999.9","000000"
"93773099999","2019-04-20","-44.3","171.2333333","27.0","TIMARU AERODROME AWS, NZ","  52.2"," 8","  49.8"," 8","1019.2"," 8","015.9"," 8","  4.9"," 8","  3.6"," 8","  7.0","999.9","  61.0"," ","  36.9"," "," 0.00","G","999.9","000000"
"93773099999","2019-04-21","-44.3","171.2333333","27.0","TIMARU AERODROME AWS, NZ","  51.8"," 8","  48.8"," 8","1025.9"," 8","022.5"," 8","  8.4"," 8","  7.7"," 8"," 15.9","999.9","  56.8"," ","  45.7","*"," 0.23","G","999.9","000000"
"93773099999","2019-04-22","-44.3","171.2333333","27.0","TIMARU AERODROME AWS, NZ","  52.9"," 8","  48.6"," 8","1025.2"," 8","021.8"," 8"," 11.7"," 8","  3.1"," 8","  5.1","999.9","  59.4"," ","  44.2"," "," 0.00","G","999.9","000000"
"93773099999","2019-04-23","-44.3","171.2333333","27.0","TIMARU AERODROME AWS, NZ","  49.1"," 8","  45.5"," 8","1020.3"," 8","016.9"," 8","  6.2"," 8","  2.1"," 8","  2.9","999.9","  63.1"," ","  39.4","*"," 0.00","G","999.9","000000"
"93773099999","2019-04-24","-44.3","171.2333333","27.0","TIMARU AERODROME AWS, NZ","  53.6"," 8","  51.6"," 8","1018.4"," 8","015.1"," 8","  5.3"," 8","  2.1"," 8","  5.1","999.9","  57.4"," ","  37.2"," "," 0.00","G","999.9","000000"
"93773099999","2019-04-25","-44.3","171.2333333","27.0","TIMARU AERODROME AWS, NZ","  51.3"," 8","  47.1"," 8","1008.5"," 8","005.2"," 8","  6.1"," 8","  3.2"," 8","  5.1","999.9","  63.5"," ","  39.6","*"," 0.00","G","999.9","000000"
"93773099999","2019-04-26","-44.3","171.2333333","27.0","TIMARU AERODROME AWS, NZ","  49.7"," 8","  44.6"," 8","1004.5"," 8","001.2"," 8","  6.5"," 8","  3.6"," 8","  8.9","999.9","  63.7"," ","  39.4"," "," 0.00","G","999.9","000000"
"93773099999","2019-04-27","-44.3","171.2333333","27.0","TIMARU AERODROME AWS, NZ","  53.9"," 8","  46.6"," 8","1003.6"," 8","000.3"," 8"," 10.1"," 8","  6.7"," 8"," 13.0","999.9","  70.0"," ","  39.2"," "," 0.00","G","999.9","000000"
"93773099999","2019-04-28","-44.3","171.2333333","27.0","TIMARU AERODROME AWS, NZ","  51.6"," 8","  44.9"," 8"," 994.9"," 8","991.6"," 8"," 10.4"," 8","  4.2"," 8","  7.0","999.9","  61.3"," ","  39.4"," "," 0.00","G","999.9","000000"
"93773099999","2019-04-29","-44.3","171.2333333","27.0","TIMARU AERODROME AWS, NZ","  42.8"," 8","  35.6"," 8","1011.3"," 8","007.9"," 8"," 11.2"," 8","  7.9"," 8"," 15.9","999.9","  51.3"," ","  33.1","*"," 0.98","G","999.9","000000"
"93773099999","2019-04-30","-44.3","171.2333333","27.0","TIMARU AERODROME AWS, NZ","  46.0"," 8","  34.4"," 8","1025.7"," 8","022.3"," 8"," 12.4"," 8","  4.0"," 8","  7.0","999.9","  61.0"," ","  31.5"," "," 0.24","G","999.9","000000"
"93773099999","2019-05-01","-44.3","171.2333333","27.0","TIMARU AERODROME AWS, NZ","  47.5"," 8","  41.6"," 8","1024.6"," 8","021.3"," 8","  8.7"," 8","  3.4"," 8","  8.0","999.9","  62.1"," ","  34.5"," "," 0.00","G","999.9","000000"
"93773099999","2019-05-02","-44.3","171.2333333","27.0","TIMARU AERODROME AWS, NZ","  54.4"," 8","  49.1"," 8","1022.5"," 8","019.2"," 8","  5.4"," 8","  4.0"," 8"," 14.0","999.9","  67.3"," ","  34.3"," "," 0.00","G","999.9","000000"
"93773099999","2019-05-03","-44.3","171.2333333","27.0","TIMARU AERODROME AWS, NZ","  46.0"," 8","  42.8"," 8","1021.7"," 8","018.3"," 8","  6.7"," 8","  2.6"," 8","  4.1","999.9","  61.3"," ","  36.5","*"," 0.00","G","999.9","000000"
"93773099999","2019-05-04","-44.3","171.2333333","27.0","TIMARU AERODROME AWS, NZ","  55.9"," 8","  46.4"," 8","1017.1"," 8","013.9"," 8","  9.3"," 8","  5.6"," 8","  9.9","999.9","  67.5"," ","  34.5"," "," 0.00","G","999.9","000000"
"93773099999","2019-05-05","-44.3","171.2333333","27.0","TIMARU AERODROME AWS, NZ","  52.7"," 8","  48.6"," 8","1028.0"," 8","024.6"," 8","  7.3"," 8","  2.7"," 8","  6.0","999.9","  66.2"," ","  47.8"," "," 0.00","G","999.9","000000"
"93773099999","2019-05-06","-44.3","171.2333333","27.0","TIMARU AERODROME AWS, NZ","  53.6"," 8","  50.2"," 8","1030.2"," 8","026.8"," 8","  9.2"," 8","  2.7"," 8","  5.1","999.9","  57.2"," ","  45.9"," "," 0.00","G","999.9","000000"
"93773099999","2019-05-07","-44.3","171.2333333","27.0","TIMARU AERODROME AWS, NZ","  51.4"," 8","  48.2"," 8","1024.6"," 8","021.3"," 8","  7.1"," 8","  1.7"," 8","  2.9","999.9","  56.3"," ","  43.0","*"," 0.00","G","999.9","000000"
"93773099999","2019-05-08","-44.3","171.2333333","27.0","TIMARU AERODROME AWS, NZ","  49.7"," 8","  47.5"," 8","1017.2"," 8","013.9"," 8","  5.8"," 8","  2.1"," 8","  4.1","999.9","  57.0"," ","  40.5"," "," 0.00","G","999.9","000000"
"93773099999","2019-05-09","-44.3","171.2333333","27.0","TIMARU AERODROME AWS, NZ","  51.6"," 8","  49.1"," 8","1012.7"," 8","009.4"," 8","  6.7"," 8","  3.0"," 8","  7.0","999.9","  58.1"," ","  39.2"," "," 0.00","G","999.9","000000"
"93773099999","2019-05-10","-44.3","171.2333333","27.0","TIMARU AERODROME AWS, NZ","  51.6"," 8","  49.9"," 8","1019.9"," 8","016.6"," 8","  1.9"," 8","  4.1"," 8","  7.0","999.9","  66.7"," ","  41.5"," "," 0.03","G","999.9","000000"
"93773099999","2019-05-11","-44.3","171.2333333","27.0","TIMARU AERODROME AWS, NZ","  48.4"," 8","  48.3"," 8","1012.6"," 8","009.3"," 8","  1.1"," 8","  2.2"," 8","  2.9","999.9","  52.0"," ","  42.4"," "," 0.00","G","999.9","000000"
"93773099999","2019-05-12","-44.3","171.2333333","27.0","TIMARU AERODROME AWS, NZ","  50.0"," 8","  45.8"," 8","1000.7"," 8","997.4"," 8","  8.1"," 8","  7.0"," 8"," 15.9","999.9","  56.7"," ","  37.8"," "," 0.00","G","999.9","000000"
"93773099999","2019-05-13","-44.3","171.2333333","27.0","TIMARU AERODROME AWS, NZ","  44.6"," 8","  36.2"," 8","1016.9"," 8","013.5"," 8"," 11.2"," 8","  4.1"," 8","  6.0","999.9","  60.8"," ","  35.2","*"," 0.61","G","999.9","000000"
"93773099999","2019-05-14","-44.3","171.2333333","27.0","TIMARU AERODROME AWS, NZ","  49.8"," 8","  42.3"," 8","1005.7"," 8","002.4"," 8"," 11.7"," 8","  5.5"," 8"," 12.0","999.9","  63.7"," ","  31.5"," "," 0.00","G","999.9","000000"
"93773099999","2019-05-15","-44.3","171.2333333","27.0","TIMARU AERODROME AWS, NZ","  53.6"," 8","  37.6"," 8"," 999.4"," 8","996.2"," 8","  9.3"," 8"," 10.4"," 8"," 26.0","999.9","  68.9"," ","  36.3"," "," 0.00","G","999.9","000000"
"93773099999","2019-05-16","-44.3","171.2333333","27.0","TIMARU AERODROME AWS, NZ","  40.1"," 8","  30.8"," 8","1012.2"," 8","008.8"," 8"," 11.7"," 8","  7.4"," 8"," 20.0","999.9","  62.6"," ","  31.1","*"," 0.00","G","999.9","000000"
"93773099999","2019-05-17","-44.3","171.2333333","27.0","TIMARU AERODROME AWS, NZ","  39.2"," 8","  29.7"," 8","1016.2"," 8","012.8"," 8"," 12.4"," 7","  3.7"," 8","  8.0","999.9","  54.7"," ","  29.8","*"," 0.02","G","999.9","000000"
"93773099999","2019-05-18","-44.3","171.2333333","27.0","TIMARU AERODROME AWS, NZ","  50.2"," 8","  42.0"," 8","1005.5"," 8","002.2"," 8","  8.9"," 8","  4.9"," 8","  8.0","999.9","  66.4"," ","  29.3"," "," 0.00","G","999.9","000000"
"93773099999","2019-05-19","-44.3","171.2333333","27.0","TIMARU AERODROME AWS, NZ","  40.8"," 8","  35.5"," 8","1012.4"," 8","009.0"," 8","  8.6"," 8","  4.1"," 8","  9.9","999.9","  57.6"," ","  28.8","*"," 0.00","G","999.9","000000"
"93773099999","2019-05-20","-44.3","171.2333333","27.0","TIMARU AERODROME AWS, NZ","  41.3"," 8","  35.6"," 8","1019.0"," 8","015.6"," 8","  8.9"," 8","  3.7"," 8","  8.0","999.9","  60.6"," ","  28.8"," "," 0.00","G","999.9","000000"
"93773099999","2019-05-21","-44.3","171.2333333","27.0","TIMARU AERODROME AWS, NZ","  46.4"," 8","  42.8"," 8","1020.2"," 8","016.8"," 8","  4.1"," 8","  2.7"," 8","  5.1","999.9","  55.4"," ","  30.4"," "," 0.00","G","999.9","000000"
"93773099999","2019-05-22","-44.3","171.2333333","27.0","TIMARU AERODROME AWS, NZ","  43.0"," 8","  39.8"," 8","1020.2"," 8","016.8"," 8","  6.8"," 8","  2.9"," 8","  5.1","999.9","  54.9"," ","  33.6"," "," 0.00","G","999.9","000000"
"93773099999","2019-05-23","-44.3","171.2333333","27.0","TIMARU AERODROME AWS, NZ","  42.6"," 7","  41.0"," 7","1024.7"," 7","021.3"," 7","  3.0"," 7","  2.4"," 7","  2.9","999.9","  58.3"," ","  34.2","*"," 0.00","C","999.9","000000"
"93773099999","2019-05-24","-44.3","171.2333333","27.0","TIMARU AERODROME AWS, NZ","  40.3"," 8","  37.4"," 8","1020.4"," 8","017.0"," 8","  6.2"," 8","  2.1"," 8","  4.1","999.9","  54.3"," ","  30.0"," "," 0.00","G","999.9","000000"
"93773099999","2019-05-25","-44.3","171.2333333","27.0","TIMARU AERODROME AWS, NZ","  48.6"," 8","  39.9"," 8","1013.0"," 8","009.7"," 8"," 10.9"," 8","  4.2"," 8","  7.0","999.9","  65.1"," ","  28.0"," "," 0.00","G","999.9","000000"
"93773099999","2019-05-26","-44.3","171.2333333","27.0","TIMARU AERODROME AWS, NZ","  49.9"," 8","  43.3"," 8","1008.6"," 8","005.3"," 8"," 11.7"," 8","  3.2"," 8","  5.1","999.9","  67.1"," ","  38.7"," "," 0.00","G","999.9","000000"
"93773099999","2019-05-27","-44.3","171.2333333","27.0","TIMARU AERODROME AWS, NZ","  47.4"," 8","  43.9"," 8","1003.7"," 8","000.4"," 8"," 11.7"," 8","  4.1"," 8","  7.0","999.9","  61.5"," ","  37.8","*"," 0.00","G","999.9","000000"
"93773099999","2019-05-28","-44.3","171.2333333","27.0","TIMARU AERODROME AWS, NZ","  49.3"," 8","  46.0"," 8"," 990.4"," 8","987.2"," 8","  8.6"," 8","  2.7"," 8","  4.1","999.9","  55.6"," ","  36.0"," "," 0.01","G","999.9","000000"
"93773099999","2019-05-29","-44.3","171.2333333","27.0","TIMARU AERODROME AWS, NZ","  56.7"," 8","  41.7"," 8"," 993.9"," 8","990.7"," 8"," 12.4"," 8","  6.3"," 8"," 11.1","999.9","  64.9"," ","  37.6"," "," 0.00","G","999.9","000000"
"93773099999","2019-05-30","-44.3","171.2333333","27.0","TIMARU AERODROME AWS, NZ","  50.5"," 8","  45.2"," 8"," 990.2"," 8","986.9"," 8","  7.0"," 8","  6.8"," 8"," 15.9","999.9","  68.0"," ","  39.2","*"," 0.00","G","999.9","000000"
"93773099999","2019-05-31","-44.3","171.2333333","27.0","TIMARU AERODROME AWS, NZ","  46.4"," 8","  42.9"," 8"," 990.6"," 8","987.3"," 8","  7.3"," 8","  8.4"," 8"," 18.1","999.9","  49.8"," ","  36.9"," "," 0.31","G","999.9","000000"
"93773099999","2019-06-01","-44.3","171.2333333","27.0","TIMARU AERODROME AWS, NZ","  40.2"," 8","  31.3"," 8","1001.8"," 8","998.4"," 8"," 12.4"," 8","  8.0"," 8"," 15.0","999.9","  49.5"," ","  34.2","*"," 1.45","G","999.9","000000"
"93773099999","2019-06-02","-44.3","171.2333333","27.0","TIMARU AERODROME AWS, NZ","  38.5"," 8","  28.8"," 8","1011.0"," 8","007.6"," 8"," 12.4"," 8","  6.2"," 8","  8.9","999.9","  51.1"," ","  28.2","*"," 0.00","G","999.9","000000"
"93773099999","2019-06-03","-44.3","171.2333333","27.0","TIMARU AERODROME AWS, NZ","  44.3"," 8","  34.0"," 8","1005.0"," 8","001.7"," 8"," 10.9"," 8","  5.5"," 8","  9.9","999.9","  55.2"," ","  26.8"," "," 0.00","G","999.9","000000"
"93773099999","2019-06-04","-44.3","171.2333333","27.0","TIMARU AERODROME AWS, NZ","  35.3"," 8","  31.6"," 8","1005.9"," 8","002.5"," 8"," 12.4"," 8","  4.1"," 8","  7.0","999.9","  47.3"," ","  27.5","*"," 0.04","G","999.9","000000"
"93773099999","2019-06-05","-44.3","171.2333333","27.0","TIMARU AERODROME AWS, NZ","  35.1"," 8","  27.8"," 8"," 998.8"," 8","995.5"," 8"," 12.4"," 8","  4.1"," 8","  6.0","999.9","  51.8"," ","  24.3","*"," 0.00","G","999.9","000000"
"93773099999","2019-06-06","-44.3","171.2333333","27.0","TIMARU AERODROME AWS, NZ","  44.3"," 8","  31.8"," 8"," 995.3"," 8","992.0"," 8"," 12.4"," 8","  5.2"," 8","  8.9","999.9","  59.0"," ","  23.9"," "," 0.00","G","999.9","000000"
"93773099999","2019-06-07","-44.3","171.2333333","27.0","TIMARU AERODROME AWS, NZ","  47.9"," 8","  33.7"," 8","1001.1"," 8","997.8"," 8"," 11.7"," 8","  6.5"," 8"," 17.1","999.9","  58.1"," ","  32.5"," "," 0.00","G","999.9","000000"
"93773099999","2019-06-08","-44.3","171.2333333","27.0","TIMARU AERODROME AWS, NZ","  39.5"," 8","  28.8"," 8","1011.0"," 8","007.6"," 8"," 12.4"," 8","  6.0"," 8"," 17.1","999.9","  56.3"," ","  26.1","*"," 0.00","G","999.9","000000"
"93773099999","2019-06-09","-44.3","171.2333333","27.0","TIMARU AERODROME AWS, NZ","  51.8"," 8","  36.0"," 8","1009.2"," 8","005.9"," 8"," 10.9"," 8","  6.1"," 8","  9.9","999.9","  61.3"," ","  25.3"," "," 0.00","G","999.9","000000"
"93773099999","2019-06-10","-44.3","171.2333333","27.0","TIMARU AERODROME AWS, NZ","  46.8"," 8","  43.5"," 8","1015.0"," 8","011.7"," 8","  4.7"," 8","  2.4"," 8","  7.0","999.9","  62.1"," ","  38.7","*"," 0.00","G","999.9","000000"
"93773099999","2019-06-11","-44.3","171.2333333","27.0","TIMARU AERODROME AWS, NZ","  43.7"," 8","  41.4"," 8","1007.4"," 8","004.1"," 8","  8.9"," 8","  2.1"," 8","  2.9","999.9","  49.5"," ","  37.2"," "," 0.00","G","999.9","000000"
"93773099999","2019-06-12","-44.3","171.2333333","27.0","TIMARU AERODROME AWS, NZ","  50.6"," 8","  47.1"," 8","1016.1"," 8","012.8"," 8"," 10.1"," 8","  5.8"," 8","  8.9","999.9","  56.3"," ","  37.6"," "," 0.00","G","999.9","000000"
"93773099999","2019-06-13","-44.3","171.2333333","27.0","TIMARU AERODROME AWS, NZ","  47.5"," 8","  44.6"," 8","1014.2"," 8","010.9"," 8"," 10.9"," 8","  3.4"," 8","  6.0","999.9","  52.3"," ","  43.5","*"," 0.00","G","999.9","000000"
"93773099999","2019-06-14","-44.3","171.2333333","27.0","TIMARU AERODROME AWS, NZ","  48.3"," 8","  45.0"," 8","1008.6"," 8","005.2"," 8","  9.9"," 8","  3.1"," 8","  6.0","999.9","  52.7"," ","  41.9"," "," 0.00","G","999.9","000000"
"93773099999","2019-06-15","-44.3","171.2333333","27.0","TIMARU AERODROME AWS, NZ","  43.5"," 8","  41.6"," 8","1006.3"," 8","003.0"," 8","  6.3"," 8","  2.9"," 8","  6.0","999.9","  55.4"," ","  34.3","*"," 0.00","G","999.9","000000"
"93773099999","2019-06-16","-44.3","171.2333333","27.0","TIMARU AERODROME AWS, NZ","  38.2"," 8","  31.3"," 8","1006.9"," 8","003.6"," 8"," 12.4"," 8","  4.0"," 8","  8.9","999.9","  52.0"," ","  29.1","*"," 0.00","G","999.9","000000"
"93773099999","2019-06-17","-44.3","171.2333333","27.0","TIMARU AERODROME AWS, NZ","  38.5"," 8","  29.5"," 8","1016.4"," 8","013.0"," 8"," 11.7"," 8","  3.9"," 8","  8.0","999.9","  52.9"," ","  25.7"," "," 0.00","G","999.9","000000"
"93773099999","2019-06-18","-44.3","171.2333333","27.0","TIMARU AERODROME AWS, NZ","  35.4"," 8","  29.1"," 8","1024.7"," 8","021.2"," 8"," 11.7"," 8","  3.9"," 8","  5.1","999.9","  52.2"," ","  26.1"," "," 0.00","G","999.9","000000"
"93773099999","2019-06-19","-44.3","171.2333333","27.0","TIMARU AERODROME AWS, NZ","  34.1"," 8","  29.5"," 8","1023.2"," 8","019.7"," 8","  9.3"," 8","  3.6"," 8","  5.1","999.9","  50.0"," ","  24.8"," "," 0.00","G","999.9","000000"
"93773099999","2019-06-20","-44.3","171.2333333","27.0","TIMARU AERODROME AWS, NZ","  37.7"," 8","  33.1"," 8","1011.2"," 8","007.8"," 8"," 10.9"," 8","  3.4"," 8","  6.0","999.9","  46.4"," ","  26.4"," "," 0.00","G","999.9","000000"
"93773099999","2019-06-21","-44.3","171.2333333","27.0","TIMARU AERODROME AWS, NZ","  49.1"," 8","  30.0"," 8","1007.4"," 8","004.1"," 8"," 11.7"," 8","  5.2"," 8"," 14.0","999.9","  63.1"," ","  26.1"," "," 0.00","G","999.9","000000"
"93773099999","2019-06-22","-44.3","171.2333333","27.0","TIMARU AERODROME AWS, NZ","  40.1"," 8","  37.2"," 8","1014.4"," 8","011.0"," 8","  7.2"," 8","  3.1"," 8","  5.1","999.9","  54.5"," ","  31.8","*"," 0.00","G","999.9","000000"
"93773099999","2019-06-23","-44.3","171.2333333","27.0","TIMARU AERODROME AWS, NZ","  38.8"," 8","  34.8"," 8","1013.2"," 8","009.9"," 8"," 10.9"," 8","  3.6"," 8","  5.1","999.9","  50.7"," ","  29.5","*"," 0.00","G","999.9","000000"
"93773099999","2019-06-24","-44.3","171.2333333","27.0","TIMARU AERODROME AWS, NZ","  40.4"," 8","  31.7"," 8","1024.2"," 8","020.8"," 8"," 10.9"," 8","  4.3"," 8","  6.0","999.9","  57.2"," ","  29.1"," "," 0.00","G","999.9","000000"
"93773099999","2019-06-25","-44.3","171.2333333","27.0","TIMARU AERODROME AWS, NZ","  41.7"," 8","  35.1"," 8","1030.0"," 8","026.6"," 8"," 11.7"," 8","  4.1"," 8","  7.0","999.9","  55.0"," ","  26.6"," "," 0.00","G","999.9","000000"
"93773099999","2019-06-26","-44.3","171.2333333","27.0","TIMARU AERODROME AWS, NZ","  39.6"," 8","  32.4"," 8","1032.7"," 8","029.3"," 8","  9.5"," 8","  6.0"," 8","  8.9","999.9","  52.2"," ","  30.2"," "," 0.00","G","999.9","000000"
"93773099999","2019-06-27","-44.3","171.2333333","27.0","TIMARU AERODROME AWS, NZ","  35.6"," 8","  29.8"," 8","1035.2"," 8","031.8"," 8"," 10.9"," 8","  3.6"," 8","  5.1","999.9","  52.0"," ","  26.6","*"," 0.00","G","999.9","000000"
"93773099999","2019-06-28","-44.3","171.2333333","27.0","TIMARU AERODROME AWS, NZ","  34.8"," 8","  28.6"," 8","1033.4"," 8","029.9"," 8"," 11.7"," 8","  2.5"," 8","  4.1","999.9","  55.2"," ","  25.9"," "," 0.00","G","999.9","000000"
"93773099999","2019-06-29","-44.3","171.2333333","27.0","TIMARU AERODROME AWS, NZ","  37.9"," 8","  29.0"," 8","1029.3"," 8","025.8"," 8"," 11.7"," 8","  3.7"," 8","  8.0","999.9","  53.6"," ","  24.6"," "," 0.00","G","999.9","000000"
"93773099999","2019-06-30","-44.3","171.2333333","27.0","TIMARU AERODROME AWS, NZ","  36.8"," 8","  30.5"," 8","1025.5"," 8","022.0"," 8"," 11.7"," 8","  2.1"," 8","  4.1","999.9","  55.0"," ","  28.4"," "," 0.00","G","999.9","000000"
"93773099999","2019-07-01","-44.3","171.2333333","27.0","TIMARU AERODROME AWS, NZ","  39.0"," 7","  31.4"," 7","1024.3"," 7","020.8"," 7"," 10.7"," 7","  2.5"," 7","  4.1","999.9","  56.5"," ","  33.3","*"," 0.00","C","999.9","000000"
"93773099999","2019-07-02","-44.3","171.2333333","27.0","TIMARU AERODROME AWS, NZ","  44.2"," 8","  40.3"," 8","1017.0"," 8","013.6"," 8","  8.1"," 8","  3.0"," 8","  5.1","999.9","  49.8"," ","  29.8"," "," 0.00","G","999.9","000000"
"93773099999","2019-07-03","-44.3","171.2333333","27.0","TIMARU AERODROME AWS, NZ","  53.7"," 8","  35.0"," 8","1014.9"," 8","011.6"," 8"," 11.7"," 8","  9.4"," 8"," 21.0","999.9","  68.9"," ","  38.5"," "," 0.02","G","999.9","000000"
"93773099999","2019-07-04","-44.3","171.2333333","27.0","TIMARU AERODROME AWS, NZ","  42.6"," 8","  33.2"," 8","1027.6"," 8","024.2"," 8"," 10.9"," 8","  6.1"," 8","  8.0","999.9","  56.1"," ","  30.0","*"," 0.00","G","999.9","000000"
"93773099999","2019-07-05","-44.3","171.2333333","27.0","TIMARU AERODROME AWS, NZ","  43.5"," 8","  30.2"," 8","1026.1"," 8","022.7"," 8"," 12.4"," 8","  4.6"," 8","  8.9","999.9","  52.3"," ","  29.7"," "," 0.00","G","999.9","000000"
"93773099999","2019-07-06","-44.3","171.2333333","27.0","TIMARU AERODROME AWS, NZ","  38.2"," 8","  30.0"," 8","1024.9"," 8","021.5"," 8"," 10.9"," 8","  3.5"," 8","  6.0","999.9","  57.6"," ","  30.2","*"," 0.00","G","999.9","000000"
"93773099999","2019-07-07","-44.3","171.2333333","27.0","TIMARU AERODROME AWS, NZ","  45.2"," 8","  29.7"," 8","1008.1"," 8","004.8"," 8","  9.3"," 8","  4.4"," 8","  8.0","999.9","  64.6"," ","  26.6"," "," 0.00","G","999.9","000000"
"93773099999","2019-07-08","-44.3","171.2333333","27.0","TIMARU AERODROME AWS, NZ","  35.5"," 8","  31.4"," 8","1007.5"," 8","004.1"," 8","  6.5"," 8","  3.8"," 8","  7.0","999.9","  50.4"," ","  26.2","*"," 0.00","G","999.9","000000"
"93773099999","2019-07-09","-44.3","171.2333333","27.0","TIMARU AERODROME AWS, NZ","  39.7"," 8","  37.8"," 8","1006.7"," 8","003.3"," 8","  6.1"," 8","  3.4"," 8","  5.1","999.9","  48.6"," ","  23.5"," "," 0.00","G","999.9","000000"
"93773099999","2019-07-10","-44.3","171.2333333","27.0","TIMARU AERODROME AWS, NZ","  45.1"," 8","  39.9"," 8","1005.1"," 8","001.8"," 8","  9.3"," 8","  3.2"," 8","  6.0","999.9","  50.9"," ","  32.0"," "," 0.00","G","999.9","000000"
"93773099999","2019-07-11","-44.3","171.2333333","27.0","TIMARU AERODROME AWS, NZ","  38.0"," 8","  36.2"," 8","1009.7"," 8","006.4"," 8","  7.3"," 8","  2.9"," 8","  5.1","999.9","  52.2"," ","  29.7","*"," 0.00","G","999.9","000000"
"93773099999","2019-07-12","-44.3","171.2333333","27.0","TIMARU AERODROME AWS, NZ","  40.7"," 8","  36.8"," 8","1002.9"," 8","999.5"," 8","  8.9"," 8","  3.5"," 8","  6.0","999.9","  50.2"," ","  27.1"," "," 0.00","G","999.9","000000"
"93773099999","2019-07-13","-44.3","171.2333333","27.0","TIMARU AERODROME AWS, NZ","  50.1"," 8","  41.3"," 8"," 993.0"," 8","989.8"," 8"," 10.9"," 8","  6.8"," 8","  9.9","999.9","  63.1"," ","  29.7"," "," 0.01","G","999.9","000000"
"93773099999","2019-07-14","-44.3","171.2333333","27.0","TIMARU AERODROME AWS, NZ","  41.8"," 8","  37.5"," 8"," 989.6"," 8","986.3"," 8"," 10.4"," 8","  4.4"," 8","  8.9","999.9","  63.0"," ","  30.9","*"," 0.03","G","999.9","000000"
"93773099999","2019-07-15","-44.3","171.2333333","27.0","TIMARU AERODROME AWS, NZ","  41.5"," 8","  36.6"," 8"," 989.4"," 8","986.1"," 8"," 10.1"," 8","  3.0"," 8","  5.1","999.9","  48.7"," ","  26.2"," "," 0.00","G","999.9","000000"
"93773099999","2019-07-16","-44.3","171.2333333","27.0","TIMARU AERODROME AWS, NZ","  43.6"," 8","  39.5"," 8"," 985.8"," 8","982.5"," 8","  9.5"," 8","  3.0"," 8","  5.1","999.9","  50.7"," ","  35.4"," "," 0.00","G","999.9","000000"
"93773099999","2019-07-17","-44.3","171.2333333","27.0","TIMARU AERODROME AWS, NZ","  37.8"," 8","  33.7"," 8"," 994.0"," 8","990.7"," 8","  8.9"," 8","  2.9"," 8","  6.0","999.9","  49.8"," ","  30.9","*"," 0.50","G","999.9","000000"
"93773099999","2019-07-18","-44.3","171.2333333","27.0","TIMARU AERODROME AWS, NZ","  41.5"," 8","  36.5"," 8"," 999.7"," 8","996.3"," 8"," 11.7"," 8","  3.1"," 8","  5.1","999.9","  54.5"," ","  28.8"," "," 0.02","G","999.9","000000"
"93773099999","2019-07-19","-44.3","171.2333333","27.0","TIMARU AERODROME AWS, NZ","  46.4"," 8","  44.3"," 8","1001.5"," 8","998.2"," 8","  6.5"," 8","  5.8"," 8","  8.0","999.9","  48.0"," ","  33.4"," "," 0.01","G","999.9","000000"
"93773099999","2019-07-20","-44.3","171.2333333","27.0","TIMARU AERODROME AWS, NZ","  48.5"," 8","  47.0"," 8","1005.3"," 8","002.0"," 8","  5.2"," 8","  8.3"," 8"," 14.0","999.9","  49.6","*","  45.5"," "," 0.67","G","999.9","000000"
"93773099999","2019-07-21","-44.3","171.2333333","27.0","TIMARU AERODROME AWS, NZ","  48.0"," 8","  47.9"," 8","1012.6"," 8","009.3"," 8","  1.8"," 8","  3.1"," 8","  8.0","999.9","  51.1"," ","  43.0","*"," 1.27","G","999.9","000000"
"93773099999","2019-07-22","-44.3","171.2333333","27.0","TIMARU AERODROME AWS, NZ","  45.6"," 8","  45.5"," 8","1017.7"," 8","014.3"," 8","  3.1"," 8","  1.5"," 8","  2.9","999.9","  48.4"," ","  42.1"," "," 0.08","G","999.9","000000"
"93773099999","2019-07-23","-44.3","171.2333333","27.0","TIMARU AERODROME AWS, NZ","  45.1"," 8","  43.8"," 8","1020.4"," 8","017.0"," 8","  5.3"," 8","  1.7"," 8","  2.9","999.9","  51.3"," ","  39.0","*"," 0.00","G","999.9","000000"
"93773099999","2019-07-24","-44.3","171.2333333","27.0","TIMARU AERODROME AWS, NZ","  45.8"," 8","  43.7"," 8","1017.2"," 8","013.9"," 8","  7.6"," 8","  2.2"," 8","  4.1","999.9","  51.3"," ","  37.4","*"," 0.00","G","999.9","000000"
"93773099999","2019-07-25","-44.3","171.2333333","27.0","TIMARU AERODROME AWS, NZ","  38.3"," 8","  35.7"," 8","1020.1"," 8","016.7"," 8","  7.5"," 8","  2.7"," 8","  4.1","999.9","  53.1"," ","  28.9","*"," 0.00","G","999.9","000000"
"93773099999","2019-07-26","-44.3","171.2333333","27.0","TIMARU AERODROME AWS, NZ","  39.3"," 8","  35.8"," 8","1021.2"," 8","017.8"," 8","  7.8"," 8","  1.6"," 8","  2.9","999.9","  54.0"," ","  28.0"," "," 0.00","G","999.9","000000"
"93773099999","2019-07-27","-44.3","171.2333333","27.0","TIMARU AERODROME AWS, NZ","  42.6"," 8","  38.6"," 8","1021.7"," 8","018.3"," 8","  8.9"," 8","  2.5"," 8","  4.1","999.9","  57.0"," ","  30.6"," "," 0.00","G","999.9","000000"
"93773099999","2019-07-28","-44.3","171.2333333","27.0","TIMARU AERODROME AWS, NZ","  43.6"," 8","  41.0"," 8","1017.0"," 8","013.6"," 8","  8.4"," 8","  2.5"," 8","  4.1","999.9","  50.4"," ","  34.5"," "," 0.00","G","999.9","000000"
"93773099999","2019-07-29","-44.3","171.2333333","27.0","TIMARU AERODROME AWS, NZ","  44.1"," 8","  41.9"," 8","1004.3"," 8","001.0"," 8","  5.0"," 8","  1.8"," 8","  4.1","999.9","  52.9"," ","  38.5"," "," 0.00","G","999.9","000000"
"93773099999","2019-07-30","-44.3","171.2333333","27.0","TIMARU AERODROME AWS, NZ","  46.6"," 8","  39.5"," 8"," 996.9"," 8","993.6"," 8"," 11.7"," 8"," 12.5"," 8"," 22.0","999.9","  54.1"," ","  37.9"," "," 0.00","G","999.9","000000"
"93773099999","2019-07-31","-44.3","171.2333333","27.0","TIMARU AERODROME AWS, NZ","  41.9"," 8","  28.7"," 8","1004.3"," 8","001.0"," 8"," 12.4"," 8","  7.9"," 8"," 13.0","999.9","  51.1"," ","  29.5","*"," 0.00","G","999.9","000000"
"93773099999","2019-08-01","-44.3","171.2333333","27.0","TIMARU AERODROME AWS, NZ","  39.6"," 8","  30.3"," 8","1000.3"," 8","996.9"," 8"," 11.7"," 8","  6.0"," 8"," 14.0","999.9","  54.0"," ","  26.2","*"," 0.00","G","999.9","000000"
"93773099999","2019-08-02","-44.3","171.2333333","27.0","TIMARU AERODROME AWS, NZ","  47.3"," 8","  28.4"," 8"," 998.8"," 8","995.5"," 8"," 12.4"," 8","  8.1"," 8"," 18.1","999.9","  56.8"," ","  24.8"," "," 0.00","G","999.9","000000"
"93773099999","2019-08-03","-44.3","171.2333333","27.0","TIMARU AERODROME AWS, NZ","  44.8"," 8","  32.3"," 8"," 996.3"," 8","993.0"," 8"," 12.4"," 8","  6.8"," 8"," 17.1","999.9","  60.1"," ","  30.9","*"," 0.00","G","999.9","000000"
"93773099999","2019-08-04","-44.3","171.2333333","27.0","TIMARU AERODROME AWS, NZ","  38.3"," 8","  20.1"," 8"," 998.2"," 8","994.8"," 8"," 12.4"," 8","  5.4"," 8","  8.0","999.9","  50.9"," ","  27.0"," "," 0.00","G","999.9","000000"
"93773099999","2019-08-05","-44.3","171.2333333","27.0","TIMARU AERODROME AWS, NZ","  39.6"," 8","  22.6"," 8","1006.0"," 8","002.7"," 8"," 12.4"," 8","  5.6"," 8"," 12.0","999.9","  54.0"," ","  23.9"," "," 0.00","G","999.9","000000"
"93773099999","2019-08-06","-44.3","171.2333333","27.0","TIMARU AERODROME AWS, NZ","  39.8"," 8","  28.5"," 8","1008.8"," 8","005.5"," 8"," 12.4"," 8","  3.7"," 8","  8.0","999.9","  60.4"," ","  25.7"," "," 0.00","G","999.9","000000"
"93773099999","2019-08-07","-44.3","171.2333333","27.0","TIMARU AERODROME AWS, NZ","  42.5"," 8","  32.0"," 8","1005.6"," 8","002.3"," 8"," 11.7"," 8","  4.1"," 8","  6.0","999.9","  61.5"," ","  28.2"," "," 0.00","G","999.9","000000"
"93773099999","2019-08-08","-44.3","171.2333333","27.0","TIMARU AERODROME AWS, NZ","  45.5"," 8","  34.6"," 8"," 996.7"," 8","993.4"," 8"," 10.1"," 8","  2.9"," 8","  5.1","999.9","  61.5"," ","  32.7"," "," 0.00","G","999.9","000000"
"93773099999","2019-08-09","-44.3","171.2333333","27.0","TIMARU AERODROME AWS, NZ","  45.7"," 8","  41.2"," 8"," 998.5"," 8","995.3"," 8","  6.0"," 8","  6.1"," 8","  9.9","999.9","  55.8"," ","  32.9"," "," 0.00","G","999.9","000000"
"93773099999","2019-08-10","-44.3","171.2333333","27.0","TIMARU AERODROME AWS, NZ","  42.7"," 8","  41.7"," 8"," 993.9"," 8","990.6"," 8","  4.5"," 8"," 10.7"," 8"," 15.9","999.9","  45.7"," ","  40.6"," "," 0.68","G","999.9","000000"
"93773099999","2019-08-11","-44.3","171.2333333","27.0","TIMARU AERODROME AWS, NZ","  40.3"," 8","  39.5"," 8"," 992.3"," 8","989.0"," 8","  9.0"," 8","  4.0"," 8","  7.0","999.9","  47.5"," ","  33.4","*"," 0.77","G","999.9","000000"
"93773099999","2019-08-12","-44.3","171.2333333","27.0","TIMARU AERODROME AWS, NZ","  39.1"," 8","  34.1"," 8"," 992.7"," 8","989.3"," 8"," 11.7"," 8","  4.0"," 8","  7.0","999.9","  52.9"," ","  29.8","*"," 0.04","G","999.9","000000"
"93773099999","2019-08-13","-44.3","171.2333333","27.0","TIMARU AERODROME AWS, NZ","  42.8"," 8","  35.3"," 8"," 998.9"," 8","995.6"," 8"," 10.9"," 8","  6.1"," 8"," 11.1","999.9","  62.1"," ","  27.9"," "," 0.00","G","999.9","000000"
"93773099999","2019-08-14","-44.3","171.2333333","27.0","TIMARU AERODROME AWS, NZ","  41.3"," 8","  32.6"," 8","1014.4"," 8","011.0"," 8"," 11.7"," 8","  5.6"," 8","  8.0","999.9","  52.3"," ","  29.5"," "," 0.00","G","999.9","000000"
"93773099999","2019-08-15","-44.3","171.2333333","27.0","TIMARU AERODROME AWS, NZ","  39.8"," 8","  34.0"," 8","1010.4"," 8","007.0"," 8","  8.2"," 8","  3.6"," 8","  5.1","999.9","  52.5"," ","  30.7"," "," 0.00","G","999.9","000000"
"93773099999","2019-08-16","-44.3","171.2333333","27.0","TIMARU AERODROME AWS, NZ","  50.7"," 8","  40.9"," 8","1001.9"," 8","998.6"," 8"," 10.1"," 8","  7.0"," 8"," 14.0","999.9","  64.0"," ","  31.8"," "," 0.00","G","999.9","000000"
"93773099999","2019-08-17","-44.3","171.2333333","27.0","TIMARU AERODROME AWS, NZ","  38.5"," 8","  31.4"," 8","1021.0"," 8","017.5"," 8"," 12.4"," 8","  6.1"," 8"," 14.0","999.9","  58.6"," ","  29.8","*"," 0.57","G","999.9","000000"
"93773099999","2019-08-18","-44.3","171.2333333","27.0","TIMARU AERODROME AWS, NZ","  35.9"," 8","  29.7"," 8","1025.5"," 8","022.0"," 8"," 10.9"," 8","  3.4"," 8","  7.0","999.9","  50.7"," ","  25.3","*"," 0.00","G","999.9","000000"
"93773099999","2019-08-19","-44.3","171.2333333","27.0","TIMARU AERODROME AWS, NZ","  38.6"," 8","  31.2"," 8","1009.3"," 8","005.9"," 8"," 10.9"," 8","  3.6"," 8","  8.9","999.9","  50.5"," ","  24.1"," "," 0.00","G","999.9","000000"
"93773099999","2019-08-20","-44.3","171.2333333","27.0","TIMARU AERODROME AWS, NZ","  47.2"," 8","  41.6"," 8"," 994.4"," 8","991.1"," 8"," 10.1"," 8","  3.6"," 8","  6.0","999.9","  54.9"," ","  27.0"," "," 0.00","G","999.9","000000"
"93773099999","2019-08-21","-44.3","171.2333333","27.0","TIMARU AERODROME AWS, NZ","  45.9"," 8","  43.0"," 8"," 985.8"," 8","982.5"," 8","  8.6"," 8","  3.7"," 8","  6.0","999.9","  55.2"," ","  40.5"," "," 0.00","G","999.9","000000"
"93773099999","2019-08-22","-44.3","171.2333333","27.0","TIMARU AERODROME AWS, NZ","  43.0"," 8","  39.4"," 8"," 985.5"," 8","982.2"," 8","  8.9"," 8","  2.6"," 8","  6.0","999.9","  56.1"," ","  36.0","*"," 0.00","G","999.9","000000"
"93773099999","2019-08-23","-44.3","171.2333333","27.0","TIMARU AERODROME AWS, NZ","  44.9"," 8","  42.2"," 8","1001.0"," 8","997.7"," 8","  8.5"," 8","  3.7"," 8","  8.0","999.9","  52.9"," ","  33.4"," "," 0.00","G","999.9","000000"
"93773099999","2019-08-24","-44.3","171.2333333","27.0","TIMARU AERODROME AWS, NZ","  46.9"," 8","  38.5"," 8","1001.4"," 8","998.1"," 8"," 10.4"," 8","  5.9"," 8","  9.9","999.9","  55.4"," ","  30.6"," "," 0.05","G","999.9","000000"
"93773099999","2019-08-25","-44.3","171.2333333","27.0","TIMARU AERODROME AWS, NZ","  49.1"," 8","  40.2"," 8"," 998.5"," 8","995.3"," 8"," 11.7"," 8","  4.2"," 8","  9.9","999.9","  64.6"," ","  34.3"," "," 0.00","G","999.9","000000"
"93773099999","2019-08-26","-44.3","171.2333333","27.0","TIMARU AERODROME AWS, NZ","  42.5"," 8","  37.9"," 8","1008.7"," 8","005.3"," 8"," 11.7"," 8","  4.5"," 8","  8.9","999.9","  54.0"," ","  30.4","*"," 0.00","G","999.9","000000"
"93773099999","2019-08-27","-44.3","171.2333333","27.0","TIMARU AERODROME AWS, NZ","  45.4"," 8","  33.6"," 8","1013.3"," 8","010.0"," 8"," 12.4"," 8","  6.0"," 8","  8.9","999.9","  59.4"," ","  29.3"," "," 0.00","G","999.9","000000"
"93773099999","2019-08-28","-44.3","171.2333333","27.0","TIMARU AERODROME AWS, NZ","  49.5"," 8","  32.0"," 8","1009.8"," 8","006.4"," 8"," 12.4"," 8","  5.0"," 8","  8.0","999.9","  66.2"," ","  32.9"," "," 0.00","G","999.9","000000"
"93773099999","2019-08-29","-44.3","171.2333333","27.0","TIMARU AERODROME AWS, NZ","  43.2"," 8","  37.2"," 8","1014.2"," 8","010.8"," 8"," 10.9"," 8","  4.8"," 8"," 14.0","999.9","  65.3"," ","  28.2","*"," 0.00","G","999.9","000000"
"93773099999","2019-08-30","-44.3","171.2333333","27.0","TIMARU AERODROME AWS, NZ","  43.1"," 7","  33.9"," 7","1017.6"," 7","014.2"," 7"," 12.4"," 7","  3.6"," 7","  6.0","999.9","  58.1"," ","  27.5"," "," 0.00","G","999.9","000000"
"93773099999","2019-08-31","-44.3","171.2333333","27.0","TIMARU AERODROME AWS, NZ","  48.5"," 8","  36.3"," 8","1021.3"," 8","018.0"," 8"," 10.9"," 8","  4.4"," 8","  8.0","999.9","  66.9"," ","  30.0"," "," 0.00","G","999.9","000000"
"93773099999","2019-09-01","-44.3","171.2333333","27.0","TIMARU AERODROME AWS, NZ","  48.2"," 8","  42.6"," 8","1019.4"," 8","016.1"," 8","  7.3"," 8","  5.3"," 8"," 15.0","999.9","  66.6"," ","  32.2"," "," 0.00","G","999.9","000000"
"93773099999","2019-09-02","-44.3","171.2333333","27.0","TIMARU AERODROME AWS, NZ","  44.8"," 8","  38.3"," 8","1017.8"," 8","014.5"," 8","  8.5"," 8","  3.1"," 8","  8.0","999.9","  60.6"," ","  31.6","*"," 0.00","G","999.9","000000"
"93773099999","2019-09-03","-44.3","171.2333333","27.0","TIMARU AERODROME AWS, NZ","  44.2"," 8","  40.6"," 8","1014.6"," 8","011.2"," 8","  4.5"," 8","  2.7"," 8","  8.0","999.9","  56.7"," ","  30.7"," "," 0.00","C","999.9","000000"
"93773099999","2019-09-04","-44.3","171.2333333","27.0","TIMARU AERODROME AWS, NZ","  47.9"," 8","  47.5"," 8","1002.0"," 8","998.7"," 8","  7.0"," 8","  2.1"," 8","  2.9","999.9","  49.8","*","  33.4"," "," 0.00","G","999.9","000000"
"93773099999","2019-09-05","-44.3","171.2333333","27.0","TIMARU AERODROME AWS, NZ","  48.5"," 8","  42.8"," 8"," 993.9"," 8","990.7"," 8"," 10.1"," 8","  4.9"," 8","  9.9","999.9","  53.8"," ","  45.1","*"," 0.33","G","999.9","000000"
"93773099999","2019-09-06","-44.3","171.2333333","27.0","TIMARU AERODROME AWS, NZ","  41.8"," 8","  35.1"," 8","1002.5"," 8","999.2"," 8"," 12.4"," 8","  8.2"," 8"," 15.9","999.9","  51.3"," ","  31.3","*"," 0.00","G","999.9","000000"
"93773099999","2019-09-07","-44.3","171.2333333","27.0","TIMARU AERODROME AWS, NZ","  40.5"," 8","  33.9"," 8","1004.6"," 8","001.3"," 8"," 10.9"," 8","  4.1"," 8","  7.0","999.9","  53.8"," ","  30.0","*"," 0.00","G","999.9","000000"
"93773099999","2019-09-08","-44.3","171.2333333","27.0","TIMARU AERODROME AWS, NZ","  40.1"," 8","  37.0"," 8","1007.7"," 8","004.3"," 8"," 10.1"," 8","  2.9"," 8","  6.0","999.9","  44.2"," ","  29.3"," "," 0.00","G","999.9","000000"
"93773099999","2019-09-09","-44.3","171.2333333","27.0","TIMARU AERODROME AWS, NZ","  36.0"," 8","  31.2"," 8","1007.2"," 8","003.8"," 8"," 11.7"," 8","  4.0"," 8","  8.9","999.9","  46.0"," ","  24.8","*"," 0.05","G","999.9","000000"
"93773099999","2019-09-10","-44.3","171.2333333","27.0","TIMARU AERODROME AWS, NZ","  42.5"," 8","  34.5"," 8","1004.1"," 8","000.8"," 8"," 11.7"," 8","  5.9"," 8","  9.9","999.9","  52.0"," ","  22.5"," "," 0.00","G","999.9","000000"
"93773099999","2019-09-11","-44.3","171.2333333","27.0","TIMARU AERODROME AWS, NZ","  44.9"," 8","  31.3"," 8","1008.2"," 8","004.9"," 8"," 10.9"," 8","  5.2"," 8","  8.9","999.9","  56.5","*","  27.7"," "," 0.00","G","999.9","000000"
"93773099999","2019-09-12","-44.3","171.2333333","27.0","TIMARU AERODROME AWS, NZ","  50.7"," 8","  35.9"," 8","1000.7"," 8","997.5"," 8"," 11.7"," 8","  5.6"," 8"," 12.0","999.9","  66.6"," ","  29.1"," "," 0.00","G","999.9","000000"
"93773099999","2019-09-13","-44.3","171.2333333","27.0","TIMARU AERODROME AWS, NZ","  44.8"," 7","  43.4"," 7","1011.2"," 7","007.9"," 7","  4.6"," 7","  4.4"," 7","  8.0","999.9","  51.8"," ","  35.1"," "," 0.04","G","999.9","000000"
"93773099999","2019-09-14","-44.3","171.2333333","27.0","TIMARU AERODROME AWS, NZ","  45.7"," 8","  44.5"," 8","1007.9"," 8","004.6"," 8","  8.2"," 8","  2.5"," 8","  4.1","999.9","  48.6"," ","  41.5"," "," 0.24","G","999.9","000000"
"93773099999","2019-09-15","-44.3","171.2333333","27.0","TIMARU AERODROME AWS, NZ","  46.4"," 8","  40.1"," 8","1003.5"," 8","000.2"," 8"," 10.9"," 8","  3.4"," 8","  6.0","999.9","  54.9"," ","  37.2"," "," 0.01","G","999.9","000000"
"93773099999","2019-09-16","-44.3","171.2333333","27.0","TIMARU AERODROME AWS, NZ","  56.0"," 8","  37.6"," 8"," 999.5"," 8","996.2"," 8"," 12.4"," 8","  9.1"," 8"," 18.1","999.9","  62.2"," ","  36.1"," "," 0.01","G","999.9","000000"
"93773099999","2019-09-17","-44.3","171.2333333","27.0","TIMARU AERODROME AWS, NZ","  42.4"," 8","  32.1"," 8","1020.9"," 8","017.5"," 8"," 11.7"," 8","  6.0"," 8"," 13.0","999.9","  60.6"," ","  27.9","*"," 0.00","G","999.9","000000"
"93773099999","2019-09-18","-44.3","171.2333333","27.0","TIMARU AERODROME AWS, NZ","  44.5"," 6","  33.3"," 6","1029.9"," 6","026.5"," 6"," 12.4"," 6","  3.6"," 6","  6.0","999.9","  58.8"," ","  26.4"," "," 0.00","G","999.9","000000"
"93773099999","2019-09-19","-44.3","171.2333333","27.0","TIMARU AERODROME AWS, NZ","  45.2"," 8","  39.0"," 8","1034.4"," 8","031.0"," 8"," 11.7"," 8","  4.0"," 8","  6.0","999.9","  57.2"," ","  31.5"," "," 0.00","G","999.9","000000"
"93773099999","2019-09-20","-44.3","171.2333333","27.0","TIMARU AERODROME AWS, NZ","  44.8"," 8","  38.2"," 8","1036.9"," 8","033.5"," 8"," 10.9"," 8","  3.2"," 8","  8.0","999.9","  60.6"," ","  33.4","*"," 0.00","G","999.9","000000"
"93773099999","2019-09-21","-44.3","171.2333333","27.0","TIMARU AERODROME AWS, NZ","  47.6"," 7","  44.9"," 7","1032.4"," 7","029.0"," 7","  3.6"," 7","  3.3"," 7","  8.9","999.9","  55.0"," ","  30.6"," "," 0.00","G","999.9","000000"
"93773099999","2019-09-22","-44.3","171.2333333","27.0","TIMARU AERODROME AWS, NZ","  45.2"," 8","  43.4"," 8","1016.4"," 8","013.0"," 8","  3.9"," 8","  2.5"," 8","  6.0","999.9","  56.5"," ","  36.1","*"," 0.00","G","999.9","000000"
"93773099999","2019-09-23","-44.3","171.2333333","27.0","TIMARU AERODROME AWS, NZ","  46.2"," 8","  40.8"," 8","1002.7"," 8","999.3"," 8","  8.6"," 8","  3.5"," 8","  5.1","999.9","  63.0"," ","  34.0","*"," 0.00","G","999.9","000000"
"93773099999","2019-09-24","-44.3","171.2333333","27.0","TIMARU AERODROME AWS, NZ","  44.9"," 8","  38.3"," 8"," 996.2"," 8","992.9"," 8"," 10.9"," 8","  4.5"," 8"," 11.1","999.9","  57.4"," ","  32.2"," "," 0.00","G","999.9","000000"
"93773099999","2019-09-25","-44.3","171.2333333","27.0","TIMARU AERODROME AWS, NZ","  42.8"," 8","  31.8"," 8"," 995.8"," 8","992.5"," 8"," 11.7"," 8","  8.3"," 8"," 17.1","999.9","  57.0"," ","  33.1"," "," 0.12","G","999.9","000000"
"93773099999","2019-09-26","-44.3","171.2333333","27.0","TIMARU AERODROME AWS, NZ","  51.5"," 8","  38.3"," 8","1000.0"," 8","996.7"," 8"," 10.9"," 8","  7.9"," 8"," 17.1","999.9","  63.7"," ","  32.0"," "," 0.22","G","999.9","000000"
"93773099999","2019-09-27","-44.3","171.2333333","27.0","TIMARU AERODROME AWS, NZ","  57.1"," 8","  35.9"," 8","1005.4"," 8","002.1"," 8"," 12.4"," 8","  8.0"," 8"," 20.0","999.9","  62.2","*","  38.5"," "," 0.00","G","999.9","000000"
"93773099999","2019-09-28","-44.3","171.2333333","27.0","TIMARU AERODROME AWS, NZ","  53.2"," 8","  41.8"," 8","1005.6"," 8","002.3"," 8","  8.9"," 8","  5.5"," 8"," 15.0","999.9","  71.1"," ","  39.2"," "," 0.00","G","999.9","000000"
"93773099999","2019-09-29","-44.3","171.2333333","27.0","TIMARU AERODROME AWS, NZ","  50.4"," 8","  46.5"," 8","1000.1"," 8","996.8"," 8","  6.1"," 8","  4.9"," 8","  9.9","999.9","  62.1"," ","  37.8"," "," 0.00","G","999.9","000000"
"93773099999","2019-09-30","-44.3","171.2333333","27.0","TIMARU AERODROME AWS, NZ","  43.6"," 8","  41.5"," 8","1003.6"," 8","000.3"," 8","  7.5"," 8","  7.9"," 8"," 15.0","999.9","  51.8"," ","  38.5","*"," 0.00","G","999.9","000000"
"93773099999","2019-10-01","-44.3","171.2333333","27.0","TIMARU AERODROME AWS, NZ","  40.8"," 7","  34.6"," 7","1005.4"," 7","002.0"," 7"," 11.5"," 7","  6.1"," 7"," 13.0","999.9","  52.0"," ","  34.2","*"," 0.18","G","999.9","000000"
"93773099999","2019-10-02","-44.3","171.2333333","27.0","TIMARU AERODROME AWS, NZ","  43.8"," 7","  31.8"," 7","1012.0"," 7","008.6"," 7"," 12.4"," 7","  6.7"," 7","  9.9","999.9","  55.2"," ","  31.8"," "," 0.05","G","999.9","000000"
"93773099999","2019-10-03","-44.3","171.2333333","27.0","TIMARU AERODROME AWS, NZ","  44.9"," 8","  35.1"," 8","1013.7"," 8","010.3"," 8","  9.6"," 8","  4.3"," 8","  8.0","999.9","  55.9"," ","  29.1"," "," 0.00","G","999.9","000000"
"93773099999","2019-10-04","-44.3","171.2333333","27.0","TIMARU AERODROME AWS, NZ","  53.2"," 6","  42.0"," 6","1003.2"," 6","999.9"," 6","  9.3"," 6","  8.7"," 6"," 20.0","999.9","  63.0","*","  31.3"," "," 0.00","G","999.9","000000"
"93773099999","2019-10-05","-44.3","171.2333333","27.0","TIMARU AERODROME AWS, NZ","  40.7"," 8","  37.3"," 8","1017.2"," 8","013.8"," 8","  7.4"," 8","  4.0"," 8","  8.0","999.9","  56.5"," ","  30.2","*"," 0.20","G","999.9","000000"
"93773099999","2019-10-06","-44.3","171.2333333","27.0","TIMARU AERODROME AWS, NZ","  44.3"," 8","  39.5"," 8","1017.9"," 8","014.6"," 8","  7.8"," 8","  3.4"," 8","  8.9","999.9","  55.6"," ","  29.1"," "," 0.00","G","999.9","000000"
"93773099999","2019-10-07","-44.3","171.2333333","27.0","TIMARU AERODROME AWS, NZ","  51.9"," 8","  46.8"," 8","1010.3"," 8","007.0"," 8","  9.3"," 8","  2.3"," 8","  6.0","999.9","  62.8"," ","  31.8"," "," 0.00","G","999.9","000000"
"93773099999","2019-10-08","-44.3","171.2333333","27.0","TIMARU AERODROME AWS, NZ","  53.5"," 8","  48.7"," 8","1011.3"," 8","008.0"," 8","  8.5"," 8","  3.3"," 8","  8.0","999.9","  65.5"," ","  45.0"," "," 0.00","G","999.9","000000"
"93773099999","2019-10-09","-44.3","171.2333333","27.0","TIMARU AERODROME AWS, NZ","  51.9"," 8","  49.2"," 8","1010.5"," 8","007.2"," 8","  6.4"," 8","  4.6"," 8","  9.9","999.9","  59.4"," ","  44.4"," "," 0.00","G","999.9","000000"
"93773099999","2019-10-10","-44.3","171.2333333","27.0","TIMARU AERODROME AWS, NZ","  50.2"," 8","  47.7"," 8","1010.0"," 8","006.7"," 8"," 10.9"," 8","  9.1"," 8"," 13.0","999.9","  55.0"," ","  47.5"," "," 0.00","G","999.9","000000"
"93773099999","2019-10-11","-44.3","171.2333333","27.0","TIMARU AERODROME AWS, NZ","  49.8"," 8","  47.2"," 8","1014.0"," 8","010.7"," 8","  9.0"," 8","  8.1"," 8"," 12.0","999.9","  57.9"," ","  45.5","*"," 0.00","G","999.9","000000"
"93773099999","2019-10-12","-44.3","171.2333333","27.0","TIMARU AERODROME AWS, NZ","  47.2"," 8","  45.4"," 8","1021.4"," 8","018.1"," 8","  6.5"," 8","  5.3"," 8","  9.9","999.9","  52.7"," ","  44.8","*"," 0.03","G","999.9","000000"
"93773099999","2019-10-13","-44.3","171.2333333","27.0","TIMARU AERODROME AWS, NZ","  50.1"," 8","  47.6"," 8","1020.6"," 8","017.2"," 8"," 10.1"," 8","  3.5"," 8","  7.0","999.9","  53.6"," ","  44.4"," "," 0.09","G","999.9","000000"
"93773099999","2019-10-14","-44.3","171.2333333","27.0","TIMARU AERODROME AWS, NZ","  50.3"," 8","  47.5"," 8","1016.5"," 8","013.1"," 8"," 10.1"," 8","  4.7"," 8","  8.0","999.9","  57.6"," ","  45.3","*"," 0.00","G","999.9","000000"
"93773099999","2019-10-15","-44.3","171.2333333","27.0","TIMARU AERODROME AWS, NZ","  48.2"," 8","  44.7"," 8","1010.9"," 8","007.5"," 8","  7.1"," 8","  4.5"," 8","  8.0","999.9","  55.8"," ","  39.7","*"," 0.00","G","999.9","000000"
"93773099999","2019-10-16","-44.3","171.2333333","27.0","TIMARU AERODROME AWS, NZ","  50.3"," 8","  46.7"," 8","1005.8"," 8","002.6"," 8","  8.2"," 8","  3.4"," 8","  8.0","999.9","  59.2"," ","  37.8"," "," 0.00","G","999.9","000000"
"93773099999","2019-10-17","-44.3","171.2333333","27.0","TIMARU AERODROME AWS, NZ","  49.7"," 8","  46.2"," 8","1012.1"," 8","008.8"," 8","  6.1"," 8","  5.0"," 8","  9.9","999.9","  61.9"," ","  39.0"," "," 0.00","G","999.9","000000"
"93773099999","2019-10-18","-44.3","171.2333333","27.0","TIMARU AERODROME AWS, NZ","  47.1"," 8","  45.3"," 8","1004.3"," 8","001.0"," 8","  7.1"," 8","  4.0"," 8","  6.0","999.9","  55.0","*","  38.3","*"," 0.24","G","999.9","000000"
"93773099999","2019-10-19","-44.3","171.2333333","27.0","TIMARU AERODROME AWS, NZ","  52.0"," 8","  43.4"," 8","1007.5"," 8","004.2"," 8"," 12.4"," 8","  4.3"," 8","  9.9","999.9","  66.2"," ","  38.1"," "," 0.98","G","999.9","000000"
"93773099999","2019-10-20","-44.3","171.2333333","27.0","TIMARU AERODROME AWS, NZ","  56.5"," 8","  43.1"," 8","1002.4"," 8","999.2"," 8"," 10.9"," 8","  5.3"," 8"," 11.1","999.9","  71.1"," ","  37.8"," "," 0.00","G","999.9","000000"
"93773099999","2019-10-21","-44.3","171.2333333","27.0","TIMARU AERODROME AWS, NZ","  46.7"," 8","  40.5"," 8","1000.6"," 8","997.3"," 8"," 11.7"," 8","  6.1"," 8"," 14.0","999.9","  55.6"," ","  38.5","*"," 0.00","G","999.9","000000"
"93773099999","2019-10-22","-44.3","171.2333333","27.0","TIMARU AERODROME AWS, NZ","  44.4"," 8","  37.6"," 8","1000.4"," 8","997.1"," 8","  9.6"," 8","  8.0"," 8"," 19.0","999.9","  54.9"," ","  33.3","*"," 0.00","G","999.9","000000"
"93773099999","2019-10-23","-44.3","171.2333333","27.0","TIMARU AERODROME AWS, NZ","  46.8"," 8","  39.2"," 8","1000.9"," 8","997.6"," 8"," 10.9"," 8","  5.3"," 8","  9.9","999.9","  57.0"," ","  32.0"," "," 0.31","G","999.9","000000"
"93773099999","2019-10-24","-44.3","171.2333333","27.0","TIMARU AERODROME AWS, NZ","  45.5"," 8","  36.8"," 8","1002.7"," 8","999.4"," 8"," 12.4"," 8","  6.9"," 8"," 14.0","999.9","  59.7"," ","  33.3","*"," 0.09","G","999.9","000000"
"93773099999","2019-10-25","-44.3","171.2333333","27.0","TIMARU AERODROME AWS, NZ","  46.9"," 8","  41.9"," 8","1008.2"," 8","004.9"," 8","  6.5"," 8","  4.2"," 8"," 11.1","999.9","  57.0"," ","  31.8"," "," 0.00","G","999.9","000000"
"93773099999","2019-10-26","-44.3","171.2333333","27.0","TIMARU AERODROME AWS, NZ","  62.6"," 8","  48.0"," 8","1001.2"," 8","998.0"," 8"," 10.1"," 8","  7.3"," 8"," 17.1","999.9","  78.3"," ","  35.1"," "," 0.00","G","999.9","000000"
"93773099999","2019-10-27","-44.3","171.2333333","27.0","TIMARU AERODROME AWS, NZ","  58.0"," 8","  46.2"," 8","1001.4"," 8","998.1"," 8"," 10.1"," 8","  7.0"," 8"," 15.0","999.9","  77.7"," ","  43.9","*"," 0.00","G","999.9","000000"
"93773099999","2019-10-28","-44.3","171.2333333","27.0","TIMARU AERODROME AWS, NZ","  49.6"," 8","  43.4"," 8","1006.9"," 8","003.6"," 8","  8.1"," 8","  5.5"," 8"," 11.1","999.9","  64.9"," ","  40.3","*"," 0.00","G","999.9","000000"
"93773099999","2019-10-29","-44.3","171.2333333","27.0","TIMARU AERODROME AWS, NZ","  45.9"," 8","  41.9"," 8","1007.8"," 8","004.4"," 8"," 10.9"," 8","  4.3"," 8","  8.9","999.9","  61.7"," ","  36.7","*"," 0.00","G","999.9","000000"
"93773099999","2019-10-30","-44.3","171.2333333","27.0","TIMARU AERODROME AWS, NZ","  49.1"," 8","  39.0"," 8","1006.4"," 8","003.1"," 8"," 11.7"," 8","  7.2"," 8"," 22.0","999.9","  75.4"," ","  32.9","*"," 0.09","G","999.9","000000"
"93773099999","2019-10-31","-44.3","171.2333333","27.0","TIMARU AERODROME AWS, NZ","  50.4"," 8","  42.4"," 8","1009.3"," 8","006.0"," 8","  9.3"," 8","  5.0"," 8","  8.9","999.9","  66.2"," ","  32.0"," "," 0.02","G","999.9","000000"
"93773099999","2019-11-01","-44.3","171.2333333","27.0","TIMARU AERODROME AWS, NZ","  51.6"," 8","  44.2"," 8","1016.8"," 8","013.5"," 8","  7.0"," 8","  3.9"," 8","  7.0","999.9","  59.5"," ","  36.0"," "," 0.00","G","999.9","000000"
"93773099999","2019-11-02","-44.3","171.2333333","27.0","TIMARU AERODROME AWS, NZ","  68.9"," 8","  54.8"," 8","1016.1"," 8","012.8"," 8"," 10.9"," 8","  3.8"," 8","  8.0","999.9","  86.5"," ","  41.5"," "," 0.00","G","999.9","000000"
"93773099999","2019-11-03","-44.3","171.2333333","27.0","TIMARU AERODROME AWS, NZ","  63.3"," 8","  51.6"," 8","1015.8"," 8","012.5"," 8"," 10.9"," 8","  3.9"," 8","  7.0","999.9","  83.3"," ","  46.6","*"," 0.00","G","999.9","000000"
"93773099999","2019-11-04","-44.3","171.2333333","27.0","TIMARU AERODROME AWS, NZ","  59.2"," 8","  52.4"," 8","1008.8"," 8","005.5"," 8","  5.7"," 8","  4.2"," 8","  7.0","999.9","  78.3"," ","  43.0"," "," 0.00","G","999.9","000000"
"93773099999","2019-11-05","-44.3","171.2333333","27.0","TIMARU AERODROME AWS, NZ","  56.2"," 8","  52.7"," 8","1008.2"," 8","004.9"," 8","  8.1"," 8","  5.9"," 8"," 12.0","999.9","  64.8"," ","  47.7"," "," 0.00","G","999.9","000000"
"93773099999","2019-11-06","-44.3","171.2333333","27.0","TIMARU AERODROME AWS, NZ","  53.4"," 8","  51.5"," 8","1008.4"," 8","005.1"," 8","  9.6"," 8","  3.1"," 8","  5.1","999.9","  57.7","*","  49.1"," "," 0.15","G","999.9","000000"
"93773099999","2019-11-07","-44.3","171.2333333","27.0","TIMARU AERODROME AWS, NZ","  60.0"," 6","  52.4"," 6","1003.1"," 6","999.8"," 6","  6.3"," 6","  4.8"," 6","  8.9","999.9","  71.6","*","  51.6"," "," 0.01","G","999.9","000000"
"93773099999","2019-11-08","-44.3","171.2333333","27.0","TIMARU AERODROME AWS, NZ","  65.0"," 8","  42.5"," 8","1001.5"," 8","998.3"," 8"," 11.7"," 8","  5.2"," 8"," 11.1","999.9","  83.3"," ","  48.4"," "," 0.00","G","999.9","000000"
"93773099999","2019-11-09","-44.3","171.2333333","27.0","TIMARU AERODROME AWS, NZ","  65.1"," 8","  49.4"," 8"," 993.7"," 8","990.5"," 8"," 12.4"," 8"," 11.3"," 8"," 17.1","999.9","  81.5"," ","  47.7"," "," 0.00","G","999.9","000000"
"93773099999","2019-11-10","-44.3","171.2333333","27.0","TIMARU AERODROME AWS, NZ","  49.9"," 8","  46.8"," 8"," 996.1"," 8","992.8"," 8","  9.2"," 8","  8.0"," 8"," 14.0","999.9","  57.9"," ","  46.6","*"," 0.01","G","999.9","000000"
"93773099999","2019-11-11","-44.3","171.2333333","27.0","TIMARU AERODROME AWS, NZ","  48.3"," 8","  42.9"," 8","1001.2"," 8","997.9"," 8"," 10.9"," 8","  4.3"," 8","  9.9","999.9","  56.5"," ","  40.8","*"," 0.42","G","999.9","000000"
"93773099999","2019-11-12","-44.3","171.2333333","27.0","TIMARU AERODROME AWS, NZ","  50.6"," 8","  45.0"," 8","1003.4"," 8","000.2"," 8","  8.5"," 8","  5.0"," 8"," 11.1","999.9","  58.8"," ","  39.6"," "," 0.00","G","999.9","000000"
"93773099999","2019-11-13","-44.3","171.2333333","27.0","TIMARU AERODROME AWS, NZ","  59.4"," 8","  48.7"," 8"," 991.8"," 8","988.6"," 8","  8.9"," 8","  9.0"," 8"," 17.1","999.9","  76.5"," ","  40.8"," "," 0.00","G","999.9","000000"
"93773099999","2019-11-14","-44.3","171.2333333","27.0","TIMARU AERODROME AWS, NZ","  51.2"," 7","  44.9"," 7"," 996.2"," 7","992.9"," 7"," 11.5"," 7","  5.7"," 7","  9.9","999.9","  60.1"," ","  41.4","*"," 0.59","G","999.9","000000"
"93773099999","2019-11-15","-44.3","171.2333333","27.0","TIMARU AERODROME AWS, NZ","  56.9"," 8","  50.0"," 8"," 999.6"," 8","996.3"," 8"," 12.4"," 8","  5.2"," 8","  9.9","999.9","  67.8","*","  45.1","*"," 0.00","G","999.9","000000"
"93773099999","2019-11-16","-44.3","171.2333333","27.0","TIMARU AERODROME AWS, NZ","  57.4"," 8","  45.5"," 8","1003.6"," 8","000.3"," 8","  9.3"," 8","  8.7"," 8"," 17.1","999.9","  76.3"," ","  44.1"," "," 0.00","G","999.9","000000"
"93773099999","2019-11-17","-44.3","171.2333333","27.0","TIMARU AERODROME AWS, NZ","  55.2"," 8","  48.0"," 8","1001.7"," 8","998.4"," 8"," 10.1"," 8","  4.5"," 8"," 11.1","999.9","  67.6"," ","  40.8"," "," 0.00","G","999.9","000000"
"93773099999","2019-11-18","-44.3","171.2333333","27.0","TIMARU AERODROME AWS, NZ","  46.8"," 8","  40.9"," 8","1002.0"," 8","998.7"," 8"," 10.4"," 8","  5.2"," 8","  9.9","999.9","  57.2"," ","  38.5","*"," 0.01","G","999.9","000000"
"93773099999","2019-11-19","-44.3","171.2333333","27.0","TIMARU AERODROME AWS, NZ","  55.5"," 8","  44.7"," 8"," 998.7"," 8","995.5"," 8"," 11.7"," 8","  7.0"," 8"," 14.0","999.9","  67.3"," ","  36.5"," "," 0.06","G","999.9","000000"
"93773099999","2019-11-20","-44.3","171.2333333","27.0","TIMARU AERODROME AWS, NZ","  46.1"," 8","  41.7"," 8","1011.8"," 8","008.4"," 8"," 10.9"," 8","  6.1"," 8"," 12.0","999.9","  59.4"," ","  37.6","*"," 0.00","G","999.9","000000"
"93773099999","2019-11-21","-44.3","171.2333333","27.0","TIMARU AERODROME AWS, NZ","  57.6"," 8","  45.2"," 8","1012.0"," 8","008.8"," 8"," 11.7"," 8","  4.3"," 8","  6.0","999.9","  68.7"," ","  34.3"," "," 0.10","G","999.9","000000"
"93773099999","2019-11-22","-44.3","171.2333333","27.0","TIMARU AERODROME AWS, NZ","  67.5"," 8","  48.2"," 8","1011.3"," 8","008.1"," 8","  9.5"," 8","  7.6"," 8"," 17.1","999.9","  84.4"," ","  47.1"," "," 0.00","G","999.9","000000"
"93773099999","2019-11-23","-44.3","171.2333333","27.0","TIMARU AERODROME AWS, NZ","  56.8"," 7","  52.7"," 7","1011.3"," 7","008.0"," 7","  6.2"," 7","  5.0"," 7","  7.0","999.9","  69.8","*","  51.1","*"," 0.00","G","999.9","000000"
"93773099999","2019-11-24","-44.3","171.2333333","27.0","TIMARU AERODROME AWS, NZ","  56.1"," 8","  47.9"," 8","1014.3"," 8","011.0"," 8","  6.2"," 8","  6.7"," 8"," 21.0","999.9","  84.6"," ","  47.7","*"," 0.00","G","999.9","000000"
"93773099999","2019-11-25","-44.3","171.2333333","27.0","TIMARU AERODROME AWS, NZ","  56.4"," 8","  48.0"," 8","1014.0"," 8","010.8"," 8","  7.8"," 8","  4.5"," 8","  9.9","999.9","  65.3"," ","  44.1"," "," 0.00","G","999.9","000000"
"93773099999","2019-11-26","-44.3","171.2333333","27.0","TIMARU AERODROME AWS, NZ","  62.9"," 7","  54.6"," 7","1005.9"," 7","002.7"," 7","  8.9"," 7","  2.6"," 7","  4.1","999.9","  73.9"," ","  43.3"," "," 0.00","G","999.9","000000"
"93773099999","2019-11-27","-44.3","171.2333333","27.0","TIMARU AERODROME AWS, NZ","  67.5"," 8","  53.9"," 8","1004.6"," 8","001.4"," 8"," 11.7"," 8","  3.6"," 8","  5.1","999.9","  81.1"," ","  51.3"," "," 0.00","G","999.9","000000"
"93773099999","2019-11-28","-44.3","171.2333333","27.0","TIMARU AERODROME AWS, NZ","  64.3"," 8","  53.7"," 8","1010.9"," 8","007.7"," 8","  8.7"," 8","  6.7"," 8"," 15.0","999.9","  87.1"," ","  50.5","*"," 0.00","G","999.9","000000"
"93773099999","2019-11-29","-44.3","171.2333333","27.0","TIMARU AERODROME AWS, NZ","  54.1"," 8","  51.2"," 8","1020.4"," 8","017.1"," 8","  5.7"," 8","  3.6"," 8","  7.0","999.9","  59.0"," ","  47.1"," "," 0.08","G","999.9","000000"
"93773099999","2019-11-30","-44.3","171.2333333","27.0","TIMARU AERODROME AWS, NZ","  59.9"," 8","  55.9"," 8","1006.4"," 8","003.1"," 8","  7.1"," 8","  3.9"," 8","  7.0","999.9","  69.3"," ","  51.8"," "," 0.02","G","999.9","000000"
"93773099999","2019-12-01","-44.3","171.2333333","27.0","TIMARU AERODROME AWS, NZ","  64.6"," 8","  45.8"," 8"," 998.1"," 8","994.9"," 8"," 10.4"," 8"," 10.3"," 8"," 22.9","999.9","  81.3"," ","  49.5","*"," 0.00","G","999.9","000000"
"93773099999","2019-12-02","-44.3","171.2333333","27.0","TIMARU AERODROME AWS, NZ","  61.2"," 8","  52.1"," 8"," 992.6"," 8","989.4"," 8","  8.5"," 8","  5.0"," 8","  8.9","999.9","  74.1","*","  45.9"," "," 0.00","G","999.9","000000"
"93773099999","2019-12-03","-44.3","171.2333333","27.0","TIMARU AERODROME AWS, NZ","  63.2"," 8","  41.4"," 8"," 989.1"," 8","986.0"," 8"," 12.4"," 8"," 10.4"," 8"," 21.0","999.9","  82.0"," ","  44.6","*"," 0.00","G","999.9","000000"
"93773099999","2019-12-04","-44.3","171.2333333","27.0","TIMARU AERODROME AWS, NZ","  56.7"," 8","  40.5"," 8"," 995.0"," 8","991.8"," 8"," 10.9"," 8"," 10.5"," 8"," 22.9","999.9","  76.1"," ","  42.3","*"," 0.00","G","999.9","000000"
"93773099999","2019-12-05","-44.3","171.2333333","27.0","TIMARU AERODROME AWS, NZ","  62.5"," 8","  40.8"," 8"," 998.8"," 8","995.6"," 8"," 11.7"," 8","  6.4"," 8"," 12.0","999.9","  73.6"," ","  39.9"," "," 0.00","G","999.9","000000"
"93773099999","2019-12-06","-44.3","171.2333333","27.0","TIMARU AERODROME AWS, NZ","  60.4"," 8","  51.8"," 8","1000.8"," 8","997.6"," 8","  7.9"," 8"," 12.6"," 8"," 22.0","999.9","  76.1"," ","  44.4"," "," 0.00","G","999.9","000000"
"93773099999","2019-12-07","-44.3","171.2333333","27.0","TIMARU AERODROME AWS, NZ","  63.3"," 8","  43.7"," 8","1000.8"," 8","997.6"," 8"," 12.4"," 8","  9.6"," 8"," 21.0","999.9","  77.7"," ","  52.7","*"," 1.45","G","999.9","000000"
"93773099999","2019-12-08","-44.3","171.2333333","27.0","TIMARU AERODROME AWS, NZ","  57.3"," 8","  43.3"," 8","1005.5"," 8","002.3"," 8"," 12.4"," 8","  7.6"," 8"," 19.0","999.9","  72.9"," ","  47.3","*"," 0.00","G","999.9","000000"
"93773099999","2019-12-09","-44.3","171.2333333","27.0","TIMARU AERODROME AWS, NZ","  55.2"," 8","  45.5"," 8","1017.1"," 8","013.8"," 8"," 12.4"," 8","  4.5"," 8","  9.9","999.9","  63.9"," ","  42.3"," "," 0.00","G","999.9","000000"
"93773099999","2019-12-10","-44.3","171.2333333","27.0","TIMARU AERODROME AWS, NZ","  59.5"," 8","  51.8"," 8","1014.0"," 8","010.8"," 8"," 10.1"," 8","  4.3"," 8","  9.9","999.9","  66.9"," ","  47.5"," "," 0.00","G","999.9","000000"
"93773099999","2019-12-11","-44.3","171.2333333","27.0","TIMARU AERODROME AWS, NZ","  61.7"," 8","  54.5"," 8","1015.2"," 8","011.9"," 8","  9.3"," 8","  4.2"," 8","  8.0","999.9","  70.2"," ","  51.1"," "," 0.00","G","999.9","000000"
"93773099999","2019-12-12","-44.3","171.2333333","27.0","TIMARU AERODROME AWS, NZ","  58.0"," 8","  53.4"," 8","1006.5"," 8","003.3"," 8","  8.1"," 8","  4.0"," 8","  9.9","999.9","  69.3"," ","  50.7","*"," 0.00","G","999.9","000000"
"93773099999","2019-12-13","-44.3","171.2333333","27.0","TIMARU AERODROME AWS, NZ","  60.1"," 8","  54.1"," 8"," 999.5"," 8","996.2"," 8","  8.5"," 8","  5.4"," 8"," 15.9","999.9","  72.7"," ","  50.5"," "," 0.00","G","999.9","000000"
"93773099999","2019-12-14","-44.3","171.2333333","27.0","TIMARU AERODROME AWS, NZ","  58.2"," 8","  46.6"," 8","1003.1"," 8","999.9"," 8"," 11.7"," 8","  6.3"," 8"," 17.1","999.9","  70.3"," ","  46.6","*"," 0.00","G","999.9","000000"
"93773099999","2019-12-15","-44.3","171.2333333","27.0","TIMARU AERODROME AWS, NZ","  57.0"," 8","  48.9"," 8","1006.5"," 8","003.2"," 8"," 11.7"," 8","  8.1"," 8"," 22.0","999.9","  72.5"," ","  46.2"," "," 0.00","G","999.9","000000"
"93773099999","2019-12-16","-44.3","171.2333333","27.0","TIMARU AERODROME AWS, NZ","  55.3"," 8","  52.6"," 8","1006.2"," 8","002.9"," 8","  6.7"," 8","  7.5"," 8"," 14.0","999.9","  59.7"," ","  49.6"," "," 0.00","G","999.9","000000"
"93773099999","2019-12-17","-44.3","171.2333333","27.0","TIMARU AERODROME AWS, NZ","  51.3"," 8","  46.4"," 8","1002.5"," 8","999.3"," 8","  9.6"," 8","  8.7"," 8"," 15.9","999.9","  57.6","*","  47.3","*"," 0.89","G","999.9","000000"
"93773099999","2019-12-18","-44.3","171.2333333","27.0","TIMARU AERODROME AWS, NZ","  52.7"," 8","  44.2"," 8","1002.9"," 8","999.6"," 8"," 11.7"," 8","  6.5"," 8"," 15.0","999.9","  66.9"," ","  42.8","*"," 0.16","G","999.9","000000"
"93773099999","2019-12-19","-44.3","171.2333333","27.0","TIMARU AERODROME AWS, NZ","  61.4"," 8","  41.9"," 8"," 992.4"," 8","989.2"," 8"," 11.7"," 8","  9.6"," 8"," 15.0","999.9","  73.0"," ","  40.8"," "," 0.00","G","999.9","000000"
"93773099999","2019-12-20","-44.3","171.2333333","27.0","TIMARU AERODROME AWS, NZ","  51.1"," 8","  43.2"," 8","1008.2"," 8","004.9"," 8"," 11.7"," 8","  6.4"," 8"," 12.0","999.9","  65.7"," ","  40.3","*"," 0.00","G","999.9","000000"
"93773099999","2019-12-21","-44.3","171.2333333","27.0","TIMARU AERODROME AWS, NZ","  55.4"," 8","  47.8"," 8","1010.8"," 8","007.5"," 8"," 10.9"," 8","  4.8"," 8","  8.9","999.9","  62.2","*","  37.9"," "," 0.00","G","999.9","000000"
"93773099999","2019-12-22","-44.3","171.2333333","27.0","TIMARU AERODROME AWS, NZ","  58.8"," 8","  49.7"," 8","1009.2"," 8","005.9"," 8"," 10.1"," 8","  6.6"," 8"," 22.0","999.9","  74.5"," ","  49.1"," "," 0.00","G","999.9","000000"
"93773099999","2019-12-23","-44.3","171.2333333","27.0","TIMARU AERODROME AWS, NZ","  57.1"," 8","  46.5"," 8","1014.5"," 8","011.2"," 8"," 10.1"," 8","  7.3"," 8"," 13.0","999.9","  64.2"," ","  51.1"," "," 0.00","G","999.9","000000"
"93773099999","2019-12-24","-44.3","171.2333333","27.0","TIMARU AERODROME AWS, NZ","  57.4"," 8","  50.7"," 8","1014.3"," 8","011.0"," 8","  7.8"," 8","  5.0"," 8","  8.0","999.9","  63.9"," ","  51.8"," "," 0.00","G","999.9","000000"
"93773099999","2019-12-25","-44.3","171.2333333","27.0","TIMARU AERODROME AWS, NZ","  55.2"," 8","  50.2"," 8","1018.5"," 8","015.2"," 8","  8.1"," 8","  5.0"," 8","  8.9","999.9","  64.2"," ","  44.4","*"," 0.04","G","999.9","000000"
"93773099999","2019-12-26","-44.3","171.2333333","27.0","TIMARU AERODROME AWS, NZ","  59.5"," 8","  55.1"," 8","1014.0"," 8","010.7"," 8","  7.0"," 8","  5.5"," 8","  9.9","999.9","  68.0"," ","  43.3"," "," 0.00","G","999.9","000000"
"93773099999","2019-12-27","-44.3","171.2333333","27.0","TIMARU AERODROME AWS, NZ","  58.6"," 8","  45.9"," 8","1007.6"," 8","004.3"," 8","  9.3"," 8","  6.9"," 8"," 15.9","999.9","  76.6"," ","  43.2","*"," 0.25","G","999.9","000000"
"93773099999","2019-12-28","-44.3","171.2333333","27.0","TIMARU AERODROME AWS, NZ","  54.9"," 8","  44.9"," 8","1014.4"," 8","011.1"," 8"," 10.1"," 8","  5.1"," 8","  8.9","999.9","  64.4"," ","  38.7"," "," 0.00","G","999.9","000000"
"93773099999","2019-12-29","-44.3","171.2333333","27.0","TIMARU AERODROME AWS, NZ","  60.2"," 8","  55.5"," 8","1008.3"," 8","005.1"," 8","  7.1"," 8","  5.0"," 8","  8.0","999.9","  73.4"," ","  41.2"," "," 0.00","G","999.9","000000"
"93773099999","2019-12-30","-44.3","171.2333333","27.0","TIMARU AERODROME AWS, NZ","  58.2"," 8","  54.1"," 8","1014.8"," 8","011.5"," 8","  8.5"," 8","  4.9"," 8","  8.9","999.9","  64.6"," ","  50.9"," "," 0.02","G","999.9","000000"
"93773099999","2019-12-31","-44.3","171.2333333","27.0","TIMARU AERODROME AWS, NZ","  65.4"," 8","  57.0"," 8","1010.3"," 8","007.1"," 8","  8.5"," 8","  5.3"," 8","  8.0","999.9","  73.0","*","  54.9"," "," 0.00","G","999.9","000000"
